Entry number,Entry ID,Source,Street field,Authoritative locality field(s),Lookup street,Lookup locality,Lookup key,Duplicate lookup reused,Original collector category,Original collector status,Review category,Status,Hydrants pill,Reviewed resolution,Resolution confidence,Approximate vicinity anchor,Anchor key,Query attempted,Matched official address,Method used,Score,Latitude,Longitude,Manual override,Notes / unresolved reason,Secondary evidence,Fallback address when grey
1,BLACKWOOD MAIN-1,BLACKWOOD MAIN,ACACIA ROAD,HAWTHORNDENE,ACACIA ROAD,HAWTHORNDENE,ACACIA ROAD|HAWTHORNDENE,No,Ambiguous,Ambiguous,Official candidate salvage,Reviewed resolution,Active,Yes,High,No,,"ACACIA ROAD, HAWTHORNDENE SA","6 ACACIA ROAD, HAWTHORNDENE, SOUTH AUSTRALIA, 5051",Reviewed street-only,100,-35.01778267216052,138.62171926254342,No,Lowest valid numbered address returned by the official SAGAF_PLUS street-only search; exact street and locality were already validated by the collector.,,
2,BLACKWOOD MAIN-2,BLACKWOOD MAIN,ACHERON AVENUE,HAWTHORNDENE,ACHERON AVENUE,HAWTHORNDENE,ACHERON AVENUE|HAWTHORNDENE,No,Accepted,Accepted,Accepted,Accepted,Active,No,,No,,"1 ACHERON AVENUE, HAWTHORNDENE SA","1 ACHERON AVENUE, HAWTHORNDENE, SOUTH AUSTRALIA, 5051",No. 1,100,-35.0218091394682,138.63523118672106,No,,,
3,CORO STREETS-1,CORO STREETS,ACKLAND HILL ROAD,COROMANDEL VALLEY,ACKLAND HILL ROAD,COROMANDEL VALLEY,ACKLAND HILL ROAD|COROMANDEL VALLEY,No,Accepted,Accepted,Accepted,Accepted,Active,No,,No,,"2 ACKLAND HILL ROAD, COROMANDEL VALLEY SA","2 ACKLAND HILL ROAD, COROMANDEL VALLEY, SOUTH AUSTRALIA, 5051",No. 2,100,-35.0385029245131,138.63010146559213,No,,,
4,CORO EAST & CHERRY-1,CORO EAST & CHERRY,ACKLAND HILL ROAD,COROMANDEL VALLEY · CHERRY GARDENS · IRON BANK · CORO EAST,,,,No,Ambiguous,Ambiguous authoritative locality fields,Reviewed multi-locality vicinity anchor,Reviewed resolution,Active,Yes,Moderate,Yes,ACKLAND HILL ROAD|COROMANDEL VALLEY,"2 ACKLAND HILL ROAD, COROMANDEL VALLEY SA","2 ACKLAND HILL ROAD, COROMANDEL VALLEY, SOUTH AUSTRALIA, 5051",Reviewed Directions route vicinity anchor,100,-35.0385029245131,138.63010146559213,No,The Directions entry spans multiple locality fields. A reviewed official approach point (ACKLAND HILL ROAD|COROMANDEL VALLEY) was selected without merging it with other same-name street records.,,
5,BLACKWOOD MAIN-3,BLACKWOOD MAIN,ACORN AVENUE,BLACKWOOD,ACORN AVENUE,BLACKWOOD,ACORN AVENUE|BLACKWOOD,No,Accepted,Accepted,Accepted,Accepted,Active,No,,No,,"1 ACORN AVENUE, BLACKWOOD SA","1 ACORN AVENUE, BLACKWOOD, SOUTH AUSTRALIA, 5051",No. 1,100,-35.00687269794146,138.619679968476,No,,,
6,BLACKWOOD MAIN-4,BLACKWOOD MAIN,ACORN ROAD,HAWTHORNDENE,ACORN ROAD,HAWTHORNDENE,ACORN ROAD|HAWTHORNDENE,No,Ambiguous,Ambiguous,Official candidate salvage,Reviewed resolution,Active,Yes,High,No,,"ACORN ROAD, HAWTHORNDENE SA","3 ACORN ROAD, HAWTHORNDENE, SOUTH AUSTRALIA, 5051",Reviewed street-only,100,-35.020175427263496,138.62149779349997,No,Lowest valid numbered address returned by the official SAGAF_PLUS street-only search; exact street and locality were already validated by the collector.,,
7,BLACKWOOD MAIN-5,BLACKWOOD MAIN,ADAM AVENUE,BELLEVUE HEIGHTS,ADAM AVENUE,BELLEVUE HEIGHTS,ADAM AVENUE|BELLEVUE HEIGHTS,No,Accepted,Accepted,Accepted,Accepted,Active,No,,No,,"1 ADAM AVENUE, BELLEVUE HEIGHTS SA","1 ADAM AVENUE, BELLEVUE HEIGHTS, SOUTH AUSTRALIA, 5050",No. 1,100,-35.02902084749213,138.5912943968054,No,,,
8,BLACKWOOD MAIN-6,BLACKWOOD MAIN,ADAMSON AVENUE,BELAIR,ADAMSON AVENUE,BELAIR,ADAMSON AVENUE|BELAIR,No,Accepted,Accepted,Accepted,Accepted,Active,No,,No,,"1 ADAMSON AVENUE, BELAIR SA","1 ADAMSON AVENUE, BELAIR, SOUTH AUSTRALIA, 5052",No. 1,100,-34.997909338776445,138.6141023284303,No,,,
9,BLACKWOOD MAIN-7,BLACKWOOD MAIN,ADARE WALK,BELLEVUE HEIGHTS,ADARE WALK,BELLEVUE HEIGHTS,ADARE WALK|BELLEVUE HEIGHTS,No,Accepted,Accepted,Accepted,Accepted,Active,No,,No,,"1 ADARE WALK, BELLEVUE HEIGHTS SA","1 ADARE WALK, BELLEVUE HEIGHTS, SOUTH AUSTRALIA, 5050",No. 1,100,-35.02565843154116,138.57997688396895,No,,,
10,BLACKWOOD MAIN-8,BLACKWOOD MAIN,ADEY ROAD,BLACKWOOD,ADEY ROAD,BLACKWOOD,ADEY ROAD|BLACKWOOD,No,Accepted,Accepted,Accepted,Accepted,Active,No,,No,,"1 ADEY ROAD, BLACKWOOD SA","1 ADEY ROAD, BLACKWOOD, SOUTH AUSTRALIA, 5051",No. 1,100,-35.02544923668568,138.61751224015205,No,,,
11,BLACKWOOD MAIN-9,BLACKWOOD MAIN,AERIAL ROAD,BELAIR,AERIAL ROAD,BELAIR,AERIAL ROAD|BELAIR,No,Accepted,Accepted,Accepted,Accepted,Active,No,,No,,"1 AERIAL ROAD, BELAIR SA","1 AERIAL ROAD, BELAIR, SOUTH AUSTRALIA, 5052",No. 1,100,-34.99931037507048,138.61560280343542,No,,,
12,BLACKWOOD MAIN-10,BLACKWOOD MAIN,AGONIS COURT,BLACKWOOD,AGONIS COURT,BLACKWOOD,AGONIS COURT|BLACKWOOD,No,Accepted,Accepted,Accepted,Accepted,Active,No,,No,,"1 AGONIS COURT, BLACKWOOD SA","1 AGONIS COURT, BLACKWOOD, SOUTH AUSTRALIA, 5051",No. 1,100,-35.02991828630668,138.61174977574,No,,,
13,BLACKWOOD MAIN-11,BLACKWOOD MAIN,ALBERT PLACE,BLACKWOOD,ALBERT PLACE,BLACKWOOD,ALBERT PLACE|BLACKWOOD,No,Accepted,Accepted,Accepted,Accepted,Active,No,,No,,"1 ALBERT PLACE, BLACKWOOD SA","1 ALBERT PLACE, BLACKWOOD, SOUTH AUSTRALIA, 5051",No. 1,100,-35.015699440058,138.6199242070275,No,,,
14,BLACKWOOD PARK-1,BLACKWOOD PARK,ALEXANDRA PLACE,CRAIGBURN FARM,ALEXANDRA PLACE,CRAIGBURN FARM,ALEXANDRA PLACE|CRAIGBURN FARM,No,Accepted,Accepted,Accepted,Accepted,Active,No,,No,,"1 ALEXANDRA PLACE, CRAIGBURN FARM SA","1 ALEXANDRA PLACE, CRAIGBURN FARM, SOUTH AUSTRALIA, 5051",No. 1,100,-35.03331165455769,138.61956060644536,No,,,
15,BLACKWOOD MAIN-12,BLACKWOOD MAIN,ALISON AVENUE,BLACKWOOD,ALISON AVENUE,BLACKWOOD,ALISON AVENUE|BLACKWOOD,No,Ambiguous,Ambiguous,Official candidate salvage,Reviewed resolution,Active,Yes,High,No,,"ALISON AVENUE, BLACKWOOD SA","31 ALISON AVENUE, BLACKWOOD, SOUTH AUSTRALIA, 5051",Reviewed street-only,100,-35.03219452556752,138.61113980196495,No,Lowest valid numbered address returned by the official SAGAF_PLUS street-only search; exact street and locality were already validated by the collector.,,
16,CORO STREETS-2,CORO STREETS,ALMOND COURT,COROMANDEL VALLEY,ALMOND COURT,COROMANDEL VALLEY,ALMOND COURT|COROMANDEL VALLEY,No,Accepted,Accepted,Accepted,Accepted,Active,No,,No,,"1 ALMOND COURT, COROMANDEL VALLEY SA","1 ALMOND COURT, COROMANDEL VALLEY, SOUTH AUSTRALIA, 5051",No. 1,100,-35.05333298974428,138.61875424566313,No,,,
17,BLACKWOOD MAIN-13,BLACKWOOD MAIN,ALPHA ROAD,BELLEVUE HEIGHTS,ALPHA ROAD,BELLEVUE HEIGHTS,ALPHA ROAD|BELLEVUE HEIGHTS,No,Accepted,Accepted,Accepted,Accepted,Active,No,,No,,"2 ALPHA ROAD, BELLEVUE HEIGHTS SA","2 ALPHA ROAD, BELLEVUE HEIGHTS, SOUTH AUSTRALIA, 5050",No. 2,100,-35.030644953810636,138.5894319221992,No,,,
18,BLACKWOOD MAIN-14,BLACKWOOD MAIN,ALTA MIRA CRESCENT,BELAIR,ALTA MIRA CRESCENT,BELAIR,ALTA MIRA CRESCENT|BELAIR,No,Accepted,Accepted,Accepted,Accepted,Active,No,,No,,"1 ALTA MIRA CRESCENT, BELAIR SA","1 ALTA MIRA CRESCENT, BELAIR, SOUTH AUSTRALIA, 5052",No. 1,100,-34.99794100262362,138.62600882440154,No,,,
19,BLACKWOOD MAIN-15,BLACKWOOD MAIN,ALTON AVENUE,TORRENS PARK,ALTON AVENUE,TORRENS PARK,ALTON AVENUE|TORRENS PARK,No,Accepted,Accepted,Accepted,Accepted,Active,No,,No,,"1 ALTON AVENUE, TORRENS PARK SA","1 ALTON AVENUE, TORRENS PARK, SOUTH AUSTRALIA, 5062",No. 1,100,-34.991198204156724,138.61228290242528,No,,,
20,BLACKWOOD MAIN-16,BLACKWOOD MAIN,AMBROSE STREET,BELAIR,AMBROSE STREET,BELAIR,AMBROSE STREET|BELAIR,No,Failed,Failed,Reviewed vicinity anchor,Reviewed resolution,Active,Yes,Moderate,Yes,LINDSAY TERRACE|BELAIR,"1 LINDSAY TERRACE, BELAIR SA","1 LINDSAY TERRACE, BELAIR, SOUTH AUSTRALIA, 5052",Reviewed Directions route vicinity anchor,100,-34.99863618416719,138.6313628607624,No,Ambrose Street is a small lane off the Upper Sturt Road/Lindsay Terrace area; use the reviewed official Lindsay Terrace approach point.,https://www.homely.com.au/ambrose-street-belair-mitcham-adelaide-greater-south-australia | https://www.realestate.com.au/sold/property-house-sa-belair-143686908,
21,BLACKWOOD MAIN-17,BLACKWOOD MAIN,ANDERSON AVENUE,HAWTHORNDENE,ANDERSON AVENUE,HAWTHORNDENE,ANDERSON AVENUE|HAWTHORNDENE,No,Accepted,Accepted,Accepted,Accepted,Active,No,,No,,"1 ANDERSON AVENUE, HAWTHORNDENE SA","1 ANDERSON AVENUE, HAWTHORNDENE, SOUTH AUSTRALIA, 5051",No. 1,100,-35.022873436084154,138.637071069706,No,,,
22,BLACKWOOD MAIN-18,BLACKWOOD MAIN,ANDERSON AVENUE,MITCHAM,ANDERSON AVENUE,MITCHAM,ANDERSON AVENUE|MITCHAM,No,Accepted,Accepted,Accepted,Accepted,Active,No,,No,,"ANDERSON AVENUE, MITCHAM SA","1-13 ANDERSON AVENUE, MITCHAM, SOUTH AUSTRALIA, 5062",street-only,100,-34.986777717627184,138.61856959918353,No,,,
23,CORO STREETS-3,CORO STREETS,ANNE STREET,COROMANDEL VALLEY,ANNE STREET,COROMANDEL VALLEY,ANNE STREET|COROMANDEL VALLEY,No,Accepted,Accepted,Accepted,Accepted,Active,No,,No,,"1 ANNE STREET, COROMANDEL VALLEY SA","1 ANNE STREET, COROMANDEL VALLEY, SOUTH AUSTRALIA, 5051",No. 1,100,-35.05245707523032,138.61311843663975,No,,,
24,CORO STREETS-4,CORO STREETS,ANNETTE WAY,COROMANDEL VALLEY,ANNETTE WAY,COROMANDEL VALLEY,ANNETTE WAY|COROMANDEL VALLEY,No,Ambiguous,Ambiguous,Official candidate salvage,Reviewed resolution,Active,Yes,High,No,,"ANNETTE WAY, COROMANDEL VALLEY SA","3 ANNETTE WAY, COROMANDEL VALLEY, SOUTH AUSTRALIA, 5051",Reviewed street-only,100,-35.04923127632786,138.61865089344283,No,Lowest valid numbered address returned by the official SAGAF_PLUS street-only search; exact street and locality were already validated by the collector.,,
25,CORO STREETS-5,CORO STREETS,ANNEWAN WALK,FLAGSTAFF HILL,ANNEWAN WALK,FLAGSTAFF HILL,ANNEWAN WALK|FLAGSTAFF HILL,Yes,Accepted,Accepted,Accepted,Accepted,Active,No,,No,,"2 ANNEWAN WALK, FLAGSTAFF HILL SA","2 ANNEWAN WALK, FLAGSTAFF HILL, SOUTH AUSTRALIA, 5159",No. 2,100,-35.05080130506467,138.61092366952496,No,,,
26,CORO EAST & CHERRY-2,CORO EAST & CHERRY,ANNEWAN WALK,FLAGSTAFF HILL,ANNEWAN WALK,FLAGSTAFF HILL,ANNEWAN WALK|FLAGSTAFF HILL,Yes,Accepted,Accepted,Accepted,Accepted,Active,No,,No,,"2 ANNEWAN WALK, FLAGSTAFF HILL SA","2 ANNEWAN WALK, FLAGSTAFF HILL, SOUTH AUSTRALIA, 5159",No. 2,100,-35.05080130506467,138.61092366952496,No,,,
27,CORO STREETS-6,CORO STREETS,APPLE GROVE,COROMANDEL VALLEY,APPLE GROVE,COROMANDEL VALLEY,APPLE GROVE|COROMANDEL VALLEY,No,Accepted,Accepted,Accepted,Accepted,Active,No,,No,,"1 APPLE GROVE, COROMANDEL VALLEY SA","1 APPLE GROVE, COROMANDEL VALLEY, SOUTH AUSTRALIA, 5051",No. 1,100,-35.04612306058819,138.6187083508734,No,,,
28,BLACKWOOD PARK-2,BLACKWOOD PARK,APPLEBERRY CRESCENT,CRAIGBURN FARM,APPLEBERRY CRESCENT,CRAIGBURN FARM,APPLEBERRY CRESCENT|CRAIGBURN FARM,No,Accepted,Accepted,Accepted,Accepted,Active,No,,No,,"1 APPLEBERRY CRESCENT, CRAIGBURN FARM SA","1 APPLEBERRY CRESCENT, CRAIGBURN FARM, SOUTH AUSTRALIA, 5051",No. 1,100,-35.03476872518801,138.6193490990617,No,,,
29,BLACKWOOD MAIN-19,BLACKWOOD MAIN,ARCHIBALD STREET,BLACKWOOD,ARCHIBALD STREET,BLACKWOOD,ARCHIBALD STREET|BLACKWOOD,No,Accepted,Accepted,Accepted,Accepted,Active,No,,No,,"2 ARCHIBALD STREET, BLACKWOOD SA","2 ARCHIBALD STREET, BLACKWOOD, SOUTH AUSTRALIA, 5051",No. 2,100,-35.03020699655366,138.6123172345742,No,,,
30,BLACKWOOD MAIN-20,BLACKWOOD MAIN,ARDROSSAN AVENUE,BELAIR,ARDROSSAN AVENUE,BELAIR,ARDROSSAN AVENUE|BELAIR,No,Accepted,Accepted,Accepted,Accepted,Active,No,,No,,"1 ARDROSSAN AVENUE, BELAIR SA","1 ARDROSSAN AVENUE, BELAIR, SOUTH AUSTRALIA, 5052",No. 1,100,-35.00405372610911,138.61832287021707,No,,,
31,BLACKWOOD MAIN-21,BLACKWOOD MAIN,ARGYLL WALK,BELLEVUE HEIGHTS,ARGYLL WALK,BELLEVUE HEIGHTS,ARGYLL WALK|BELLEVUE HEIGHTS,No,Accepted,Accepted,Accepted,Accepted,Active,No,,No,,"1 ARGYLL WALK, BELLEVUE HEIGHTS SA","1 ARGYLL WALK, BELLEVUE HEIGHTS, SOUTH AUSTRALIA, 5050",No. 1,100,-35.02541775072529,138.5836224956767,No,,,
32,BLACKWOOD MAIN-22,BLACKWOOD MAIN,ARIZONA TERRACE,GLENALTA,ARIZONA TERRACE,GLENALTA,ARIZONA TERRACE|GLENALTA,No,Accepted,Accepted,Accepted,Accepted,Active,No,,No,,"1 ARIZONA TERRACE, GLENALTA SA","1 ARIZONA TERRACE, GLENALTA, SOUTH AUSTRALIA, 5052",No. 1,100,-35.00729553482198,138.62685005099303,No,,,
33,BLACKWOOD PARK-3,BLACKWOOD PARK,ARNOLD CRESCENT,CRAIGBURN FARM,ARNOLD CRESCENT,CRAIGBURN FARM,ARNOLD CRESCENT|CRAIGBURN FARM,No,Accepted,Accepted,Accepted,Accepted,Active,No,,No,,"2 ARNOLD CRESCENT, CRAIGBURN FARM SA","2 ARNOLD CRESCENT, CRAIGBURN FARM, SOUTH AUSTRALIA, 5051",No. 2,100,-35.04657151316529,138.60748511803135,No,,,
34,BLACKWOOD MAIN-23,BLACKWOOD MAIN,ARUNTA STREET,EDEN HILLS,ARUNTA STREET,EDEN HILLS,ARUNTA STREET|EDEN HILLS,No,Accepted,Accepted,Accepted,Accepted,Active,No,,No,,"2 ARUNTA STREET, EDEN HILLS SA","2 ARUNTA STREET, EDEN HILLS, SOUTH AUSTRALIA, 5050",No. 2,100,-35.024513374326254,138.59435120326515,No,,,
35,BLACKWOOD MAIN-24,BLACKWOOD MAIN,ASH AVENUE,BELAIR,ASH AVENUE,BELAIR,ASH AVENUE|BELAIR,No,Ambiguous,Ambiguous,Official candidate salvage,Reviewed resolution,Active,Yes,High,No,,"ASH AVENUE, BELAIR SA","17 ASH AVENUE, BELAIR, SOUTH AUSTRALIA, 5052",Reviewed street-only,100,-35.005827257324405,138.61444404893828,No,Lowest valid numbered address returned by the official SAGAF_PLUS street-only search; exact street and locality were already validated by the collector.,,
36,BLACKWOOD MAIN-25,BLACKWOOD MAIN,ASH COURT,BELAIR,ASH COURT,BELAIR,ASH COURT|BELAIR,No,Accepted,Accepted,Accepted,Accepted,Active,No,,No,,"2 ASH COURT, BELAIR SA","2 ASH COURT, BELAIR, SOUTH AUSTRALIA, 5052",No. 2,100,-35.00634277321826,138.61549251363067,No,,,
37,BLACKWOOD MAIN-26,BLACKWOOD MAIN,ASHBY AVENUE,BLACKWOOD,ASHBY AVENUE,BLACKWOOD,ASHBY AVENUE|BLACKWOOD,No,Accepted,Accepted,Accepted,Accepted,Active,No,,No,,"1 ASHBY AVENUE, BLACKWOOD SA","1 ASHBY AVENUE, BLACKWOOD, SOUTH AUSTRALIA, 5051",No. 1,100,-35.02830592051578,138.61464950817134,No,,,
38,BLACKWOOD MAIN-27,BLACKWOOD MAIN,ASHLEY COURT,BLACKWOOD,ASHLEY COURT,BLACKWOOD,ASHLEY COURT|BLACKWOOD,No,Accepted,Accepted,Accepted,Accepted,Active,No,,No,,"1 ASHLEY COURT, BLACKWOOD SA","1 ASHLEY COURT, BLACKWOOD, SOUTH AUSTRALIA, 5051",No. 1,100,-35.0266768333674,138.61628642233816,No,,,
39,BLACKWOOD MAIN-28,BLACKWOOD MAIN,ASHMORE ROAD,BELLEVUE HEIGHTS,ASHMORE ROAD,BELLEVUE HEIGHTS,ASHMORE ROAD|BELLEVUE HEIGHTS,No,Accepted,Accepted,Accepted,Accepted,Active,No,,No,,"1 ASHMORE ROAD, BELLEVUE HEIGHTS SA","1 ASHMORE ROAD, BELLEVUE HEIGHTS, SOUTH AUSTRALIA, 5050",No. 1,100,-35.028964813155845,138.59392374132833,No,,,
40,BLACKWOOD MAIN-29,BLACKWOOD MAIN,ATHOL STREET,BELAIR,ATHOL STREET,BELAIR,ATHOL STREET|BELAIR,No,Accepted,Accepted,Accepted,Accepted,Active,No,,No,,"2 ATHOL STREET, BELAIR SA","2 ATHOL STREET, BELAIR, SOUTH AUSTRALIA, 5052",No. 2,100,-35.0036349806246,138.63225763127525,No,,,
41,BLACKWOOD PARK-4,BLACKWOOD PARK,AUSTIN COURT,CRAIGBURN FARM,AUSTIN COURT,CRAIGBURN FARM,AUSTIN COURT|CRAIGBURN FARM,No,Accepted,Accepted,Accepted,Accepted,Active,No,,No,,"1 AUSTIN COURT, CRAIGBURN FARM SA","1 AUSTIN COURT, CRAIGBURN FARM, SOUTH AUSTRALIA, 5051",No. 1,100,-35.03805856333199,138.61494230981432,No,,,
42,CORO STREETS-7,CORO STREETS,AVONDALE ROAD,COROMANDEL VALLEY,AVONDALE ROAD,COROMANDEL VALLEY,AVONDALE ROAD|COROMANDEL VALLEY,No,Accepted,Accepted,Accepted,Accepted,Active,No,,No,,"1 AVONDALE ROAD, COROMANDEL VALLEY SA","1 AVONDALE ROAD, COROMANDEL VALLEY, SOUTH AUSTRALIA, 5051",No. 1,100,-35.04477592398904,138.62712186199573,No,,,
43,BLACKWOOD MAIN-30,BLACKWOOD MAIN,AYLIFFES ROAD,PASADENA,AYLIFFES ROAD,PASADENA,AYLIFFES ROAD|PASADENA,No,Failed,Failed,Secondary-assisted official correction,Reviewed resolution,Active,Yes,High,No,,"1 AYLIFFES ROAD, PASADENA SA","1 AYLIFFES ROAD, ST MARYS, SOUTH AUSTRALIA, 5042",Reviewed No. 1,55,-35.010780870539215,138.57759391263897,No,"Reviewed spelling, street type or adjoining official locality; selected the lowest numbered matching official SAGAF_PLUS candidate for AYLIFFES ROAD, ST MARYS.",,
44,BLACKWOOD MAIN-31,BLACKWOOD MAIN,BABBAGE STREET,BELAIR,BABBAGE STREET,BELAIR,BABBAGE STREET|BELAIR,No,Ambiguous,Ambiguous,Official candidate salvage,Reviewed resolution,Active,Yes,High,No,,"BABBAGE STREET, BELAIR SA","3A BABBAGE STREET, BELAIR, SOUTH AUSTRALIA, 5052",Reviewed street-only,100,-35.00655517003581,138.61289856857735,No,Lowest valid numbered address returned by the official SAGAF_PLUS street-only search; exact street and locality were already validated by the collector.,,
45,BLACKWOOD MAIN-32,BLACKWOOD MAIN,BAECKEA PLACE,EDEN HILLS,BAECKEA PLACE,EDEN HILLS,BAECKEA PLACE|EDEN HILLS,No,Ambiguous,Ambiguous,Official candidate salvage,Reviewed resolution,Active,Yes,High,No,,"BAECKEA PLACE, EDEN HILLS SA","4 BAECKEA PLACE, EDEN HILLS, SOUTH AUSTRALIA, 5050",Reviewed street-only,100,-35.01693041658858,138.6044519705136,No,Lowest valid numbered address returned by the official SAGAF_PLUS street-only search; exact street and locality were already validated by the collector.,,
46,BLACKWOOD MAIN-33,BLACKWOOD MAIN,BALDINA STREET,EDEN HILLS,BALDINA STREET,EDEN HILLS,BALDINA STREET|EDEN HILLS,No,Accepted,Accepted,Accepted,Accepted,Active,No,,No,,"1 BALDINA STREET, EDEN HILLS SA","1 BALDINA STREET, EDEN HILLS, SOUTH AUSTRALIA, 5050",No. 1,100,-35.02782455888405,138.5942732888547,No,,,
47,BLACKWOOD MAIN-34,BLACKWOOD MAIN,BALY COURT,BELAIR,BALY COURT,BELAIR,BALY COURT|BELAIR,No,Failed,Failed,Reviewed vicinity anchor,Reviewed resolution,Active,Yes,Moderate,Yes,ADAMSON AVENUE|BELAIR,"1 ADAMSON AVENUE, BELAIR SA","1 ADAMSON AVENUE, BELAIR, SOUTH AUSTRALIA, 5052",Reviewed Directions route vicinity anchor,100,-34.997909338776445,138.6141023284303,No,The Directions route places the former/unmatched court as the third right from Adamson Avenue.,,
48,CORO STREETS-8,CORO STREETS,BANES ROAD,COROMANDEL VALLEY,BANES ROAD,COROMANDEL VALLEY,BANES ROAD|COROMANDEL VALLEY,No,Accepted,Accepted,Accepted,Accepted,Active,No,,No,,"1 BANES ROAD, COROMANDEL VALLEY SA","1 BANES ROAD, COROMANDEL VALLEY, SOUTH AUSTRALIA, 5051",No. 1,100,-35.0530058559524,138.6155021195169,No,,,
49,BLACKWOOD MAIN-35,BLACKWOOD MAIN,BANKSIA CRESCENT,BLACKWOOD,BANKSIA CRESCENT,BLACKWOOD,BANKSIA CRESCENT|BLACKWOOD,No,Failed,Failed,Secondary-assisted official correction,Reviewed resolution,Active,Yes,High,No,,"1 BANKSIA CRESCENT, BLACKWOOD SA","1 BANKSIA CRESCENT, BELAIR, SOUTH AUSTRALIA, 5052",Reviewed No. 1,55,-35.01123074621058,138.60507848775936,No,"Reviewed spelling, street type or adjoining official locality; selected the lowest numbered matching official SAGAF_PLUS candidate for BANKSIA CRESCENT, BELAIR.",,
50,CORO STREETS-10,CORO STREETS,BARBARA CRESCENT,COROMANDEL VALLEY,BARBARA CRESCENT,COROMANDEL VALLEY,BARBARA CRESCENT|COROMANDEL VALLEY,No,Accepted,Accepted,Accepted,Accepted,Active,No,,No,,"1 BARBARA CRESCENT, COROMANDEL VALLEY SA","1 BARBARA CRESCENT, COROMANDEL VALLEY, SOUTH AUSTRALIA, 5051",No. 1,100,-35.047368090174515,138.62110662046663,No,,,
51,BLACKWOOD MAIN-36,BLACKWOOD MAIN,BARINA CRESCENT,MITCHAM,BARINA CRESCENT,MITCHAM,BARINA CRESCENT|MITCHAM,No,Accepted,Accepted,Accepted,Accepted,Active,No,,No,,"2 BARINA CRESCENT, MITCHAM SA","2 BARINA CRESCENT, MITCHAM, SOUTH AUSTRALIA, 5062",No. 2,100,-34.98756664550478,138.6204012993765,No,,,
52,BLACKWOOD MAIN-37,BLACKWOOD MAIN,BARR AVENUE,MITCHAM,BARR AVENUE,MITCHAM,BARR AVENUE|MITCHAM,No,Accepted,Accepted,Accepted,Accepted,Active,No,,No,,"2 BARR AVENUE, MITCHAM SA","2 BARR AVENUE, MITCHAM, SOUTH AUSTRALIA, 5062",No. 2,100,-34.9851004231609,138.6196691173823,No,,,
53,BLACKWOOD MAIN-38,BLACKWOOD MAIN,BARUNGA STREET,EDEN HILLS,BARUNGA STREET,EDEN HILLS,BARUNGA STREET|EDEN HILLS,No,Accepted,Accepted,Accepted,Accepted,Active,No,,No,,"1 BARUNGA STREET, EDEN HILLS SA","1 BARUNGA STREET, EDEN HILLS, SOUTH AUSTRALIA, 5050",No. 1,100,-35.02675279102325,138.59877186768153,No,,,
54,BLACKWOOD MAIN-39,BLACKWOOD MAIN,BATLEY AVENUE,HAWTHORNDENE,BATLEY AVENUE,HAWTHORNDENE,BATLEY AVENUE|HAWTHORNDENE,No,Accepted,Accepted,Accepted,Accepted,Active,No,,No,,"1 BATLEY AVENUE, HAWTHORNDENE SA","1 BATLEY AVENUE, HAWTHORNDENE, SOUTH AUSTRALIA, 5051",No. 1,100,-35.0258082122115,138.62430769310646,No,,,
55,BLACKWOOD MAIN-40,BLACKWOOD MAIN,BAUST CRESCENT,COROMANDEL VALLEY,BAUST CRESCENT,COROMANDEL VALLEY,BAUST CRESCENT|COROMANDEL VALLEY,Yes,Accepted,Accepted,Accepted,Accepted,Active,No,,No,,"1 BAUST CRESCENT, COROMANDEL VALLEY SA","1 BAUST CRESCENT, COROMANDEL VALLEY, SOUTH AUSTRALIA, 5051",No. 1,100,-35.03581807931428,138.62376620574244,No,,,
56,CORO STREETS-9,CORO STREETS,BAUST CRESCENT,COROMANDEL VALLEY,BAUST CRESCENT,COROMANDEL VALLEY,BAUST CRESCENT|COROMANDEL VALLEY,Yes,Accepted,Accepted,Accepted,Accepted,Active,No,,No,,"1 BAUST CRESCENT, COROMANDEL VALLEY SA","1 BAUST CRESCENT, COROMANDEL VALLEY, SOUTH AUSTRALIA, 5051",No. 1,100,-35.03581807931428,138.62376620574244,No,,,
57,BLACKWOOD MAIN-41,BLACKWOOD MAIN,BEACONSFIELD ROAD,EDEN HILLS,BEACONSFIELD ROAD,EDEN HILLS,BEACONSFIELD ROAD|EDEN HILLS,No,Accepted,Accepted,Accepted,Accepted,Active,No,,No,,"2 BEACONSFIELD ROAD, EDEN HILLS SA","2 BEACONSFIELD ROAD, EDEN HILLS, SOUTH AUSTRALIA, 5050",No. 2,100,-35.028290444365744,138.60375251968725,No,,,
58,BLACKWOOD MAIN-42,BLACKWOOD MAIN,BEAGLE TERRACE,LYNTON,BEAGLE TERRACE,LYNTON,BEAGLE TERRACE|LYNTON,No,Accepted,Accepted,Accepted,Accepted,Active,No,,No,,"1 BEAGLE TERRACE, LYNTON SA","1 BEAGLE TERRACE, LYNTON, SOUTH AUSTRALIA, 5062",No. 1,100,-34.99418830307323,138.6070371991146,No,,,
59,BLACKWOOD MAIN-43,BLACKWOOD MAIN,BEALE AVENUE,GLENALTA,BEALE AVENUE,GLENALTA,BEALE AVENUE|GLENALTA,No,Ambiguous,Ambiguous,Official candidate salvage,Reviewed resolution,Active,Yes,High,No,,"BEALE AVENUE, GLENALTA SA","LOT 1 BEALE AVENUE, GLENALTA, SOUTH AUSTRALIA, 5052",Reviewed street-only,100,-35.01579425371274,138.62603319489065,No,Lowest valid numbered address returned by the official SAGAF_PLUS street-only search; exact street and locality were already validated by the collector.,,
60,BLACKWOOD MAIN-44,BLACKWOOD MAIN,BELAIR ROAD,BELAIR · LYNTON,,,,No,Ambiguous,Ambiguous authoritative locality fields,Reviewed multi-locality vicinity anchor,Reviewed resolution,Active,Yes,Moderate,Yes,UPPER STURT ROAD|BELAIR,"2 UPPER STURT ROAD, BELAIR SA","2 UPPER STURT ROAD, BELAIR, SOUTH AUSTRALIA, 5052",Reviewed Directions route vicinity anchor,100,-34.998930586791175,138.63197212299033,No,The Directions entry spans multiple locality fields. A reviewed official approach point (UPPER STURT ROAD|BELAIR) was selected without merging it with other same-name street records.,,
61,BLACKWOOD MAIN-45,BLACKWOOD MAIN,BELLEVUE DRIVE,BELLEVUE HEIGHTS,BELLEVUE DRIVE,BELLEVUE HEIGHTS,BELLEVUE DRIVE|BELLEVUE HEIGHTS,No,Ambiguous,Ambiguous,Official candidate salvage,Reviewed resolution,Active,Yes,High,No,,"BELLEVUE DRIVE, BELLEVUE HEIGHTS SA","LOT 1 BELLEVUE DRIVE, BELLEVUE HEIGHTS, SOUTH AUSTRALIA, 5050",Reviewed street-only,100,-35.01805092542758,138.57675197450035,No,Lowest valid numbered address returned by the official SAGAF_PLUS street-only search; exact street and locality were already validated by the collector.,,
62,CORO EAST & CHERRY-3,CORO EAST & CHERRY,BEN LOMAN ROAD,COROMANDEL EAST,BEN LOMAN ROAD,COROMANDEL EAST,BEN LOMAN ROAD|COROMANDEL EAST,No,Ambiguous,Ambiguous,Official candidate salvage,Reviewed resolution,Active,Yes,High,No,,"BEN LOMAN ROAD, COROMANDEL EAST SA","46 BEN LOMAN ROAD, COROMANDEL EAST, SOUTH AUSTRALIA, 5157",Reviewed street-only,100,-35.052533744433326,138.63371470190557,No,Lowest valid numbered address returned by the official SAGAF_PLUS street-only search; exact street and locality were already validated by the collector.,,
63,CORO STREETS-11,CORO STREETS,BEN LOMMAN ROAD,COROMANDEL VALLEY EAST,BEN LOMMAN ROAD,COROMANDEL VALLEY EAST,BEN LOMMAN ROAD|COROMANDEL VALLEY EAST,No,Failed,Failed,Secondary-assisted official correction,Reviewed resolution,Active,Yes,High,No,,"BEN LOMMAN ROAD, COROMANDEL VALLEY EAST SA","26 BEN LOMAN ROAD, COROMANDEL EAST, SOUTH AUSTRALIA, 5157",Reviewed street-only,98.37,-35.051378369785056,138.63626951186689,No,"Reviewed spelling, street type or adjoining official locality; selected the lowest numbered matching official SAGAF_PLUS candidate for BEN LOMAN ROAD, COROMANDEL EAST.",,
64,BLACKWOOD MAIN-46,BLACKWOOD MAIN,BENARA STREET,EDEN HILLS,BENARA STREET,EDEN HILLS,BENARA STREET|EDEN HILLS,No,Accepted,Accepted,Accepted,Accepted,Active,No,,No,,"1 BENARA STREET, EDEN HILLS SA","1 BENARA STREET, EDEN HILLS, SOUTH AUSTRALIA, 5050",No. 1,100,-35.0252870039406,138.6028392489491,No,,,
65,BLACKWOOD MAIN-47,BLACKWOOD MAIN,BENS PLACE,BLACKWOOD,BENS PLACE,BLACKWOOD,BENS PLACE|BLACKWOOD,No,Accepted,Accepted,Accepted,Accepted,Active,No,,No,,"1 BENS PLACE, BLACKWOOD SA","1 BENS PLACE, BLACKWOOD, SOUTH AUSTRALIA, 5051",No. 1,100,-35.01695336398343,138.6108843565462,No,,,
66,BLACKWOOD MAIN-48,BLACKWOOD MAIN,BERMUDA WAY,GLENALTA,BERMUDA WAY,GLENALTA,BERMUDA WAY|GLENALTA,No,Ambiguous,Ambiguous,Official candidate salvage,Reviewed resolution,Active,Yes,High,No,,"BERMUDA WAY, GLENALTA SA","17 BERMUDA WAY, GLENALTA, SOUTH AUSTRALIA, 5052",Reviewed street-only,100,-35.00976851686358,138.63016817313533,No,Lowest valid numbered address returned by the official SAGAF_PLUS street-only search; exact street and locality were already validated by the collector.,,
67,BLACKWOOD MAIN-49,BLACKWOOD MAIN,BEVERLEY CRESCENT,BELAIR,BEVERLEY CRESCENT,BELAIR,BEVERLEY CRESCENT|BELAIR,No,Accepted,Accepted,Accepted,Accepted,Active,No,,No,,"1 BEVERLEY CRESCENT, BELAIR SA","1 BEVERLEY CRESCENT, BELAIR, SOUTH AUSTRALIA, 5052",No. 1,100,-34.99656789455436,138.62472305874215,No,,,
68,BLACKWOOD MAIN-50,BLACKWOOD MAIN,BILINGA WAY,BELAIR,BILINGA WAY,BELAIR,BILINGA WAY|BELAIR,No,Accepted,Accepted,Accepted,Accepted,Active,No,,No,,"2 BILINGA WAY, BELAIR SA","2 BILINGA WAY, BELAIR, SOUTH AUSTRALIA, 5052",No. 2,100,-35.00635753782115,138.6194403549808,No,,,
69,BLACKWOOD MAIN-51,BLACKWOOD MAIN,BIRCH AVENUE,HAWTHORNDENE,BIRCH AVENUE,HAWTHORNDENE,BIRCH AVENUE|HAWTHORNDENE,No,Accepted,Accepted,Accepted,Accepted,Active,No,,No,,"2 BIRCH AVENUE, HAWTHORNDENE SA","2 BIRCH AVENUE, HAWTHORNDENE, SOUTH AUSTRALIA, 5051",No. 2,100,-35.018225432360595,138.61901698443995,No,,,
70,BLACKWOOD MAIN-52,BLACKWOOD MAIN,BIRKSGATE DRIVE,URRBRAE,BIRKSGATE DRIVE,URRBRAE,BIRKSGATE DRIVE|URRBRAE,No,Accepted,Accepted,Accepted,Accepted,Active,No,,No,,"1 BIRKSGATE DRIVE, URRBRAE SA","1 BIRKSGATE DRIVE, URRBRAE, SOUTH AUSTRALIA, 5064",No. 1,100,-34.965602964546925,138.64081398548345,No,,,
71,CORO STREETS-12,CORO STREETS,BLACK ROAD,ABERFOYLE PARK · FLAGSTAFF HILL,,,,No,Ambiguous,Ambiguous authoritative locality fields,Reviewed multi-locality vicinity anchor,Reviewed resolution,Active,Yes,Moderate,Yes,GLENDALE AVENUE|FLAGSTAFF HILL,"2 GLENDALE AVENUE, FLAGSTAFF HILL SA","2 GLENDALE AVENUE, FLAGSTAFF HILL, SOUTH AUSTRALIA, 5159",Reviewed Directions route vicinity anchor,100,-35.05750496843955,138.6146694314909,No,The Directions entry spans multiple locality fields. A reviewed official approach point (GLENDALE AVENUE|FLAGSTAFF HILL) was selected without merging it with other same-name street records.,,
72,BLACKWOOD MAIN-53,BLACKWOOD MAIN,BLACKTHORNE AVENUE,HAWTHORNDENE,BLACKTHORNE AVENUE,HAWTHORNDENE,BLACKTHORNE AVENUE|HAWTHORNDENE,No,Failed,Failed,Secondary-assisted official correction,Reviewed resolution,Active,Yes,High,No,,"1 BLACKTHORNE AVENUE, HAWTHORNDENE SA","1 BLACKTHORN AVENUE, HAWTHORNDENE, SOUTH AUSTRALIA, 5051",Reviewed No. 1,99.1,-35.018316154619356,138.62450906094355,No,"Reviewed spelling, street type or adjoining official locality; selected the lowest numbered matching official SAGAF_PLUS candidate for BLACKTHORN AVENUE, HAWTHORNDENE.",,
73,BLACKWOOD PARK-5,BLACKWOOD PARK,BLACKWOOD PARK BOULEVARD,CRAIGBURN FARM,BLACKWOOD PARK BOULEVARD,CRAIGBURN FARM,BLACKWOOD PARK BOULEVARD|CRAIGBURN FARM,No,Accepted,Accepted,Accepted,Accepted,Active,No,,No,,"2 BLACKWOOD PARK BOULEVARD, CRAIGBURN FARM SA","2 BLACKWOOD PARK BOULEVARD, CRAIGBURN FARM, SOUTH AUSTRALIA, 5051",No. 2,100,-35.04143965739503,138.61382571448448,No,,,
74,BLACKWOOD PARK-6,BLACKWOOD PARK,BLUE BELL COURT,CRAIGBURN FARM,BLUE BELL COURT,CRAIGBURN FARM,BLUE BELL COURT|CRAIGBURN FARM,No,Failed,Failed,Secondary-assisted official correction,Reviewed resolution,Active,Yes,High,No,,"1 BLUE BELL COURT, CRAIGBURN FARM SA","1 BLUEBELL COURT, CRAIGBURN FARM, SOUTH AUSTRALIA, 5051",Reviewed No. 1,98.92,-35.03414469835719,138.61778031553234,No,"Reviewed spelling, street type or adjoining official locality; selected the lowest numbered matching official SAGAF_PLUS candidate for BLUEBELL COURT, CRAIGBURN FARM.",,
75,BLACKWOOD MAIN-54,BLACKWOOD MAIN,BLYTHEWOOD ROAD,MITCHAM,BLYTHEWOOD ROAD,MITCHAM,BLYTHEWOOD ROAD|MITCHAM,No,Ambiguous,Ambiguous,Official candidate salvage,Reviewed resolution,Active,Yes,High,No,,"BLYTHEWOOD ROAD, MITCHAM SA","LOT 10 BLYTHEWOOD ROAD, MITCHAM, SOUTH AUSTRALIA, 5062",Reviewed street-only,100,-34.98288021823634,138.6225507053619,No,Lowest valid numbered address returned by the official SAGAF_PLUS street-only search; exact street and locality were already validated by the collector.,,
76,CORO EAST & CHERRY-4,CORO EAST & CHERRY,BOKO ROAD,CHERRY GARDENS,BOKO ROAD,CHERRY GARDENS,BOKO ROAD|CHERRY GARDENS,No,Ambiguous,Ambiguous,Official candidate salvage,Reviewed resolution,Active,Yes,High,No,,"BOKO ROAD, CHERRY GARDENS SA","6 BOKO ROAD, CHERRY GARDENS, SOUTH AUSTRALIA, 5157",Reviewed street-only,100,-35.06862057977845,138.62920313734367,No,Lowest valid numbered address returned by the official SAGAF_PLUS street-only search; exact street and locality were already validated by the collector.,,
77,BLACKWOOD MAIN-55,BLACKWOOD MAIN,BOND ROAD,BELAIR,BOND ROAD,BELAIR,BOND ROAD|BELAIR,No,Accepted,Accepted,Accepted,Accepted,Active,No,,No,,"1 BOND ROAD, BELAIR SA","1 BOND ROAD, BELAIR, SOUTH AUSTRALIA, 5052",No. 1,100,-34.995602680875905,138.62093851745777,No,,,
78,BLACKWOOD MAIN-56,BLACKWOOD MAIN,BONVIEW AVENUE,PANORAMA,BONVIEW AVENUE,PANORAMA,BONVIEW AVENUE|PANORAMA,No,Accepted,Accepted,Accepted,Accepted,Active,No,,No,,"2 BONVIEW AVENUE, PANORAMA SA","2 BONVIEW AVENUE, PANORAMA, SOUTH AUSTRALIA, 5041",No. 2,100,-34.99957542637547,138.59803577217812,No,,,
79,BLACKWOOD PARK-7,BLACKWOOD PARK,BONYTHON WAY,CRAIGBURN FARM,BONYTHON WAY,CRAIGBURN FARM,BONYTHON WAY|CRAIGBURN FARM,No,Ambiguous,Ambiguous,Official candidate salvage,Reviewed resolution,Active,Yes,High,No,,"BONYTHON WAY, CRAIGBURN FARM SA","50 BONYTHON WAY, CRAIGBURN FARM, SOUTH AUSTRALIA, 5051",Reviewed street-only,100,-35.03604488496117,138.60507261749555,No,Lowest valid numbered address returned by the official SAGAF_PLUS street-only search; exact street and locality were already validated by the collector.,,
80,BLACKWOOD MAIN-57,BLACKWOOD MAIN,BORONIA AVENUE,COROMANDEL VALLEY,BORONIA AVENUE,COROMANDEL VALLEY,BORONIA AVENUE|COROMANDEL VALLEY,Yes,Accepted,Accepted,Accepted,Accepted,Active,No,,No,,"1 BORONIA AVENUE, COROMANDEL VALLEY SA","1 BORONIA AVENUE, COROMANDEL VALLEY, SOUTH AUSTRALIA, 5051",No. 1,100,-35.0384349717624,138.62090952191232,No,,,
81,CORO STREETS-13,CORO STREETS,BORONIA AVENUE,COROMANDEL VALLEY,BORONIA AVENUE,COROMANDEL VALLEY,BORONIA AVENUE|COROMANDEL VALLEY,Yes,Accepted,Accepted,Accepted,Accepted,Active,No,,No,,"1 BORONIA AVENUE, COROMANDEL VALLEY SA","1 BORONIA AVENUE, COROMANDEL VALLEY, SOUTH AUSTRALIA, 5051",No. 1,100,-35.0384349717624,138.62090952191232,No,,,
82,BLACKWOOD MAIN-58,BLACKWOOD MAIN,BOWMAN AVENUE,BELAIR,BOWMAN AVENUE,BELAIR,BOWMAN AVENUE|BELAIR,No,Accepted,Accepted,Accepted,Accepted,Active,No,,No,,"1 BOWMAN AVENUE, BELAIR SA","1 BOWMAN AVENUE, BELAIR, SOUTH AUSTRALIA, 5052",No. 1,100,-35.003594778211884,138.6173743778961,No,,,
83,CORO STREETS-14,CORO STREETS,BRABHAM GROVE,ABERFOYLE PARK,BRABHAM GROVE,ABERFOYLE PARK,BRABHAM GROVE|ABERFOYLE PARK,No,Accepted,Accepted,Accepted,Accepted,Active,No,,No,,"2 BRABHAM GROVE, ABERFOYLE PARK SA","2 BRABHAM GROVE, ABERFOYLE PARK, SOUTH AUSTRALIA, 5159",No. 2,100,-35.058805854475395,138.61637074067278,No,,,
84,BLACKWOOD MAIN-59,BLACKWOOD MAIN,BRACKEN AVENUE,BLACKWOOD,BRACKEN AVENUE,BLACKWOOD,BRACKEN AVENUE|BLACKWOOD,No,Accepted,Accepted,Accepted,Accepted,Active,No,,No,,"1 BRACKEN AVENUE, BLACKWOOD SA","1 BRACKEN AVENUE, BLACKWOOD, SOUTH AUSTRALIA, 5051",No. 1,100,-35.01630283202213,138.6132945445538,No,,,
85,BLACKWOOD MAIN-60,BLACKWOOD MAIN,BRAEMAR ROAD,TORRENS PARK,BRAEMAR ROAD,TORRENS PARK,BRAEMAR ROAD|TORRENS PARK,No,Accepted,Accepted,Accepted,Accepted,Active,No,,No,,"1 BRAEMAR ROAD, TORRENS PARK SA","1 BRAEMAR ROAD, TORRENS PARK, SOUTH AUSTRALIA, 5062",No. 1,100,-34.984084689636404,138.61445401059808,No,,,
86,CORO STREETS-15,CORO STREETS,BRANDEN PLACE,COROMANDEL VALLEY,BRANDEN PLACE,COROMANDEL VALLEY,BRANDEN PLACE|COROMANDEL VALLEY,No,Accepted,Accepted,Accepted,Accepted,Active,No,,No,,"1 BRANDEN PLACE, COROMANDEL VALLEY SA","1 BRANDEN PLACE, COROMANDEL VALLEY, SOUTH AUSTRALIA, 5051",No. 1,100,-35.05607511448686,138.61934571921284,No,,,
87,CORO EAST & CHERRY-5,CORO EAST & CHERRY,BRANDWOOD DRIVE,CHERRY GARDENS,BRANDWOOD DRIVE,CHERRY GARDENS,BRANDWOOD DRIVE|CHERRY GARDENS,No,Ambiguous,Ambiguous,Official candidate salvage,Reviewed resolution,Active,Yes,High,No,,"BRANDWOOD DRIVE, CHERRY GARDENS SA","27 BRANDWOOD DRIVE, CHERRY GARDENS, SOUTH AUSTRALIA, 5157",Reviewed street-only,100,-35.052744718156625,138.6713237032164,No,Lowest valid numbered address returned by the official SAGAF_PLUS street-only search; exact street and locality were already validated by the collector.,,
88,BLACKWOOD MAIN-61,BLACKWOOD MAIN,BRIAR GROVE,BELAIR,BRIAR GROVE,BELAIR,BRIAR GROVE|BELAIR,No,Accepted,Accepted,Accepted,Accepted,Active,No,,No,,"2 BRIAR GROVE, BELAIR SA","2 BRIAR GROVE, BELAIR, SOUTH AUSTRALIA, 5052",No. 2,100,-35.000261713579945,138.61770489153685,No,,,
89,BLACKWOOD MAIN-62,BLACKWOOD MAIN,BRIAR ROAD,HAWTHORNDENE,BRIAR ROAD,HAWTHORNDENE,BRIAR ROAD|HAWTHORNDENE,No,Accepted,Accepted,Accepted,Accepted,Active,No,,No,,"2 BRIAR ROAD, HAWTHORNDENE SA","2 BRIAR ROAD, HAWTHORNDENE, SOUTH AUSTRALIA, 5051",No. 2,100,-35.01872902984009,138.62900995229856,No,,,
90,BLACKWOOD MAIN-63,BLACKWOOD MAIN,BRIGALOW AVENUE,BLACKWOOD,BRIGALOW AVENUE,BLACKWOOD,BRIGALOW AVENUE|BLACKWOOD,No,Accepted,Accepted,Accepted,Accepted,Active,No,,No,,"2 BRIGALOW AVENUE, BLACKWOOD SA","2 BRIGALOW AVENUE, BLACKWOOD, SOUTH AUSTRALIA, 5051",No. 2,100,-35.02396886288693,138.61781037839847,No,,,
91,BLACKWOOD PARK-8,BLACKWOOD PARK,BRIGHT PLACE,CRAIGBURN FARM,BRIGHT PLACE,CRAIGBURN FARM,BRIGHT PLACE|CRAIGBURN FARM,No,Accepted,Accepted,Accepted,Accepted,Active,No,,No,,"1 BRIGHT PLACE, CRAIGBURN FARM SA","1 BRIGHT PLACE, CRAIGBURN FARM, SOUTH AUSTRALIA, 5051",No. 1,100,-35.035527945973044,138.60857503034387,No,,,
92,BLACKWOOD MAIN-64,BLACKWOOD MAIN,BRIGHTON PARADE,BLACKWOOD,BRIGHTON PARADE,BLACKWOOD,BRIGHTON PARADE|BLACKWOOD,No,Accepted,Accepted,Accepted,Accepted,Active,No,,No,,"1 BRIGHTON PARADE, BLACKWOOD SA","1 BRIGHTON PARADE, BLACKWOOD, SOUTH AUSTRALIA, 5051",No. 1,100,-35.02179224022392,138.61498873826437,No,,,
93,BLACKWOOD MAIN-65,BLACKWOOD MAIN,BRIGHTVIEW AVENUE,BLACKWOOD,BRIGHTVIEW AVENUE,BLACKWOOD,BRIGHTVIEW AVENUE|BLACKWOOD,No,Accepted,Accepted,Accepted,Accepted,Active,No,,No,,"1 BRIGHTVIEW AVENUE, BLACKWOOD SA","1 BRIGHTVIEW AVENUE, BLACKWOOD, SOUTH AUSTRALIA, 5051",No. 1,100,-35.0081501029221,138.62002773713456,No,,,
94,BLACKWOOD MAIN-66,BLACKWOOD MAIN,BROLGA AVENUE,GLENALTA,BROLGA AVENUE,GLENALTA,BROLGA AVENUE|GLENALTA,No,Accepted,Accepted,Accepted,Accepted,Active,No,,No,,"2 BROLGA AVENUE, GLENALTA SA","2 BROLGA AVENUE, GLENALTA, SOUTH AUSTRALIA, 5052",No. 2,100,-35.011024219656825,138.63272814181332,No,,,
95,BLACKWOOD PARK-9,BLACKWOOD PARK,BROOKMAN CRESCENT,CRAIGBURN FARM,BROOKMAN CRESCENT,CRAIGBURN FARM,BROOKMAN CRESCENT|CRAIGBURN FARM,No,Accepted,Accepted,Accepted,Accepted,Active,No,,No,,"2 BROOKMAN CRESCENT, CRAIGBURN FARM SA","2 BROOKMAN CRESCENT, CRAIGBURN FARM, SOUTH AUSTRALIA, 5051",No. 2,100,-35.03496600162911,138.60935968893872,No,,,
96,BLACKWOOD MAIN-67,BLACKWOOD MAIN,BROWNHILL CREEK ROAD,BROWNHILL CREEK · MITCHAM,,,,No,Ambiguous,Ambiguous authoritative locality fields,Reviewed multi-locality vicinity anchor,Reviewed resolution,Active,Yes,Moderate,Yes,JAMES ROAD|BELAIR,"2 JAMES ROAD, BELAIR SA","2 JAMES ROAD, BELAIR, SOUTH AUSTRALIA, 5052",Reviewed Directions route vicinity anchor,100,-34.99664545319125,138.6307084152919,No,The Directions entry spans multiple locality fields. A reviewed official approach point (JAMES ROAD|BELAIR) was selected without merging it with other same-name street records.,,
97,CORO EAST & CHERRY-6,CORO EAST & CHERRY,BRUMBY STREET,CHERRY GARDENS,BRUMBY STREET,CHERRY GARDENS,BRUMBY STREET|CHERRY GARDENS,No,Ambiguous,Ambiguous,Official candidate salvage,Reviewed resolution,Active,Yes,High,No,,"BRUMBY STREET, CHERRY GARDENS SA","4 BRUMBY STREET, CHERRY GARDENS, SOUTH AUSTRALIA, 5157",Reviewed street-only,100,-35.07143190247916,138.63779240060651,No,Lowest valid numbered address returned by the official SAGAF_PLUS street-only search; exact street and locality were already validated by the collector.,,
98,CORO STREETS-16,CORO STREETS,BUCKLEY CRESCENT,COROMANDEL VALLEY,BUCKLEY CRESCENT,COROMANDEL VALLEY,BUCKLEY CRESCENT|COROMANDEL VALLEY,No,Accepted,Accepted,Accepted,Accepted,Active,No,,No,,"1 BUCKLEY CRESCENT, COROMANDEL VALLEY SA","1 BUCKLEY CRESCENT, COROMANDEL VALLEY, SOUTH AUSTRALIA, 5051",No. 1,100,-35.04731223372499,138.62643166128206,No,,,
99,BLACKWOOD MAIN-68,BLACKWOOD MAIN,BURFIELD STREET,BLACKWOOD,BURFIELD STREET,BLACKWOOD,BURFIELD STREET|BLACKWOOD,No,Accepted,Accepted,Accepted,Accepted,Active,No,,No,,"1 BURFIELD STREET, BLACKWOOD SA","1 BURFIELD STREET, BLACKWOOD, SOUTH AUSTRALIA, 5051",No. 1,100,-35.01384354726274,138.6217518158245,No,,,
100,BLACKWOOD MAIN-69,BLACKWOOD MAIN,BURNELL DRIVE,BELAIR,BURNELL DRIVE,BELAIR,BURNELL DRIVE|BELAIR,No,Accepted,Accepted,Accepted,Accepted,Active,No,,No,,"2 BURNELL DRIVE, BELAIR SA","2 BURNELL DRIVE, BELAIR, SOUTH AUSTRALIA, 5052",No. 2,100,-34.9972749945123,138.6229891962792,No,,,
101,BLACKWOOD MAIN-70,BLACKWOOD MAIN,BUSHLAND DRIVE,BELLEVUE HEIGHTS,BUSHLAND DRIVE,BELLEVUE HEIGHTS,BUSHLAND DRIVE|BELLEVUE HEIGHTS,No,Accepted,Accepted,Accepted,Accepted,Active,No,,No,,"1 BUSHLAND DRIVE, BELLEVUE HEIGHTS SA","1 BUSHLAND DRIVE, BELLEVUE HEIGHTS, SOUTH AUSTRALIA, 5050",No. 1,100,-35.032388066386204,138.59094591659974,No,,,
102,BLACKWOOD MAIN-71,BLACKWOOD MAIN,BYRNE STREET,GLENALTA,BYRNE STREET,GLENALTA,BYRNE STREET|GLENALTA,No,Accepted,Accepted,Accepted,Accepted,Active,No,,No,,"1 BYRNE STREET, GLENALTA SA","1 BYRNE STREET, GLENALTA, SOUTH AUSTRALIA, 5052",No. 1,100,-35.00753550409073,138.62563348329178,No,,,
103,BLACKWOOD MAIN-72,BLACKWOOD MAIN,CALIFORNIAN CRESCENT,GLENALTA,CALIFORNIAN CRESCENT,GLENALTA,CALIFORNIAN CRESCENT|GLENALTA,No,Accepted,Accepted,Accepted,Accepted,Active,No,,No,,"1 CALIFORNIAN CRESCENT, GLENALTA SA","1 CALIFORNIAN CRESCENT, GLENALTA, SOUTH AUSTRALIA, 5052",No. 1,100,-35.01068072028103,138.63270021358855,No,,,
104,CORO STREETS-17,CORO STREETS,CARNATION CLOSE,COROMANDEL VALLEY,CARNATION CLOSE,COROMANDEL VALLEY,CARNATION CLOSE|COROMANDEL VALLEY,No,Accepted,Accepted,Accepted,Accepted,Active,No,,No,,"2 CARNATION CLOSE, COROMANDEL VALLEY SA","2 CARNATION CLOSE, COROMANDEL VALLEY, SOUTH AUSTRALIA, 5051",No. 2,100,-35.03966612617975,138.62745077465541,No,,,
105,BLACKWOOD MAIN-73,BLACKWOOD MAIN,CAROLINE AVENUE,BELAIR,CAROLINE AVENUE,BELAIR,CAROLINE AVENUE|BELAIR,No,Accepted,Accepted,Accepted,Accepted,Active,No,,No,,"1 CAROLINE AVENUE, BELAIR SA","1 CAROLINE AVENUE, BELAIR, SOUTH AUSTRALIA, 5052",No. 1,100,-35.00477736953779,138.6128982128038,No,,,
106,BLACKWOOD MAIN-74,BLACKWOOD MAIN,CARR STREET,BLACKWOOD,CARR STREET,BLACKWOOD,CARR STREET|BLACKWOOD,No,Accepted,Accepted,Accepted,Accepted,Active,No,,No,,"2 CARR STREET, BLACKWOOD SA","2 CARR STREET, BLACKWOOD, SOUTH AUSTRALIA, 5051",No. 2,100,-35.01852908509726,138.6169700412409,No,,,
107,BLACKWOOD PARK-11,BLACKWOOD PARK,CARRAWAY COURT,CRAIGBURN FARM,CARRAWAY COURT,CRAIGBURN FARM,CARRAWAY COURT|CRAIGBURN FARM,No,Accepted,Accepted,Accepted,Accepted,Active,No,,No,,"1 CARRAWAY COURT, CRAIGBURN FARM SA","1 CARRAWAY COURT, CRAIGBURN FARM, SOUTH AUSTRALIA, 5051",No. 1,100,-35.040304028179555,138.61606940046428,No,,,
108,BLACKWOOD MAIN-75,BLACKWOOD MAIN,CARRICK HILL DRIVE,MITCHAM,CARRICK HILL DRIVE,MITCHAM,CARRICK HILL DRIVE|MITCHAM,No,Accepted,Accepted,Accepted,Accepted,Active,No,,No,,"1 CARRICK HILL DRIVE, MITCHAM SA","1 CARRICK HILL DRIVE, MITCHAM, SOUTH AUSTRALIA, 5062",No. 1,100,-34.97757563440089,138.62716099708774,No,,,
109,BLACKWOOD MAIN-76,BLACKWOOD MAIN,CASSIA STREET,BLACKWOOD,CASSIA STREET,BLACKWOOD,CASSIA STREET|BLACKWOOD,No,Accepted,Accepted,Accepted,Accepted,Active,No,,No,,"1 CASSIA STREET, BLACKWOOD SA","1 CASSIA STREET, BLACKWOOD, SOUTH AUSTRALIA, 5051",No. 1,100,-35.02865244396686,138.60976580446174,No,,,
110,BLACKWOOD MAIN-77,BLACKWOOD MAIN,CEDAR AVENUE,BLACKWOOD,CEDAR AVENUE,BLACKWOOD,CEDAR AVENUE|BLACKWOOD,No,Accepted,Accepted,Accepted,Accepted,Active,No,,No,,"1 CEDAR AVENUE, BLACKWOOD SA","1 CEDAR AVENUE, BLACKWOOD, SOUTH AUSTRALIA, 5051",No. 1,100,-35.01012286733308,138.6190940094165,No,,,
111,BLACKWOOD MAIN-78,BLACKWOOD MAIN,CENTRE WAY,BELAIR,CENTRE WAY,BELAIR,CENTRE WAY|BELAIR,No,Accepted,Accepted,Accepted,Accepted,Active,No,,No,,"1 CENTRE WAY, BELAIR SA","1 CENTRE WAY, BELAIR, SOUTH AUSTRALIA, 5052",No. 1,100,-34.99610094175192,138.61983864348542,No,,,
112,BLACKWOOD MAIN-79,BLACKWOOD MAIN,CEZANNE COURT,BELAIR · TORRENS PARK,,,,No,Ambiguous,Ambiguous authoritative locality fields,Reviewed multi-locality vicinity anchor,Reviewed resolution,Active,Yes,Moderate,Yes,UPPER STURT ROAD|BELAIR,"2 UPPER STURT ROAD, BELAIR SA","2 UPPER STURT ROAD, BELAIR, SOUTH AUSTRALIA, 5052",Reviewed Directions route vicinity anchor,100,-34.998930586791175,138.63197212299033,No,The Directions entry spans multiple locality fields. A reviewed official approach point (UPPER STURT ROAD|BELAIR) was selected without merging it with other same-name street records.,,
113,BLACKWOOD PARK-10,BLACKWOOD PARK,CHAMPION WAY,CRAIGBURN FARM,CHAMPION WAY,CRAIGBURN FARM,CHAMPION WAY|CRAIGBURN FARM,No,Accepted,Accepted,Accepted,Accepted,Active,No,,No,,"1 CHAMPION WAY, CRAIGBURN FARM SA","1 CHAMPION WAY, CRAIGBURN FARM, SOUTH AUSTRALIA, 5051",No. 1,100,-35.046556748562395,138.60886872142075,No,,,
114,BLACKWOOD MAIN-80,BLACKWOOD MAIN,CHANCERY LANE,HAWTHORNDENE,CHANCERY LANE,HAWTHORNDENE,CHANCERY LANE|HAWTHORNDENE,No,Accepted,Accepted,Accepted,Accepted,Active,No,,No,,"1 CHANCERY LANE, HAWTHORNDENE SA","1 CHANCERY LANE, HAWTHORNDENE, SOUTH AUSTRALIA, 5051",No. 1,100,-35.022540076254934,138.63068653521773,No,,,
115,BLACKWOOD MAIN-81,BLACKWOOD MAIN,CHAPMAN STREET,BLACKWOOD,CHAPMAN STREET,BLACKWOOD,CHAPMAN STREET|BLACKWOOD,No,Ambiguous,Ambiguous,Official candidate salvage,Reviewed resolution,Active,Yes,High,No,,"1 CHAPMAN STREET, BLACKWOOD SA","1 CHAPMAN STREET, BLACKWOOD, SOUTH AUSTRALIA, 5051",Reviewed No. 1,100,-35.01702451869617,138.615850243949,No,Lowest valid numbered address returned by the official SAGAF_PLUS street-only search; exact street and locality were already validated by the collector.,,
116,BLACKWOOD MAIN-82,BLACKWOOD MAIN,CHARLICK ROAD,CRAFERS WEST,CHARLICK ROAD,CRAFERS WEST,CHARLICK ROAD|CRAFERS WEST,No,Accepted,Accepted,Accepted,Accepted,Active,No,,No,,"1 CHARLICK ROAD, CRAFERS WEST SA","1 CHARLICK ROAD, CRAFERS WEST, SOUTH AUSTRALIA, 5152",No. 1,100,-34.99385120762158,138.69405158578942,No,,,
117,CORO STREETS-18,CORO STREETS,CHATSWOOD WAY,COROMANDEL VALLEY,CHATSWOOD WAY,COROMANDEL VALLEY,CHATSWOOD WAY|COROMANDEL VALLEY,No,Accepted,Accepted,Accepted,Accepted,Active,No,,No,,"1 CHATSWOOD WAY, COROMANDEL VALLEY SA","1 CHATSWOOD WAY, COROMANDEL VALLEY, SOUTH AUSTRALIA, 5051",No. 1,100,-35.04825770197067,138.6188723624863,No,,,
118,BLACKWOOD MAIN-83,BLACKWOOD MAIN,CHELMSFORD AVENUE,MITCHAM,CHELMSFORD AVENUE,MITCHAM,CHELMSFORD AVENUE|MITCHAM,No,Accepted,Accepted,Accepted,Accepted,Active,No,,No,,"1 CHELMSFORD AVENUE, MITCHAM SA","1 CHELMSFORD AVENUE, MITCHAM, SOUTH AUSTRALIA, 5062",No. 1,100,-34.983959279455185,138.62277039553751,No,,,
119,CORO EAST & CHERRY-7,CORO EAST & CHERRY,CHERRY GARDENS ROAD,CHERRY GARDENS,CHERRY GARDENS ROAD,CHERRY GARDENS,CHERRY GARDENS ROAD|CHERRY GARDENS,No,Ambiguous,Ambiguous,Official candidate salvage,Reviewed resolution,Active,Yes,High,No,,"CHERRY GARDENS ROAD, CHERRY GARDENS SA","11 CHERRY GARDENS ROAD, CHERRY GARDENS, SOUTH AUSTRALIA, 5157",Reviewed street-only,100,-35.07102578695614,138.62775175909036,No,Lowest valid numbered address returned by the official SAGAF_PLUS street-only search; exact street and locality were already validated by the collector.,,
120,BLACKWOOD MAIN-84,BLACKWOOD MAIN,CHERRY PLANTATION ROAD,BELAIR NATIONAL PARK,CHERRY PLANTATION ROAD,BELAIR NATIONAL PARK,CHERRY PLANTATION ROAD|BELAIR NATIONAL PARK,No,Failed,Failed,Reviewed vicinity anchor,Reviewed resolution,Active,Yes,Moderate,Yes,QUEENS JUBILEE DRIVE|BELAIR NATIONAL PARK,"QUEENS JUBILEE DRIVE, BELAIR NATIONAL PARK SA","LOT 599 QUEENS JUBILEE DRIVE, BELAIR, SOUTH AUSTRALIA, 5052",Reviewed Directions route vicinity anchor,55,-35.0076162646897,138.6497405220847,No,Internal park road; use the nearest reviewed official Belair National Park road candidate as a safe live-map starting point.,https://www.walkingsa.org.au/walk/find-a-place-to-walk/rsl-walk-belair-national-park/,
121,BLACKWOOD MAIN-85,BLACKWOOD MAIN,CHITUNGA ROAD,EDEN HILLS,CHITUNGA ROAD,EDEN HILLS,CHITUNGA ROAD|EDEN HILLS,No,Accepted,Accepted,Accepted,Accepted,Active,No,,No,,"1 CHITUNGA ROAD, EDEN HILLS SA","1 CHITUNGA ROAD, EDEN HILLS, SOUTH AUSTRALIA, 5050",No. 1,100,-35.0229485043061,138.58588059048583,No,,,
122,BLACKWOOD MAIN-86,BLACKWOOD MAIN,CHOWILLA STREET,EDEN HILLS,CHOWILLA STREET,EDEN HILLS,CHOWILLA STREET|EDEN HILLS,No,Ambiguous,Ambiguous,Official candidate salvage,Reviewed resolution,Active,Yes,High,No,,"CHOWILLA STREET, EDEN HILLS SA","15 CHOWILLA STREET, EDEN HILLS, SOUTH AUSTRALIA, 5050",Reviewed street-only,100,-35.02628566033404,138.5947530495054,No,Lowest valid numbered address returned by the official SAGAF_PLUS street-only search; exact street and locality were already validated by the collector.,,
123,BLACKWOOD MAIN-87,BLACKWOOD MAIN,CHRISTINE AVENUE,BELAIR,CHRISTINE AVENUE,BELAIR,CHRISTINE AVENUE|BELAIR,No,Ambiguous,Ambiguous,Official candidate salvage,Reviewed resolution,Active,Yes,High,No,,"CHRISTINE AVENUE, BELAIR SA","3 CHRISTINE AVENUE, BELAIR, SOUTH AUSTRALIA, 5052",Reviewed street-only,100,-35.00607487572477,138.61179282434122,No,Lowest valid numbered address returned by the official SAGAF_PLUS street-only search; exact street and locality were already validated by the collector.,,
124,BLACKWOOD MAIN-88,BLACKWOOD MAIN,CLARENCE STREET,BLACKWOOD,CLARENCE STREET,BLACKWOOD,CLARENCE STREET|BLACKWOOD,No,Accepted,Accepted,Accepted,Accepted,Active,No,,No,,"1 CLARENCE STREET, BLACKWOOD SA","1 CLARENCE STREET, BLACKWOOD, SOUTH AUSTRALIA, 5051",No. 1,100,-35.031124180800994,138.61485461163085,No,,,
125,BLACKWOOD MAIN-89,BLACKWOOD MAIN,CLEARVIEW AVENUE,BELAIR,CLEARVIEW AVENUE,BELAIR,CLEARVIEW AVENUE|BELAIR,No,Accepted,Accepted,Accepted,Accepted,Active,No,,No,,"1 CLEARVIEW AVENUE, BELAIR SA","1 CLEARVIEW AVENUE, BELAIR, SOUTH AUSTRALIA, 5052",No. 1,100,-35.00738038681694,138.6088270959138,No,,,
126,BLACKWOOD MAIN-90,BLACKWOOD MAIN,CLEMATIS DRIVE,BLACKWOOD,CLEMATIS DRIVE,BLACKWOOD,CLEMATIS DRIVE|BLACKWOOD,No,Ambiguous,Ambiguous,Official candidate salvage,Reviewed resolution,Active,Yes,High,No,,"CLEMATIS DRIVE, BLACKWOOD SA","7 CLEMATIS DRIVE, BLACKWOOD, SOUTH AUSTRALIA, 5051",Reviewed street-only,100,-35.030314795943475,138.60875469599358,No,Lowest valid numbered address returned by the official SAGAF_PLUS street-only search; exact street and locality were already validated by the collector.,,
127,BLACKWOOD MAIN-91,BLACKWOOD MAIN,CLYDE ROAD,HAWTHORNDENE,CLYDE ROAD,HAWTHORNDENE,CLYDE ROAD|HAWTHORNDENE,No,Accepted,Accepted,Accepted,Accepted,Active,No,,No,,"1 CLYDE ROAD, HAWTHORNDENE SA","1 CLYDE ROAD, HAWTHORNDENE, SOUTH AUSTRALIA, 5051",No. 1,100,-35.02316943968919,138.63484285987624,No,,,
128,BLACKWOOD PARK-12,BLACKWOOD PARK,COCHRANE STREET,CRAIGBURN FARM,COCHRANE STREET,CRAIGBURN FARM,COCHRANE STREET|CRAIGBURN FARM,No,Accepted,Accepted,Accepted,Accepted,Active,No,,No,,"1 COCHRANE STREET, CRAIGBURN FARM SA","1 COCHRANE STREET, CRAIGBURN FARM, SOUTH AUSTRALIA, 5051",No. 1,100,-35.033059055327435,138.61885884309086,No,,,
129,BLACKWOOD MAIN-92,BLACKWOOD MAIN,COLEBROOK DRIVE,EDEN HILLS,COLEBROOK DRIVE,EDEN HILLS,COLEBROOK DRIVE|EDEN HILLS,No,Ambiguous,Ambiguous,Official candidate salvage,Reviewed resolution,Active,Yes,High,No,,"COLEBROOK DRIVE, EDEN HILLS SA","LOT 2 COLEBROOK DRIVE, EDEN HILLS, SOUTH AUSTRALIA, 5050",Reviewed street-only,100,-35.02995475309696,138.5974090770456,No,Lowest valid numbered address returned by the official SAGAF_PLUS street-only search; exact street and locality were already validated by the collector.,,
130,BLACKWOOD MAIN-93,BLACKWOOD MAIN,COLLEGE AVENUE,BELLEVUE HEIGHTS,COLLEGE AVENUE,BELLEVUE HEIGHTS,COLLEGE AVENUE|BELLEVUE HEIGHTS,No,Accepted,Accepted,Accepted,Accepted,Active,No,,No,,"1 COLLEGE AVENUE, BELLEVUE HEIGHTS SA","1 COLLEGE AVENUE, BELLEVUE HEIGHTS, SOUTH AUSTRALIA, 5050",No. 1,100,-35.03385118516713,138.57726446631892,No,,,
131,BLACKWOOD MAIN-94,BLACKWOOD MAIN,COLORADO DRIVE,GLENALTA,COLORADO DRIVE,GLENALTA,COLORADO DRIVE|GLENALTA,No,Accepted,Accepted,Accepted,Accepted,Active,No,,No,,"2 COLORADO DRIVE, GLENALTA SA","2 COLORADO DRIVE, GLENALTA, SOUTH AUSTRALIA, 5052",No. 2,100,-35.00655712679042,138.63115526688796,No,,,
132,BLACKWOOD MAIN-95,BLACKWOOD MAIN,COLTON ROAD,BLACKWOOD,COLTON ROAD,BLACKWOOD,COLTON ROAD|BLACKWOOD,No,Ambiguous,Ambiguous,Official candidate salvage,Reviewed resolution,Active,Yes,High,No,,"1 COLTON ROAD, BLACKWOOD SA","1 COLTON ROAD, BLACKWOOD, SOUTH AUSTRALIA, 5051",Reviewed No. 1,100,-35.01519744355956,138.6185893446163,No,Lowest valid numbered address returned by the official SAGAF_PLUS street-only search; exact street and locality were already validated by the collector.,,
133,BLACKWOOD MAIN-96,BLACKWOOD MAIN,COOPER STREET,EDEN HILLS,COOPER STREET,EDEN HILLS,COOPER STREET|EDEN HILLS,No,Ambiguous,Ambiguous,Official candidate salvage,Reviewed resolution,Active,Yes,High,No,,"COOPER STREET, EDEN HILLS SA","4 COOPER STREET, EDEN HILLS, SOUTH AUSTRALIA, 5050",Reviewed street-only,100,-35.018147340063365,138.57949320980904,No,Lowest valid numbered address returned by the official SAGAF_PLUS street-only search; exact street and locality were already validated by the collector.,,
134,BLACKWOOD MAIN-97,BLACKWOOD MAIN,CORELLA AVENUE,GLENALTA,CORELLA AVENUE,GLENALTA,CORELLA AVENUE|GLENALTA,No,Accepted,Accepted,Accepted,Accepted,Active,No,,No,,"1 CORELLA AVENUE, GLENALTA SA","1 CORELLA AVENUE, GLENALTA, SOUTH AUSTRALIA, 5052",No. 1,100,-35.012849160152065,138.6301546537399,No,,,
135,BLACKWOOD MAIN-98,BLACKWOOD MAIN,CORNISH COURT,LYNTON,CORNISH COURT,LYNTON,CORNISH COURT|LYNTON,No,Accepted,Accepted,Accepted,Accepted,Active,No,,No,,"1 CORNISH COURT, LYNTON SA","1 CORNISH COURT, LYNTON, SOUTH AUSTRALIA, 5062",No. 1,100,-34.99559200766899,138.6097524629531,No,,,
136,CORO STREETS-19,CORO STREETS,CORO CRESCENT,COROMANDEL VALLEY,CORO CRESCENT,COROMANDEL VALLEY,CORO CRESCENT|COROMANDEL VALLEY,No,Accepted,Accepted,Accepted,Accepted,Active,No,,No,,"1 CORO CRESCENT, COROMANDEL VALLEY SA","1 CORO CRESCENT, COROMANDEL VALLEY, SOUTH AUSTRALIA, 5051",No. 1,100,-35.0429374640984,138.6257549799638,No,,,
137,BLACKWOOD MAIN-99,BLACKWOOD MAIN,COROMANDEL PARADE,BLACKWOOD · COROMANDEL VALLEY,,,,No,Ambiguous,Ambiguous authoritative locality fields,Reviewed multi-locality vicinity anchor,Reviewed resolution,Active,Yes,Moderate,Yes,BORONIA AVENUE|COROMANDEL VALLEY,"1 BORONIA AVENUE, COROMANDEL VALLEY SA","1 BORONIA AVENUE, COROMANDEL VALLEY, SOUTH AUSTRALIA, 5051",Reviewed Directions route vicinity anchor,100,-35.0384349717624,138.62090952191232,No,The Directions entry spans multiple locality fields. A reviewed official approach point (BORONIA AVENUE|COROMANDEL VALLEY) was selected without merging it with other same-name street records.,,
138,CORO STREETS-20,CORO STREETS,COROMANDEL PARADE,BLACKWOOD · COROMANDEL VALLEY,,,,No,Ambiguous,Ambiguous authoritative locality fields,Reviewed multi-locality vicinity anchor,Reviewed resolution,Active,Yes,Moderate,Yes,BORONIA AVENUE|COROMANDEL VALLEY,"1 BORONIA AVENUE, COROMANDEL VALLEY SA","1 BORONIA AVENUE, COROMANDEL VALLEY, SOUTH AUSTRALIA, 5051",Reviewed Directions route vicinity anchor,100,-35.0384349717624,138.62090952191232,No,The Directions entry spans multiple locality fields. A reviewed official approach point (BORONIA AVENUE|COROMANDEL VALLEY) was selected without merging it with other same-name street records.,,
139,BLACKWOOD PARK-13,BLACKWOOD PARK,COROMANDEL PARADE,CRAIGBURN FARM,COROMANDEL PARADE,CRAIGBURN FARM,COROMANDEL PARADE|CRAIGBURN FARM,No,Ambiguous,Ambiguous,Official candidate salvage,Reviewed resolution,Active,Yes,High,No,,"COROMANDEL PARADE, CRAIGBURN FARM SA","LOT 4 COROMANDEL PARADE, CRAIGBURN FARM, SOUTH AUSTRALIA, 5051",Reviewed street-only,100,-35.04336172407317,138.59457035978042,No,Lowest valid numbered address returned by the official SAGAF_PLUS street-only search; exact street and locality were already validated by the collector.,,
140,BLACKWOOD MAIN-100,BLACKWOOD MAIN,CORREA STREET,BLACKWOOD,CORREA STREET,BLACKWOOD,CORREA STREET|BLACKWOOD,No,Accepted,Accepted,Accepted,Accepted,Active,No,,No,,"1 CORREA STREET, BLACKWOOD SA","1 CORREA STREET, BLACKWOOD, SOUTH AUSTRALIA, 5051",No. 1,100,-35.030969241413985,138.60945112274462,No,,,
141,CORO STREETS-21,CORO STREETS,CRAIGBURN DRIVE,FLAGSTAFF HILL,CRAIGBURN DRIVE,FLAGSTAFF HILL,CRAIGBURN DRIVE|FLAGSTAFF HILL,No,Accepted,Accepted,Accepted,Accepted,Active,No,,No,,"1 CRAIGBURN DRIVE, FLAGSTAFF HILL SA","1 CRAIGBURN DRIVE, FLAGSTAFF HILL, SOUTH AUSTRALIA, 5159",No. 1,100,-35.05738400542787,138.61369621290729,No,,,
142,BLACKWOOD PARK-14,BLACKWOOD PARK,CRAIGBURN FARM CIRCUIT,CRAIGBURN FARM,CRAIGBURN FARM CIRCUIT,CRAIGBURN FARM,CRAIGBURN FARM CIRCUIT|CRAIGBURN FARM,No,Accepted,Accepted,Accepted,Accepted,Active,No,,No,,"2 CRAIGBURN FARM CIRCUIT, CRAIGBURN FARM SA","2 CRAIGBURN FARM CIRCUIT, CRAIGBURN FARM, SOUTH AUSTRALIA, 5051",No. 2,100,-35.042226450631254,138.6156501213194,No,,,
143,BLACKWOOD MAIN-101,BLACKWOOD MAIN,CRAIGBURN ROAD,BLACKWOOD,CRAIGBURN ROAD,BLACKWOOD,CRAIGBURN ROAD|BLACKWOOD,No,Accepted,Accepted,Accepted,Accepted,Active,No,,No,,"CRAIGBURN ROAD, BLACKWOOD SA","LOT 8 CRAIGBURN ROAD, BLACKWOOD, SOUTH AUSTRALIA, 5051",street-only,100,-35.03382432426304,138.6017607213906,No,,,
144,BLACKWOOD PARK-15,BLACKWOOD PARK,CRAIGBURN ROAD,CRAIGBURN FARM,CRAIGBURN ROAD,CRAIGBURN FARM,CRAIGBURN ROAD|CRAIGBURN FARM,No,Ambiguous,Ambiguous,Official candidate salvage,Reviewed resolution,Active,Yes,High,No,,"CRAIGBURN ROAD, CRAIGBURN FARM SA","41 CRAIGBURN ROAD, CRAIGBURN FARM, SOUTH AUSTRALIA, 5051",Reviewed street-only,100,-35.03420162212739,138.60606006702173,No,Lowest valid numbered address returned by the official SAGAF_PLUS street-only search; exact street and locality were already validated by the collector.,,
145,BLACKWOOD MAIN-102,BLACKWOOD MAIN,CRAIGLEE CLOSE,COROMANDEL VALLEY,CRAIGLEE CLOSE,COROMANDEL VALLEY,CRAIGLEE CLOSE|COROMANDEL VALLEY,Yes,Accepted,Accepted,Accepted,Accepted,Active,No,,No,,"1 CRAIGLEE CLOSE, COROMANDEL VALLEY SA","1 CRAIGLEE CLOSE, COROMANDEL VALLEY, SOUTH AUSTRALIA, 5051",No. 1,100,-35.042265763610054,138.62084850674614,No,,,
146,CORO STREETS-23,CORO STREETS,CRAIGLEE CLOSE,COROMANDEL VALLEY,CRAIGLEE CLOSE,COROMANDEL VALLEY,CRAIGLEE CLOSE|COROMANDEL VALLEY,Yes,Accepted,Accepted,Accepted,Accepted,Active,No,,No,,"1 CRAIGLEE CLOSE, COROMANDEL VALLEY SA","1 CRAIGLEE CLOSE, COROMANDEL VALLEY, SOUTH AUSTRALIA, 5051",No. 1,100,-35.042265763610054,138.62084850674614,No,,,
147,BLACKWOOD MAIN-103,BLACKWOOD MAIN,CRAIGLEE DRIVE,COROMANDEL VALLEY,CRAIGLEE DRIVE,COROMANDEL VALLEY,CRAIGLEE DRIVE|COROMANDEL VALLEY,Yes,Accepted,Accepted,Accepted,Accepted,Active,No,,No,,"1 CRAIGLEE DRIVE, COROMANDEL VALLEY SA","1 CRAIGLEE DRIVE, COROMANDEL VALLEY, SOUTH AUSTRALIA, 5051",No. 1,100,-35.044693740295834,138.61748128785203,No,,,
148,CORO STREETS-22,CORO STREETS,CRAIGLEE DRIVE,COROMANDEL VALLEY,CRAIGLEE DRIVE,COROMANDEL VALLEY,CRAIGLEE DRIVE|COROMANDEL VALLEY,Yes,Accepted,Accepted,Accepted,Accepted,Active,No,,No,,"1 CRAIGLEE DRIVE, COROMANDEL VALLEY SA","1 CRAIGLEE DRIVE, COROMANDEL VALLEY, SOUTH AUSTRALIA, 5051",No. 1,100,-35.044693740295834,138.61748128785203,No,,,
149,BLACKWOOD MAIN-104,BLACKWOOD MAIN,CRAIGWOOD DRIVE,BELAIR,CRAIGWOOD DRIVE,BELAIR,CRAIGWOOD DRIVE|BELAIR,No,Accepted,Accepted,Accepted,Accepted,Active,No,,No,,"1 CRAIGWOOD DRIVE, BELAIR SA","1 CRAIGWOOD DRIVE, BELAIR, SOUTH AUSTRALIA, 5052",No. 1,100,-34.99502116898596,138.62849603738573,No,,,
150,CORO STREETS-24,CORO STREETS,CRANE AVENUE,CORMANDEL VALLEY,CRANE AVENUE,CORMANDEL VALLEY,CRANE AVENUE|CORMANDEL VALLEY,No,Failed,Failed,Secondary-assisted official correction,Reviewed resolution,Active,Yes,High,No,,"2 CRANE AVENUE, CORMANDEL VALLEY SA","2 CRANE AVENUE, COROMANDEL VALLEY, SOUTH AUSTRALIA, 5051",Reviewed No. 2,55,-35.043344291168545,138.62598854530842,No,"Reviewed spelling, street type or adjoining official locality; selected the lowest numbered matching official SAGAF_PLUS candidate for CRANE AVENUE, COROMANDEL VALLEY.",,
151,BLACKWOOD MAIN-105,BLACKWOOD MAIN,CREEK ROAD,BELAIR NATIONAL PARK,CREEK ROAD,BELAIR NATIONAL PARK,CREEK ROAD|BELAIR NATIONAL PARK,No,Failed,Failed,Reviewed vicinity anchor,Reviewed resolution,Active,Yes,Moderate,Yes,QUEENS JUBILEE DRIVE|BELAIR NATIONAL PARK,"QUEENS JUBILEE DRIVE, BELAIR NATIONAL PARK SA","LOT 599 QUEENS JUBILEE DRIVE, BELAIR, SOUTH AUSTRALIA, 5052",Reviewed Directions route vicinity anchor,55,-35.0076162646897,138.6497405220847,No,Internal park road reached from The Valley Road; use the reviewed official park-road starting point.,https://friendsofbelairnationalpark.com/wp-content/uploads/2023/06/2020novwalkbrochure.pdf,
152,BLACKWOOD PARK-16,BLACKWOOD PARK,CRESWELL AVENUE,CRAIGBURN FARM,CRESWELL AVENUE,CRAIGBURN FARM,CRESWELL AVENUE|CRAIGBURN FARM,No,Accepted,Accepted,Accepted,Accepted,Active,No,,No,,"2 CRESWELL AVENUE, CRAIGBURN FARM SA","2 CRESWELL AVENUE, CRAIGBURN FARM, SOUTH AUSTRALIA, 5051",No. 2,100,-35.038154266420605,138.61815814705704,No,,,
153,CORO STREETS-25,CORO STREETS,CROWS NEST COURT,CORMANDEL VALLEY,CROWS NEST COURT,CORMANDEL VALLEY,CROWS NEST COURT|CORMANDEL VALLEY,No,Failed,Failed,Secondary-assisted official correction,Reviewed resolution,Active,Yes,High,No,,"2 CROWS NEST COURT, CORMANDEL VALLEY SA","2 CROWSNEST COURT, COROMANDEL VALLEY, SOUTH AUSTRALIA, 5051",Reviewed No. 2,54.02,-35.04880079031572,138.6259659536871,No,"Reviewed spelling, street type or adjoining official locality; selected the lowest numbered matching official SAGAF_PLUS candidate for CROWSNEST COURT, COROMANDEL VALLEY.",,
154,BLACKWOOD MAIN-106,BLACKWOOD MAIN,CULLEY ROAD,BELAIR,CULLEY ROAD,BELAIR,CULLEY ROAD|BELAIR,No,Failed,Failed,Secondary-assisted official correction,Reviewed resolution,Active,Yes,High,No,,"1 CULLEY ROAD, BELAIR SA","1 CULLEY AVENUE, BELAIR, SOUTH AUSTRALIA, 5052",Reviewed No. 1,89.24,-34.997906314701154,138.62101180681188,No,"Reviewed spelling, street type or adjoining official locality; selected the lowest numbered matching official SAGAF_PLUS candidate for CULLEY AVENUE, BELAIR.",,
155,CORO STREETS-26,CORO STREETS,CULLIN GROVE,FLAGSTAFF HILL,CULLIN GROVE,FLAGSTAFF HILL,CULLIN GROVE|FLAGSTAFF HILL,No,Failed,Failed,Secondary-assisted official correction,Reviewed resolution,Active,Yes,High,No,,"CULLIN GROVE, FLAGSTAFF HILL SA","18 CUILLIN GROVE, FLAGSTAFF HILL, SOUTH AUSTRALIA, 5159",Reviewed street-only,97.76,-35.05511666050613,138.61321929844507,No,"Reviewed spelling, street type or adjoining official locality; selected the lowest numbered matching official SAGAF_PLUS candidate for CUILLIN GROVE, FLAGSTAFF HILL.",,
156,BLACKWOOD MAIN-107,BLACKWOOD MAIN,CUMMING STREET,BLACKWOOD,CUMMING STREET,BLACKWOOD,CUMMING STREET|BLACKWOOD,No,Ambiguous,Ambiguous,Official candidate salvage,Reviewed resolution,Active,Yes,High,No,,"CUMMING STREET, BLACKWOOD SA","64 CUMMING STREET, BLACKWOOD, SOUTH AUSTRALIA, 5051",Reviewed street-only,100,-35.032470072192645,138.61254884316418,No,Lowest valid numbered address returned by the official SAGAF_PLUS street-only search; exact street and locality were already validated by the collector.,,
157,BLACKWOOD PARK-17,BLACKWOOD PARK,CUMMING STREET,CRAIGBURN FARM,CUMMING STREET,CRAIGBURN FARM,CUMMING STREET|CRAIGBURN FARM,No,Accepted,Accepted,Accepted,Accepted,Active,No,,No,,"1 CUMMING STREET, CRAIGBURN FARM SA","1 CUMMING STREET, CRAIGBURN FARM, SOUTH AUSTRALIA, 5051",No. 1,100,-35.032600463203764,138.6196280255357,No,,,
158,BLACKWOOD MAIN-108,BLACKWOOD MAIN,CUNARD DRIVE,HAWTHORNDENE,CUNARD DRIVE,HAWTHORNDENE,CUNARD DRIVE|HAWTHORNDENE,No,Ambiguous,Ambiguous,Official candidate salvage,Reviewed resolution,Active,Yes,High,No,,"CUNARD DRIVE, HAWTHORNDENE SA","9 CUNARD DRIVE, HAWTHORNDENE, SOUTH AUSTRALIA, 5051",Reviewed street-only,100,-35.02152612159825,138.6373871745174,No,Lowest valid numbered address returned by the official SAGAF_PLUS street-only search; exact street and locality were already validated by the collector.,,
159,BLACKWOOD MAIN-109,BLACKWOOD MAIN,CURRAWONG AVENUE,GLENALTA,CURRAWONG AVENUE,GLENALTA,CURRAWONG AVENUE|GLENALTA,No,Ambiguous,Ambiguous,Official candidate salvage,Reviewed resolution,Active,Yes,High,No,,"CURRAWONG AVENUE, GLENALTA SA","3 CURRAWONG AVENUE, GLENALTA, SOUTH AUSTRALIA, 5052",Reviewed street-only,100,-35.01181012345913,138.63260717880163,No,Lowest valid numbered address returned by the official SAGAF_PLUS street-only search; exact street and locality were already validated by the collector.,,
160,CORO STREETS-27,CORO STREETS,CURRAWONG CRESCENT,CORMANDEL VALLEY,CURRAWONG CRESCENT,CORMANDEL VALLEY,CURRAWONG CRESCENT|CORMANDEL VALLEY,No,Failed,Failed,Secondary-assisted official correction,Reviewed resolution,Active,Yes,High,No,,"1 CURRAWONG CRESCENT, CORMANDEL VALLEY SA","1 CURRAWONG CRESCENT, COROMANDEL VALLEY, SOUTH AUSTRALIA, 5051",Reviewed No. 1,55,-35.04408910312424,138.6286513325463,No,"Reviewed spelling, street type or adjoining official locality; selected the lowest numbered matching official SAGAF_PLUS candidate for CURRAWONG CRESCENT, COROMANDEL VALLEY.",,
161,BLACKWOOD MAIN-110,BLACKWOOD MAIN,CYPRESS AVENUE,HAWTHORNDENE,CYPRESS AVENUE,HAWTHORNDENE,CYPRESS AVENUE|HAWTHORNDENE,No,Accepted,Accepted,Accepted,Accepted,Active,No,,No,,"2 CYPRESS AVENUE, HAWTHORNDENE SA","2 CYPRESS AVENUE, HAWTHORNDENE, SOUTH AUSTRALIA, 5051",No. 2,100,-35.01661093192833,138.62013962792037,No,,,
162,CORO STREETS-28,CORO STREETS,DAINA COURT,CORMANDEL VALLEY,DAINA COURT,CORMANDEL VALLEY,DAINA COURT|CORMANDEL VALLEY,No,Failed,Failed,Secondary-assisted official correction,Reviewed resolution,Active,Yes,High,No,,"2 DAINA COURT, CORMANDEL VALLEY SA","2 DAINA COURT, COROMANDEL VALLEY, SOUTH AUSTRALIA, 5051",Reviewed No. 2,55,-35.03657196349585,138.6262112595593,No,"Reviewed spelling, street type or adjoining official locality; selected the lowest numbered matching official SAGAF_PLUS candidate for DAINA COURT, COROMANDEL VALLEY.",,
163,BLACKWOOD PARK-18,BLACKWOOD PARK,DAIRY COURT,CRAIGBURN PARK,DAIRY COURT,CRAIGBURN PARK,DAIRY COURT|CRAIGBURN PARK,No,Failed,Failed,Secondary-assisted official correction,Reviewed resolution,Active,Yes,High,No,,"1 DAIRY COURT, CRAIGBURN PARK SA","1 DAIRY COURT, CRAIGBURN FARM, SOUTH AUSTRALIA, 5051",Reviewed No. 1,55,-35.04219798874614,138.6132159185962,No,"Reviewed spelling, street type or adjoining official locality; selected the lowest numbered matching official SAGAF_PLUS candidate for DAIRY COURT, CRAIGBURN FARM.",,
164,BLACKWOOD MAIN-111,BLACKWOOD MAIN,DALE ROAD,EDEN HILLS,DALE ROAD,EDEN HILLS,DALE ROAD|EDEN HILLS,No,Accepted,Accepted,Accepted,Accepted,Active,No,,No,,"1 DALE ROAD, EDEN HILLS SA","1 DALE ROAD, EDEN HILLS, SOUTH AUSTRALIA, 5050",No. 1,100,-35.01816388353408,138.60194732462477,No,,,
165,BLACKWOOD MAIN-112,BLACKWOOD MAIN,DARWIN AVENUE,HAWTHORNDENE,DARWIN AVENUE,HAWTHORNDENE,DARWIN AVENUE|HAWTHORNDENE,No,Accepted,Accepted,Accepted,Accepted,Active,No,,No,,"1 DARWIN AVENUE, HAWTHORNDENE SA","1 DARWIN AVENUE, HAWTHORNDENE, SOUTH AUSTRALIA, 5051",No. 1,100,-35.02087256556166,138.63203313815652,No,,,
166,CORO STREETS-29,CORO STREETS,DAVID STREET,CORMANDEL VALLEY,DAVID STREET,CORMANDEL VALLEY,DAVID STREET|CORMANDEL VALLEY,No,Failed,Failed,Secondary-assisted official correction,Reviewed resolution,Active,Yes,High,No,,"1 DAVID STREET, CORMANDEL VALLEY SA","1 DAVID STREET, COROMANDEL VALLEY, SOUTH AUSTRALIA, 5051",Reviewed No. 1,55,-35.051619762148064,138.6132474045566,No,"Reviewed spelling, street type or adjoining official locality; selected the lowest numbered matching official SAGAF_PLUS candidate for DAVID STREET, COROMANDEL VALLEY.",,
167,BLACKWOOD PARK-19,BLACKWOOD PARK,DAWBINEY AVENUE,CRAIGBURN PARK,DAWBINEY AVENUE,CRAIGBURN PARK,DAWBINEY AVENUE|CRAIGBURN PARK,No,Failed,Failed,Secondary-assisted official correction,Reviewed resolution,Active,Yes,High,No,,"1 DAWBINEY AVENUE, CRAIGBURN PARK SA","1 DAWBINEY AVENUE, CRAIGBURN FARM, SOUTH AUSTRALIA, 5051",Reviewed No. 1,55,-35.038810668645745,138.6140089378698,No,"Reviewed spelling, street type or adjoining official locality; selected the lowest numbered matching official SAGAF_PLUS candidate for DAWBINEY AVENUE, CRAIGBURN FARM.",,
168,BLACKWOOD MAIN-113,BLACKWOOD MAIN,DEANE AVENUE,BELAIR,DEANE AVENUE,BELAIR,DEANE AVENUE|BELAIR,No,Accepted,Accepted,Accepted,Accepted,Active,No,,No,,"1 DEANE AVENUE, BELAIR SA","1 DEANE AVENUE, BELAIR, SOUTH AUSTRALIA, 5052",No. 1,100,-35.004362181788906,138.62034668813448,No,,,
169,BLACKWOOD MAIN-114,BLACKWOOD MAIN,DEEPDENE AVENUE,BELLEVUE HEIGHTS,DEEPDENE AVENUE,BELLEVUE HEIGHTS,DEEPDENE AVENUE|BELLEVUE HEIGHTS,No,Accepted,Accepted,Accepted,Accepted,Active,No,,No,,"1 DEEPDENE AVENUE, BELLEVUE HEIGHTS SA","1 DEEPDENE AVENUE, BELLEVUE HEIGHTS, SOUTH AUSTRALIA, 5050",No. 1,100,-35.019637141861544,138.57950317146884,No,,,
170,BLACKWOOD MAIN-115,BLACKWOOD MAIN,DENELAND DRIVE,HAWTHORNDENE,DENELAND DRIVE,HAWTHORNDENE,DENELAND DRIVE|HAWTHORNDENE,No,Accepted,Accepted,Accepted,Accepted,Active,No,,No,,"1 DENELAND DRIVE, HAWTHORNDENE SA","1 DENELAND DRIVE, HAWTHORNDENE, SOUTH AUSTRALIA, 5051",No. 1,100,-35.019262334412126,138.63146959283154,No,,,
171,BLACKWOOD MAIN-116,BLACKWOOD MAIN,DEPINDO ROAD,EDEN HILLS,DEPINDO ROAD,EDEN HILLS,DEPINDO ROAD|EDEN HILLS,No,Failed,Failed,Secondary-assisted official correction,Reviewed resolution,Active,Yes,High,No,,"1 DEPINDO ROAD, EDEN HILLS SA","1 DEPINDO AVENUE, EDEN HILLS, SOUTH AUSTRALIA, 5050",Reviewed No. 1,89.24,-35.0184815893265,138.58204143795942,No,"Reviewed spelling, street type or adjoining official locality; selected the lowest numbered matching official SAGAF_PLUS candidate for DEPINDO AVENUE, EDEN HILLS.",,
172,CORO STREETS-30,CORO STREETS,DEVON DRIVE,CORMANDEL VALLEY,DEVON DRIVE,CORMANDEL VALLEY,DEVON DRIVE|CORMANDEL VALLEY,No,Failed,Failed,Secondary-assisted official correction,Reviewed resolution,Active,Yes,High,No,,"1 DEVON DRIVE, CORMANDEL VALLEY SA","1 DEVON DRIVE, COROMANDEL VALLEY, SOUTH AUSTRALIA, 5051",Reviewed No. 1,55,-35.03101300156232,138.6237222677073,No,"Reviewed spelling, street type or adjoining official locality; selected the lowest numbered matching official SAGAF_PLUS candidate for DEVON DRIVE, COROMANDEL VALLEY.",,
173,BLACKWOOD MAIN-117,BLACKWOOD MAIN,DEVON DRIVE,COROMANDEL VALLEY,DEVON DRIVE,COROMANDEL VALLEY,DEVON DRIVE|COROMANDEL VALLEY,No,Accepted,Accepted,Accepted,Accepted,Active,No,,No,,"1 DEVON DRIVE, COROMANDEL VALLEY SA","1 DEVON DRIVE, COROMANDEL VALLEY, SOUTH AUSTRALIA, 5051",No. 1,100,-35.03101300156232,138.6237222677073,No,,,
174,BLACKWOOD MAIN-118,BLACKWOOD MAIN,DEVONSHIRE ROAD,HAWTHORNDENE,DEVONSHIRE ROAD,HAWTHORNDENE,DEVONSHIRE ROAD|HAWTHORNDENE,No,Accepted,Accepted,Accepted,Accepted,Active,No,,No,,"1 DEVONSHIRE ROAD, HAWTHORNDENE SA","1 DEVONSHIRE ROAD, HAWTHORNDENE, SOUTH AUSTRALIA, 5051",No. 1,100,-35.02496538463898,138.62811909529492,No,,,
175,BLACKWOOD MAIN-119,BLACKWOOD MAIN,DIANELLA COURT,PASADENA,DIANELLA COURT,PASADENA,DIANELLA COURT|PASADENA,No,Failed,Failed,Secondary-assisted official correction,Reviewed resolution,Active,Yes,High,No,,"2 DIANELLA COURT, PASADENA SA","2 DIANNELLA COURT, PASADENA, SOUTH AUSTRALIA, 5042",Reviewed No. 2,98.92,-35.01149775427016,138.58704432581285,No,"Reviewed spelling, street type or adjoining official locality; selected the lowest numbered matching official SAGAF_PLUS candidate for DIANNELLA COURT, PASADENA.",,
176,CORO STREETS-31,CORO STREETS,DIOSMA DRIVE,CORMANDEL VALLEY,DIOSMA DRIVE,CORMANDEL VALLEY,DIOSMA DRIVE|CORMANDEL VALLEY,No,Failed,Failed,Secondary-assisted official correction,Reviewed resolution,Active,Yes,High,No,,"1 DIOSMA DRIVE, CORMANDEL VALLEY SA","1 DIOSMA DRIVE, COROMANDEL VALLEY, SOUTH AUSTRALIA, 5051",Reviewed No. 1,55,-35.039474008455336,138.61961201572532,No,"Reviewed spelling, street type or adjoining official locality; selected the lowest numbered matching official SAGAF_PLUS candidate for DIOSMA DRIVE, COROMANDEL VALLEY.",,
177,BLACKWOOD MAIN-120,BLACKWOOD MAIN,DIOSMA DRIVE,COROMANDEL VALLEY,DIOSMA DRIVE,COROMANDEL VALLEY,DIOSMA DRIVE|COROMANDEL VALLEY,No,Accepted,Accepted,Accepted,Accepted,Active,No,,No,,"1 DIOSMA DRIVE, COROMANDEL VALLEY SA","1 DIOSMA DRIVE, COROMANDEL VALLEY, SOUTH AUSTRALIA, 5051",No. 1,100,-35.039474008455336,138.61961201572532,No,,,
178,BLACKWOOD MAIN-121,BLACKWOOD MAIN,DONNYBROOK ROAD,BELLEVUE HEIGHTS,DONNYBROOK ROAD,BELLEVUE HEIGHTS,DONNYBROOK ROAD|BELLEVUE HEIGHTS,No,Accepted,Accepted,Accepted,Accepted,Active,No,,No,,"1 DONNYBROOK ROAD, BELLEVUE HEIGHTS SA","1 DONNYBROOK ROAD, BELLEVUE HEIGHTS, SOUTH AUSTRALIA, 5050",No. 1,100,-35.02007367602425,138.57921961993853,No,,,
179,BLACKWOOD MAIN-122,BLACKWOOD MAIN,DORHAM ROAD,BLACKWOOD,DORHAM ROAD,BLACKWOOD,DORHAM ROAD|BLACKWOOD,No,Ambiguous,Ambiguous,Official candidate salvage,Reviewed resolution,Active,Yes,High,No,,"DORHAM ROAD, BLACKWOOD SA","10 DORHAM ROAD, BLACKWOOD, SOUTH AUSTRALIA, 5051",Reviewed street-only,100,-35.02644593632452,138.62287019002213,No,Lowest valid numbered address returned by the official SAGAF_PLUS street-only search; exact street and locality were already validated by the collector.,,
180,BLACKWOOD PARK-20,BLACKWOOD PARK,DOROTHY LANE,CRAIGBURN FARM,DOROTHY LANE,CRAIGBURN FARM,DOROTHY LANE|CRAIGBURN FARM,No,Ambiguous,Ambiguous,Official candidate salvage,Reviewed resolution,Active,Yes,High,No,,"DOROTHY LANE, CRAIGBURN FARM SA","6 DOROTHY LANE, CRAIGBURN FARM, SOUTH AUSTRALIA, 5051",Reviewed street-only,100,-35.04727309863299,138.6089114142484,No,Lowest valid numbered address returned by the official SAGAF_PLUS street-only search; exact street and locality were already validated by the collector.,,
181,CORO EAST & CHERRY-8,CORO EAST & CHERRY,DORSET VALE ROAD,CHERRY GARDENS · DORSET VALE,,,,No,Ambiguous,Ambiguous authoritative locality fields,Reviewed multi-locality vicinity anchor,Reviewed resolution,Active,Yes,Moderate,Yes,CHERRY GARDENS ROAD|CHERRY GARDENS,"CHERRY GARDENS ROAD, CHERRY GARDENS SA","11 CHERRY GARDENS ROAD, CHERRY GARDENS, SOUTH AUSTRALIA, 5157",Reviewed Directions route vicinity anchor,100,-35.07102578695614,138.62775175909036,No,The Directions entry spans multiple locality fields. A reviewed official approach point (CHERRY GARDENS ROAD|CHERRY GARDENS) was selected without merging it with other same-name street records.,,
182,BLACKWOOD MAIN-123,BLACKWOOD MAIN,DOUGLAS STREET,EDEN HILLS,DOUGLAS STREET,EDEN HILLS,DOUGLAS STREET|EDEN HILLS,No,Accepted,Accepted,Accepted,Accepted,Active,No,,No,,"1 DOUGLAS STREET, EDEN HILLS SA","1 DOUGLAS STREET, EDEN HILLS, SOUTH AUSTRALIA, 5050",No. 1,100,-35.024548062248705,138.60336045722,No,,,
183,BLACKWOOD MAIN-124,BLACKWOOD MAIN,DOWNER AVENUE,BELAIR,DOWNER AVENUE,BELAIR,DOWNER AVENUE|BELAIR,No,Accepted,Accepted,Accepted,Accepted,Active,No,,No,,"1 DOWNER AVENUE, BELAIR SA","1 DOWNER AVENUE, BELAIR, SOUTH AUSTRALIA, 5052",No. 1,100,-35.00163499953601,138.6229705181671,No,,,
184,CORO STREETS-32,CORO STREETS,DRISCOLL ROAD,CORMANDEL VALLEY/EAST,DRISCOLL ROAD,CORMANDEL VALLEY/EAST,DRISCOLL ROAD|CORMANDEL VALLEY EAST,No,Failed,Failed,Secondary-assisted official correction,Reviewed resolution,Active,Yes,High,No,,"2 DRISCOLL ROAD, CORMANDEL VALLEY/EAST SA","2 DRISCOLL ROAD, COROMANDEL VALLEY, SOUTH AUSTRALIA, 5051",Reviewed No. 2,55,-35.03853974707693,138.6294384815561,No,"Reviewed spelling, street type or adjoining official locality; selected the lowest numbered matching official SAGAF_PLUS candidate for DRISCOLL ROAD, COROMANDEL VALLEY.",,
185,BLACKWOOD MAIN-125,BLACKWOOD MAIN,DRYANDRA DRIVE,BELAIR,DRYANDRA DRIVE,BELAIR,DRYANDRA DRIVE|BELAIR,No,Ambiguous,Ambiguous,Official candidate salvage,Reviewed resolution,Active,Yes,High,No,,"DRYANDRA DRIVE, BELAIR SA","3 DRYANDRA DRIVE, BELAIR, SOUTH AUSTRALIA, 5052",Reviewed street-only,100,-35.01090129989056,138.60607838936028,No,Lowest valid numbered address returned by the official SAGAF_PLUS street-only search; exact street and locality were already validated by the collector.,,
186,CORO STREETS-33,CORO STREETS,DUNALBYN DRIVE,ABERFOYLE PARK,DUNALBYN DRIVE,ABERFOYLE PARK,DUNALBYN DRIVE|ABERFOYLE PARK,No,Accepted,Accepted,Accepted,Accepted,Active,No,,No,,"1 DUNALBYN DRIVE, ABERFOYLE PARK SA","1 DUNALBYN DRIVE, ABERFOYLE PARK, SOUTH AUSTRALIA, 5159",No. 1,100,-35.060060845721495,138.61400057719106,No,,,
187,BLACKWOOD MAIN-126,BLACKWOOD MAIN,DUNN AVENUE,GLENALTA,DUNN AVENUE,GLENALTA,DUNN AVENUE|GLENALTA,No,Ambiguous,Ambiguous,Official candidate salvage,Reviewed resolution,Active,Yes,High,No,,"DUNN AVENUE, GLENALTA SA","13 DUNN AVENUE, GLENALTA, SOUTH AUSTRALIA, 5052",Reviewed street-only,100,-35.00837174985231,138.6261838649949,No,Lowest valid numbered address returned by the official SAGAF_PLUS street-only search; exact street and locality were already validated by the collector.,,
188,BLACKWOOD PARK-21,BLACKWOOD PARK,DUNSFORD STREET,CRAIGBURN FARM,DUNSFORD STREET,CRAIGBURN FARM,DUNSFORD STREET|CRAIGBURN FARM,No,Accepted,Accepted,Accepted,Accepted,Active,No,,No,,"1 DUNSFORD STREET, CRAIGBURN FARM SA","1 DUNSFORD STREET, CRAIGBURN FARM, SOUTH AUSTRALIA, 5051",No. 1,100,-35.03460809342398,138.61103484876364,No,,,
189,BLACKWOOD MAIN-127,BLACKWOOD MAIN,EAGLE ROAD,EAGLE ON THE HILL · LEAWOOD GARDENS,,,,No,Ambiguous,Ambiguous authoritative locality fields,Reviewed multi-locality vicinity anchor,Reviewed resolution,Active,Yes,Moderate,Yes,JAMES ROAD|BELAIR,"2 JAMES ROAD, BELAIR SA","2 JAMES ROAD, BELAIR, SOUTH AUSTRALIA, 5052",Reviewed Directions route vicinity anchor,100,-34.99664545319125,138.6307084152919,No,The Directions entry spans multiple locality fields. A reviewed official approach point (JAMES ROAD|BELAIR) was selected without merging it with other same-name street records.,,
190,BLACKWOOD PARK-22,BLACKWOOD PARK,EARLS COURT,CRAIGBURN FARM,EARLS COURT,CRAIGBURN FARM,EARLS COURT|CRAIGBURN FARM,No,Accepted,Accepted,Accepted,Accepted,Active,No,,No,,"1 EARLS COURT, CRAIGBURN FARM SA","1 EARLS COURT, CRAIGBURN FARM, SOUTH AUSTRALIA, 5051",No. 1,100,-35.0366735368483,138.61411620359928,No,,,
191,BLACKWOOD MAIN-128,BLACKWOOD MAIN,EAST TERRACE,HAWTHORNDENE,EAST TERRACE,HAWTHORNDENE,EAST TERRACE|HAWTHORNDENE,No,Accepted,Accepted,Accepted,Accepted,Active,No,,No,,"1 EAST TERRACE, HAWTHORNDENE SA","1 EAST TERRACE, HAWTHORNDENE, SOUTH AUSTRALIA, 5051",No. 1,100,-35.02312461222017,138.6205388058589,No,,,
192,BLACKWOOD MAIN-129,BLACKWOOD MAIN,EDEN AVENUE,BELLEVUE HEIGHTS,EDEN AVENUE,BELLEVUE HEIGHTS,EDEN AVENUE|BELLEVUE HEIGHTS,No,Accepted,Accepted,Accepted,Accepted,Active,No,,No,,"1 EDEN AVENUE, BELLEVUE HEIGHTS SA","1 EDEN AVENUE, BELLEVUE HEIGHTS, SOUTH AUSTRALIA, 5050",No. 1,100,-35.02858039982021,138.5903475054655,No,,,
193,BLACKWOOD MAIN-130,BLACKWOOD MAIN,EDEN ROAD,EDEN HILLS,EDEN ROAD,EDEN HILLS,EDEN ROAD|EDEN HILLS,No,Failed,Failed,Reviewed vicinity anchor,Reviewed resolution,Active,Yes,Moderate,Yes,MOUNTAIN ROAD|EDEN HILLS,"1 MOUNTAIN ROAD, EDEN HILLS SA","1 MOUNTAIN ROAD, EDEN HILLS, SOUTH AUSTRALIA, 5050",Reviewed Directions route vicinity anchor,100,-35.02084944028001,138.6056550188194,No,Directions place Eden Road as the second right from Mountain Road.,,
194,BLACKWOOD MAIN-131,BLACKWOOD MAIN,EDGAR STREET,BEDFORD PARK,EDGAR STREET,BEDFORD PARK,EDGAR STREET|BEDFORD PARK,No,Accepted,Accepted,Accepted,Accepted,Active,No,,No,,"1 EDGAR STREET, BEDFORD PARK SA","1 EDGAR STREET, BEDFORD PARK, SOUTH AUSTRALIA, 5042",No. 1,100,-35.02741239521044,138.56728181589366,No,,,
195,BLACKWOOD MAIN-132,BLACKWOOD MAIN,EDGECUMBE PARADE,BLACKWOOD · HAWTHORNDENE,,,,No,Ambiguous,Ambiguous authoritative locality fields,Reviewed multi-locality vicinity anchor,Reviewed resolution,Active,Yes,Moderate,Yes,HEWITT AVENUE|HAWTHORNDENE,"1 HEWITT AVENUE, HAWTHORNDENE SA","1 HEWETT AVENUE, HAWTHORNDENE, SOUTH AUSTRALIA, 5051",Reviewed Directions route vicinity anchor,98.46,-35.02237766562309,138.62192596698395,No,The Directions entry spans multiple locality fields. A reviewed official approach point (HEWITT AVENUE|HAWTHORNDENE) was selected without merging it with other same-name street records.,,
196,CORO EAST & CHERRY-9,CORO EAST & CHERRY,EDIALTA ROAD,CHERRY GARDENS,EDIALTA ROAD,CHERRY GARDENS,EDIALTA ROAD|CHERRY GARDENS,No,Ambiguous,Ambiguous,Official candidate salvage,Reviewed resolution,Active,Yes,High,No,,"EDIALTA ROAD, CHERRY GARDENS SA","76 EDIALTA ROAD, CHERRY GARDENS, SOUTH AUSTRALIA, 5157",Reviewed street-only,100,-35.054681905211226,138.6719712111024,No,Lowest valid numbered address returned by the official SAGAF_PLUS street-only search; exact street and locality were already validated by the collector.,,
197,BLACKWOOD MAIN-133,BLACKWOOD MAIN,EDWARD STREET,BLACKWOOD,EDWARD STREET,BLACKWOOD,EDWARD STREET|BLACKWOOD,No,Accepted,Accepted,Accepted,Accepted,Active,No,,No,,"2 EDWARD STREET, BLACKWOOD SA","2 EDWARD STREET, BLACKWOOD, SOUTH AUSTRALIA, 5051",No. 2,100,-35.018078675765544,138.61575774282244,No,,,
198,BLACKWOOD MAIN-134,BLACKWOOD MAIN,ELIZABETH AVENUE,GLENALTA,ELIZABETH AVENUE,GLENALTA,ELIZABETH AVENUE|GLENALTA,No,Accepted,Accepted,Accepted,Accepted,Active,No,,No,,"2 ELIZABETH AVENUE, GLENALTA SA","2 ELIZABETH AVENUE, GLENALTA, SOUTH AUSTRALIA, 5052",No. 2,100,-35.01440709258771,138.63332388464582,No,,,
199,BLACKWOOD MAIN-135,BLACKWOOD MAIN,ELLIOTT AVENUE,BELAIR,ELLIOTT AVENUE,BELAIR,ELLIOTT AVENUE|BELAIR,No,Accepted,Accepted,Accepted,Accepted,Active,No,,No,,"1 ELLIOTT AVENUE, BELAIR SA","1 ELLIOTT AVENUE, BELAIR, SOUTH AUSTRALIA, 5052",No. 1,100,-34.99970528372624,138.62278853998927,No,,,
200,BLACKWOOD MAIN-136,BLACKWOOD MAIN,ELLIS AVENUE,EDEN HILLS,ELLIS AVENUE,EDEN HILLS,ELLIS AVENUE|EDEN HILLS,No,Accepted,Accepted,Accepted,Accepted,Active,No,,No,,"1 ELLIS AVENUE, EDEN HILLS SA","1 ELLIS AVENUE, EDEN HILLS, SOUTH AUSTRALIA, 5050",No. 1,100,-35.01996480931377,138.59360905961117,No,,,
201,BLACKWOOD MAIN-137,BLACKWOOD MAIN,ELLISON AVENUE,EDEN HILLS,ELLISON AVENUE,EDEN HILLS,ELLISON AVENUE|EDEN HILLS,No,Accepted,Accepted,Accepted,Accepted,Active,No,,No,,"1 ELLISON AVENUE, EDEN HILLS SA","1 ELLISON AVENUE, EDEN HILLS, SOUTH AUSTRALIA, 5050",No. 1,100,-35.020808348433405,138.5830377818247,No,,,
202,BLACKWOOD MAIN-138,BLACKWOOD MAIN,ELM STREET,HAWTHORNDENE,ELM STREET,HAWTHORNDENE,ELM STREET|HAWTHORNDENE,No,Accepted,Accepted,Accepted,Accepted,Active,No,,No,,"1 ELM STREET, HAWTHORNDENE SA","1 ELM STREET, HAWTHORNDENE, SOUTH AUSTRALIA, 5051",No. 1,100,-35.01998615572759,138.62026414866767,No,,,
203,BLACKWOOD MAIN-139,BLACKWOOD MAIN,EMMETT ROAD,BROWNHILL CREEK · CRAFERS WEST,,,,No,Ambiguous,Ambiguous authoritative locality fields,Reviewed multi-locality vicinity anchor,Reviewed resolution,Active,Yes,Moderate,Yes,UPPER STURT ROAD|BELAIR,"2 UPPER STURT ROAD, BELAIR SA","2 UPPER STURT ROAD, BELAIR, SOUTH AUSTRALIA, 5052",Reviewed Directions route vicinity anchor,100,-34.998930586791175,138.63197212299033,No,The Directions entry spans multiple locality fields. A reviewed official approach point (UPPER STURT ROAD|BELAIR) was selected without merging it with other same-name street records.,,
204,BLACKWOOD MAIN-140,BLACKWOOD MAIN,EMU AVENUE,GLENALTA,EMU AVENUE,GLENALTA,EMU AVENUE|GLENALTA,No,Accepted,Accepted,Accepted,Accepted,Active,No,,No,,"1 EMU AVENUE, GLENALTA SA","1 EMU AVENUE, GLENALTA, SOUTH AUSTRALIA, 5052",No. 1,100,-35.014793818451494,138.6271987090855,No,,,
205,BLACKWOOD MAIN-141,BLACKWOOD MAIN,ERIC STREET,BLACKWOOD,ERIC STREET,BLACKWOOD,ERIC STREET|BLACKWOOD,No,Accepted,Accepted,Accepted,Accepted,Active,No,,No,,"2 ERIC STREET, BLACKWOOD SA","2 ERIC STREET, BLACKWOOD, SOUTH AUSTRALIA, 5051",No. 2,100,-35.01065225839593,138.62080350139033,No,,,
206,BLACKWOOD MAIN-142,BLACKWOOD MAIN,EUGENIA CRESCENT,BLACKWOOD,EUGENIA CRESCENT,BLACKWOOD,EUGENIA CRESCENT|BLACKWOOD,No,Accepted,Accepted,Accepted,Accepted,Active,No,,No,,"2 EUGENIA CRESCENT, BLACKWOOD SA","2 EUGENIA CRESCENT, BLACKWOOD, SOUTH AUSTRALIA, 5051",No. 2,100,-35.02975836608978,138.61024787764063,No,,,
207,BLACKWOOD MAIN-143,BLACKWOOD MAIN,EURILPA STREET,EDEN HILLS,EURILPA STREET,EDEN HILLS,EURILPA STREET|EDEN HILLS,No,Accepted,Accepted,Accepted,Accepted,Active,No,,No,,"1 EURILPA STREET, EDEN HILLS SA","1 EURILPA STREET, EDEN HILLS, SOUTH AUSTRALIA, 5050",No. 1,100,-35.019248815016724,138.59795679044697,No,,,
208,BLACKWOOD MAIN-144,BLACKWOOD MAIN,EURO AVENUE,EDEN HILLS,EURO AVENUE,EDEN HILLS,EURO AVENUE|EDEN HILLS,No,Accepted,Accepted,Accepted,Accepted,Active,No,,No,,"1 EURO AVENUE, EDEN HILLS SA","1 EURO AVENUE, EDEN HILLS, SOUTH AUSTRALIA, 5050",No. 1,100,-35.02388810228797,138.59213028679346,No,,,
209,BLACKWOOD MAIN-145,BLACKWOOD MAIN,EVE ROAD,BELLEVUE HEIGHTS,EVE ROAD,BELLEVUE HEIGHTS,EVE ROAD|BELLEVUE HEIGHTS,No,Accepted,Accepted,Accepted,Accepted,Active,No,,No,,"2 EVE ROAD, BELLEVUE HEIGHTS SA","2 EVE ROAD, BELLEVUE HEIGHTS, SOUTH AUSTRALIA, 5050",No. 2,100,-35.03199137886262,138.5904778964766,No,,,
210,CORO STREETS-34,CORO STREETS,EWERS AVENUE,CORMANDEL VALLEY,EWERS AVENUE,CORMANDEL VALLEY,EWERS AVENUE|CORMANDEL VALLEY,No,Failed,Failed,Secondary-assisted official correction,Reviewed resolution,Active,Yes,High,No,,"2 EWERS AVENUE, CORMANDEL VALLEY SA","2 EWERS AVENUE, COROMANDEL VALLEY, SOUTH AUSTRALIA, 5051",Reviewed No. 2,55,-35.036922578342924,138.62063041755155,No,"Reviewed spelling, street type or adjoining official locality; selected the lowest numbered matching official SAGAF_PLUS candidate for EWERS AVENUE, COROMANDEL VALLEY.",,
211,BLACKWOOD MAIN-146,BLACKWOOD MAIN,EWERS AVENUE,COROMANDEL VALLEY,EWERS AVENUE,COROMANDEL VALLEY,EWERS AVENUE|COROMANDEL VALLEY,No,Accepted,Accepted,Accepted,Accepted,Active,No,,No,,"2 EWERS AVENUE, COROMANDEL VALLEY SA","2 EWERS AVENUE, COROMANDEL VALLEY, SOUTH AUSTRALIA, 5051",No. 2,100,-35.036922578342924,138.62063041755155,No,,,
212,BLACKWOOD MAIN-147,BLACKWOOD MAIN,FAIRWAY DRIVE,HAWTHORNDENE,FAIRWAY DRIVE,HAWTHORNDENE,FAIRWAY DRIVE|HAWTHORNDENE,No,Accepted,Accepted,Accepted,Accepted,Active,No,,No,,"1 FAIRWAY DRIVE, HAWTHORNDENE SA","1 FAIRWAY DRIVE, HAWTHORNDENE, SOUTH AUSTRALIA, 5051",No. 1,100,-35.01767594009139,138.63865764191354,No,,,
213,BLACKWOOD MAIN-148,BLACKWOOD MAIN,FEDERATION COURT,BELLEVUE HEIGHTS,FEDERATION COURT,BELLEVUE HEIGHTS,FEDERATION COURT|BELLEVUE HEIGHTS,No,Accepted,Accepted,Accepted,Accepted,Active,No,,No,,"1 FEDERATION COURT, BELLEVUE HEIGHTS SA","1 FEDERATION COURT, BELLEVUE HEIGHTS, SOUTH AUSTRALIA, 5050",No. 1,100,-35.03414523201754,138.5792708513317,No,,,
214,BLACKWOOD PARK-23,BLACKWOOD PARK,FERGUSSON AVENUE,CRAIGBURN FARM,FERGUSSON AVENUE,CRAIGBURN FARM,FERGUSSON AVENUE|CRAIGBURN FARM,No,Accepted,Accepted,Accepted,Accepted,Active,No,,No,,"1 FERGUSSON AVENUE, CRAIGBURN FARM SA","1 FERGUSSON AVENUE, CRAIGBURN FARM, SOUTH AUSTRALIA, 5051",No. 1,100,-35.04115859627967,138.61688216517067,No,,,
215,BLACKWOOD MAIN-149,BLACKWOOD MAIN,FERN ROAD,BLACKWOOD,FERN ROAD,BLACKWOOD,FERN ROAD|BLACKWOOD,No,Accepted,Accepted,Accepted,Accepted,Active,No,,No,,"2 FERN ROAD, BLACKWOOD SA","2 FERN ROAD, BLACKWOOD, SOUTH AUSTRALIA, 5051",No. 2,100,-35.0239790024335,138.61461588756958,No,,,
216,BLACKWOOD MAIN-150,BLACKWOOD MAIN,FIRST ROAD,BELAIR,FIRST ROAD,BELAIR,FIRST ROAD|BELAIR,No,Accepted,Accepted,Accepted,Accepted,Active,No,,No,,"1 FIRST ROAD, BELAIR SA","1 FIRST ROAD, BELAIR, SOUTH AUSTRALIA, 5052",No. 1,100,-34.99635816603851,138.63700916510592,No,,,
217,BLACKWOOD PARK-24,BLACKWOOD PARK,FISHER CRESCENT,CRAIGBURN FARM,FISHER CRESCENT,CRAIGBURN FARM,FISHER CRESCENT|CRAIGBURN FARM,No,Accepted,Accepted,Accepted,Accepted,Active,No,,No,,"1 FISHER CRESCENT, CRAIGBURN FARM SA","1 FISHER CRESCENT, CRAIGBURN FARM, SOUTH AUSTRALIA, 5051",No. 1,100,-35.03909457594959,138.6104561830622,No,,,
218,BLACKWOOD MAIN-151,BLACKWOOD MAIN,FIVEASH DRIVE,PASADENA,FIVEASH DRIVE,PASADENA,FIVEASH DRIVE|PASADENA,No,Ambiguous,Ambiguous,Official candidate salvage,Reviewed resolution,Active,Yes,High,No,,"FIVEASH DRIVE, PASADENA SA","65 FIVEASH DRIVE, PASADENA, SOUTH AUSTRALIA, 5042",Reviewed street-only,100,-35.00737736274164,138.58763348683442,No,Lowest valid numbered address returned by the official SAGAF_PLUS street-only search; exact street and locality were already validated by the collector.,,
219,CORO STREETS-35,CORO STREETS,FLAMINGO CRESCENT,CORMANDEL VALLEY,FLAMINGO CRESCENT,CORMANDEL VALLEY,FLAMINGO CRESCENT|CORMANDEL VALLEY,No,Failed,Failed,Reviewed vicinity anchor,Reviewed resolution,Active,Yes,Moderate,Yes,CRANE AVENUE|CORMANDEL VALLEY,"2 CRANE AVENUE, CORMANDEL VALLEY SA","2 CRANE AVENUE, COROMANDEL VALLEY, SOUTH AUSTRALIA, 5051",Reviewed Directions route vicinity anchor,55,-35.043344291168545,138.62598854530842,No,Directions place Flamingo Crescent as the third right from Crane Avenue.,,
220,BLACKWOOD MAIN-152,BLACKWOOD MAIN,FLINDERS ROAD,BELLEVUE HEIGHTS,FLINDERS ROAD,BELLEVUE HEIGHTS,FLINDERS ROAD|BELLEVUE HEIGHTS,No,Accepted,Accepted,Accepted,Accepted,Active,No,,No,,"1 FLINDERS ROAD, BELLEVUE HEIGHTS SA","1 FLINDERS ROAD, BELLEVUE HEIGHTS, SOUTH AUSTRALIA, 5050",No. 1,100,-35.032540871131815,138.58195196090813,No,,,
221,BLACKWOOD MAIN-153,BLACKWOOD MAIN,FOOTS HILL ROAD,HAWTHORNDENE,FOOTS HILL ROAD,HAWTHORNDENE,FOOTS HILL ROAD|HAWTHORNDENE,No,Failed,Failed,Secondary-assisted official correction,Reviewed resolution,Active,Yes,High,No,,"1 FOOTS HILL ROAD, HAWTHORNDENE SA","1 FOOTTS HILL ROAD, HAWTHORNDENE, SOUTH AUSTRALIA, 5051",Reviewed No. 1,99.1,-35.018514498381144,138.6477864357858,No,"Reviewed spelling, street type or adjoining official locality; selected the lowest numbered matching official SAGAF_PLUS candidate for FOOTTS HILL ROAD, HAWTHORNDENE.",,
222,CORO EAST & CHERRY-10,CORO EAST & CHERRY,FOOTT LANE,COROMANDEL EAST,FOOTT LANE,COROMANDEL EAST,FOOTT LANE|COROMANDEL EAST,No,Ambiguous,Ambiguous,Official candidate salvage,Reviewed resolution,Active,Yes,High,No,,"FOOTT LANE, COROMANDEL EAST SA","6 FOOTT LANE, COROMANDEL EAST, SOUTH AUSTRALIA, 5157",Reviewed street-only,100,-35.049297272323926,138.64218104540214,No,Lowest valid numbered address returned by the official SAGAF_PLUS street-only search; exact street and locality were already validated by the collector.,,
223,BLACKWOOD MAIN-154,BLACKWOOD MAIN,FORD AVENUE,TORRENS PARK,FORD AVENUE,TORRENS PARK,FORD AVENUE|TORRENS PARK,No,Accepted,Accepted,Accepted,Accepted,Active,No,,No,,"1 FORD AVENUE, TORRENS PARK SA","1 FORD AVENUE, TORRENS PARK, SOUTH AUSTRALIA, 5062",No. 1,100,-34.98590055790576,138.6163929765205,No,,,
224,BLACKWOOD MAIN-155,BLACKWOOD MAIN,FOREST AVENUE,HAWTHORNDENE,FOREST AVENUE,HAWTHORNDENE,FOREST AVENUE|HAWTHORNDENE,No,Ambiguous,Ambiguous,Official candidate salvage,Reviewed resolution,Active,Yes,High,No,,"FOREST AVENUE, HAWTHORNDENE SA","3 FOREST AVENUE, HAWTHORNDENE, SOUTH AUSTRALIA, 5051",Reviewed street-only,100,-35.01920380966091,138.62410543583547,No,Lowest valid numbered address returned by the official SAGAF_PLUS street-only search; exact street and locality were already validated by the collector.,,
225,BLACKWOOD MAIN-156,BLACKWOOD MAIN,FOURTH ROAD,BELAIR,FOURTH ROAD,BELAIR,FOURTH ROAD|BELAIR,No,Accepted,Accepted,Accepted,Accepted,Active,No,,No,,"1 FOURTH ROAD, BELAIR SA","1 FOURTH ROAD, BELAIR, SOUTH AUSTRALIA, 5052",No. 1,100,-34.99571884094446,138.6357689384627,No,,,
226,BLACKWOOD MAIN-157,BLACKWOOD MAIN,FRANCIS STREET,BELAIR,FRANCIS STREET,BELAIR,FRANCIS STREET|BELAIR,No,Ambiguous,Ambiguous,Official candidate salvage,Reviewed resolution,Active,Yes,High,No,,"FRANCIS STREET, BELAIR SA","LOT 1 FRANCIS STREET, BELAIR, SOUTH AUSTRALIA, 5052",Reviewed street-only,100,-34.994556350824915,138.63467671362196,No,Lowest valid numbered address returned by the official SAGAF_PLUS street-only search; exact street and locality were already validated by the collector.,,
227,CORO EAST & CHERRY-11,CORO EAST & CHERRY,FRITH ROAD,CHERRY GARDENS,FRITH ROAD,CHERRY GARDENS,FRITH ROAD|CHERRY GARDENS,No,Ambiguous,Ambiguous,Official candidate salvage,Reviewed resolution,Active,Yes,High,No,,"FRITH ROAD, CHERRY GARDENS SA","LOT 10 FRITH ROAD, CHERRY GARDENS, SOUTH AUSTRALIA, 5157",Reviewed street-only,100,-35.08285863779957,138.6592761430271,No,Lowest valid numbered address returned by the official SAGAF_PLUS street-only search; exact street and locality were already validated by the collector.,,
228,BLACKWOOD MAIN-158,BLACKWOOD MAIN,FULLARTON ROAD,MITCHAM,FULLARTON ROAD,MITCHAM,FULLARTON ROAD|MITCHAM,No,Ambiguous,Ambiguous,Official candidate salvage,Reviewed resolution,Active,Yes,High,No,,"FULLARTON ROAD, MITCHAM SA","553 FULLARTON ROAD, MITCHAM, SOUTH AUSTRALIA, 5062",Reviewed street-only,100,-34.97541840139712,138.62688135906663,No,Lowest valid numbered address returned by the official SAGAF_PLUS street-only search; exact street and locality were already validated by the collector.,,
229,BLACKWOOD MAIN-159,BLACKWOOD MAIN,FURNESS COURT,BLACKWOOD,FURNESS COURT,BLACKWOOD,FURNESS COURT|BLACKWOOD,No,Accepted,Accepted,Accepted,Accepted,Active,No,,No,,"1 FURNESS COURT, BLACKWOOD SA","1 FURNESS COURT, BLACKWOOD, SOUTH AUSTRALIA, 5051",No. 1,100,-35.03053252936448,138.62248737766754,No,,,
230,BLACKWOOD MAIN-160,BLACKWOOD MAIN,FYFFE ROAD,HAWTHORNDENE,FYFFE ROAD,HAWTHORNDENE,FYFFE ROAD|HAWTHORNDENE,No,Accepted,Accepted,Accepted,Accepted,Active,No,,No,,"2 FYFFE ROAD, HAWTHORNDENE SA","2 FYFFE ROAD, HAWTHORNDENE, SOUTH AUSTRALIA, 5051",No. 2,100,-35.02208308511231,138.63752681564117,No,,,
231,BLACKWOOD MAIN-161,BLACKWOOD MAIN,GAMBLE CRESCENT,HAWTHORNDENE,GAMBLE CRESCENT,HAWTHORNDENE,GAMBLE CRESCENT|HAWTHORNDENE,No,Accepted,Accepted,Accepted,Accepted,Active,No,,No,,"1 GAMBLE CRESCENT, HAWTHORNDENE SA","1 GAMBLE CRESCENT, HAWTHORNDENE, SOUTH AUSTRALIA, 5051",No. 1,100,-35.0249406583763,138.6321708225257,No,,,
232,BLACKWOOD MAIN-162,BLACKWOOD MAIN,GANNET AVENUE,GLENALTA,GANNET AVENUE,GLENALTA,GANNET AVENUE|GLENALTA,No,Accepted,Accepted,Accepted,Accepted,Active,No,,No,,"1 GANNET AVENUE, GLENALTA SA","1 GANNET AVENUE, GLENALTA, SOUTH AUSTRALIA, 5052",No. 1,100,-35.01169449705092,138.62714267474922,No,,,
233,BLACKWOOD MAIN-163,BLACKWOOD MAIN,GARNET AVENUE,BLACKWOOD,GARNET AVENUE,BLACKWOOD,GARNET AVENUE|BLACKWOOD,No,Ambiguous,Ambiguous,Official candidate salvage,Reviewed resolution,Active,Yes,High,No,,"GARNET AVENUE, BLACKWOOD SA","49 GARNET AVENUE, BLACKWOOD, SOUTH AUSTRALIA, 5051",Reviewed street-only,100,-35.03033062786706,138.6120109135358,No,Lowest valid numbered address returned by the official SAGAF_PLUS street-only search; exact street and locality were already validated by the collector.,,
234,BLACKWOOD PARK-25,BLACKWOOD PARK,GARTRELL BOULEVARD,CRAIGBURN FARM,GARTRELL BOULEVARD,CRAIGBURN FARM,GARTRELL BOULEVARD|CRAIGBURN FARM,No,Accepted,Accepted,Accepted,Accepted,Active,No,,No,,"1 GARTRELL BOULEVARD, CRAIGBURN FARM SA","1 GARTRELL BOULEVARD, CRAIGBURN FARM, SOUTH AUSTRALIA, 5051",No. 1,100,-35.03874751883815,138.60957902334079,No,,,
235,BLACKWOOD PARK-26,BLACKWOOD PARK,GARTRELL LANE,CRAIGBURN FARM,GARTRELL LANE,CRAIGBURN FARM,GARTRELL LANE|CRAIGBURN FARM,No,Failed,Failed,Secondary-assisted official correction,Reviewed resolution,Active,Yes,High,No,,"1 GARTRELL LANE, CRAIGBURN FARM SA","1 GARTRELL BOULEVARD, CRAIGBURN FARM, SOUTH AUSTRALIA, 5051",Reviewed No. 1,89.24,-35.03874751883815,138.60957902334079,No,"Reviewed spelling, street type or adjoining official locality; selected the lowest numbered matching official SAGAF_PLUS candidate for GARTRELL BOULEVARD, CRAIGBURN FARM.",,
236,BLACKWOOD MAIN-164,BLACKWOOD MAIN,GAULT ROAD,BELAIR,GAULT ROAD,BELAIR,GAULT ROAD|BELAIR,No,Accepted,Accepted,Accepted,Accepted,Active,No,,No,,"1 GAULT ROAD, BELAIR SA","1 GAULT ROAD, BELAIR, SOUTH AUSTRALIA, 5052",No. 1,100,-35.003533229385376,138.61694318033685,No,,,
237,BLACKWOOD MAIN-165,BLACKWOOD MAIN,GLADSTONE ROAD,BLACKWOOD,GLADSTONE ROAD,BLACKWOOD,GLADSTONE ROAD|BLACKWOOD,No,Ambiguous,Ambiguous,Official candidate salvage,Reviewed resolution,Active,Yes,High,No,,"GLADSTONE ROAD, BLACKWOOD SA","4 GLADSTONE ROAD, BLACKWOOD, SOUTH AUSTRALIA, 5051",Reviewed street-only,100,-35.022181634389455,138.61532174232005,No,Lowest valid numbered address returned by the official SAGAF_PLUS street-only search; exact street and locality were already validated by the collector.,,
238,BLACKWOOD MAIN-166,BLACKWOOD MAIN,GLASGOW ROAD,HAWTHORNDENE,GLASGOW ROAD,HAWTHORNDENE,GLASGOW ROAD|HAWTHORNDENE,No,Accepted,Accepted,Accepted,Accepted,Active,No,,No,,"2 GLASGOW ROAD, HAWTHORNDENE SA","2 GLASGOW ROAD, HAWTHORNDENE, SOUTH AUSTRALIA, 5051",No. 2,100,-35.02272579005521,138.6349198848528,No,,,
239,BLACKWOOD MAIN-167,BLACKWOOD MAIN,GLEN AVENUE,HAWTHORNDENE,GLEN AVENUE,HAWTHORNDENE,GLEN AVENUE|HAWTHORNDENE,No,Accepted,Accepted,Accepted,Accepted,Active,No,,No,,"1 GLEN AVENUE, HAWTHORNDENE SA","1 GLEN AVENUE, HAWTHORNDENE, SOUTH AUSTRALIA, 5051",No. 1,100,-35.019237074489105,138.6194444463768,No,,,
240,BLACKWOOD MAIN-168,BLACKWOOD MAIN,GLEN ROAD,EDEN HILLS,GLEN ROAD,EDEN HILLS,GLEN ROAD|EDEN HILLS,No,Accepted,Accepted,Accepted,Accepted,Active,No,,No,,"1 GLEN ROAD, EDEN HILLS SA","1 GLEN ROAD, EDEN HILLS, SOUTH AUSTRALIA, 5050",No. 1,100,-35.01934273923754,138.6047001225743,No,,,
241,BLACKWOOD MAIN-169,BLACKWOOD MAIN,GLENBERRIE PLACE,HAWTHORNDENE,GLENBERRIE PLACE,HAWTHORNDENE,GLENBERRIE PLACE|HAWTHORNDENE,No,Accepted,Accepted,Accepted,Accepted,Active,No,,No,,"1 GLENBERRIE PLACE, HAWTHORNDENE SA","1 GLENBERRIE PLACE, HAWTHORNDENE, SOUTH AUSTRALIA, 5051",No. 1,100,-35.016705567696285,138.640105640318,No,,,
242,CORO STREETS-36,CORO STREETS,GLENDALE AVENUE,FLAGSTAFF HILL,GLENDALE AVENUE,FLAGSTAFF HILL,GLENDALE AVENUE|FLAGSTAFF HILL,No,Accepted,Accepted,Accepted,Accepted,Active,No,,No,,"2 GLENDALE AVENUE, FLAGSTAFF HILL SA","2 GLENDALE AVENUE, FLAGSTAFF HILL, SOUTH AUSTRALIA, 5159",No. 2,100,-35.05750496843955,138.6146694314909,No,,,
243,BLACKWOOD MAIN-170,BLACKWOOD MAIN,GLENFIELD COURT,HAWTHORNDENE,GLENFIELD COURT,HAWTHORNDENE,GLENFIELD COURT|HAWTHORNDENE,No,Accepted,Accepted,Accepted,Accepted,Active,No,,No,,"1 GLENFIELD COURT, HAWTHORNDENE SA","1 GLENFIELD COURT, HAWTHORNDENE, SOUTH AUSTRALIA, 5051",No. 1,100,-35.02454450451308,138.62340367248098,No,,,
244,BLACKWOOD MAIN-171,BLACKWOOD MAIN,GLENGARRY AVENUE,GLENALTA,GLENGARRY AVENUE,GLENALTA,GLENGARRY AVENUE|GLENALTA,No,Ambiguous,Ambiguous,Official candidate salvage,Reviewed resolution,Active,Yes,High,No,,"GLENGARRY AVENUE, GLENALTA SA","14 GLENGARRY AVENUE, GLENALTA, SOUTH AUSTRALIA, 5052",Reviewed street-only,100,-35.008908612160006,138.62489383005274,No,Lowest valid numbered address returned by the official SAGAF_PLUS street-only search; exact street and locality were already validated by the collector.,,
245,BLACKWOOD MAIN-172,BLACKWOOD MAIN,GLENGARRY LANE,GLENALTA,GLENGARRY LANE,GLENALTA,GLENGARRY LANE|GLENALTA,No,Accepted,Accepted,Accepted,Accepted,Active,No,,No,,"GLENGARRY LANE, GLENALTA SA","21 GLENGARRY LANE, GLENALTA, SOUTH AUSTRALIA, 5052",street-only,100,-35.00956359129086,138.62402876663248,No,,,
246,BLACKWOOD MAIN-173,BLACKWOOD MAIN,GLENGYLE AVENUE,BLACKWOOD,GLENGYLE AVENUE,BLACKWOOD,GLENGYLE AVENUE|BLACKWOOD,No,Ambiguous,Ambiguous,Official candidate salvage,Reviewed resolution,Active,Yes,High,No,,"GLENGYLE AVENUE, BLACKWOOD SA","26A GLENGYLE AVENUE, BLACKWOOD, SOUTH AUSTRALIA, 5051",Reviewed street-only,100,-35.01347496585068,138.61379600739193,No,Lowest valid numbered address returned by the official SAGAF_PLUS street-only search; exact street and locality were already validated by the collector.,,
247,BLACKWOOD MAIN-174,BLACKWOOD MAIN,GLENWOOD DRIVE,BELLEVUE HEIGHTS,GLENWOOD DRIVE,BELLEVUE HEIGHTS,GLENWOOD DRIVE|BELLEVUE HEIGHTS,No,Accepted,Accepted,Accepted,Accepted,Active,No,,No,,"1 GLENWOOD DRIVE, BELLEVUE HEIGHTS SA","1 GLENWOOD DRIVE, BELLEVUE HEIGHTS, SOUTH AUSTRALIA, 5050",No. 1,100,-35.02428212150981,138.58505679679897,No,,,
248,BLACKWOOD MAIN-175,BLACKWOOD MAIN,GLOUCESTER AVENUE,BELAIR · BLACKWOOD,,,,No,Ambiguous,Ambiguous authoritative locality fields,Reviewed multi-locality vicinity anchor,Reviewed resolution,Active,Yes,Moderate,Yes,UPPER STURT ROAD|BELAIR,"2 UPPER STURT ROAD, BELAIR SA","2 UPPER STURT ROAD, BELAIR, SOUTH AUSTRALIA, 5052",Reviewed Directions route vicinity anchor,100,-34.998930586791175,138.63197212299033,No,The Directions entry spans multiple locality fields. A reviewed official approach point (UPPER STURT ROAD|BELAIR) was selected without merging it with other same-name street records.,,
249,BLACKWOOD MAIN-176,BLACKWOOD MAIN,GOLDNEY GROVE,HAWTHORNDENE,GOLDNEY GROVE,HAWTHORNDENE,GOLDNEY GROVE|HAWTHORNDENE,No,Accepted,Accepted,Accepted,Accepted,Active,No,,No,,"1 GOLDNEY GROVE, HAWTHORNDENE SA","1 GOLDNEY GROVE, HAWTHORNDENE, SOUTH AUSTRALIA, 5051",No. 1,100,-35.01918851139765,138.63908136822798,No,,,
250,CORO STREETS-37,CORO STREETS,GOLDSACK AVENUE,COROMANDEL VALLEY,GOLDSACK AVENUE,COROMANDEL VALLEY,GOLDSACK AVENUE|COROMANDEL VALLEY,No,Accepted,Accepted,Accepted,Accepted,Active,No,,No,,"1 GOLDSACK AVENUE, COROMANDEL VALLEY SA","1 GOLDSACK AVENUE, COROMANDEL VALLEY, SOUTH AUSTRALIA, 5051",No. 1,100,-35.04946252914428,138.61503427728056,No,,,
251,BLACKWOOD MAIN-177,BLACKWOOD MAIN,GOOCH COURT,BELAIR,GOOCH COURT,BELAIR,GOOCH COURT|BELAIR,No,Accepted,Accepted,Accepted,Accepted,Active,No,,No,,"2 GOOCH COURT, BELAIR SA","2 GOOCH COURT, BELAIR, SOUTH AUSTRALIA, 5052",No. 2,100,-34.99965298501237,138.62402022806697,No,,,
252,BLACKWOOD MAIN-178,BLACKWOOD MAIN,GOOCH ROAD,BELAIR NATIONAL PARK,GOOCH ROAD,BELAIR NATIONAL PARK,GOOCH ROAD|BELAIR NATIONAL PARK,No,Failed,Failed,Reviewed vicinity anchor,Reviewed resolution,Active,Yes,Moderate,Yes,UPPER STURT ROAD|BELAIR,"2 UPPER STURT ROAD, BELAIR SA","2 UPPER STURT ROAD, BELAIR, SOUTH AUSTRALIA, 5052",Reviewed Directions route vicinity anchor,100,-34.998930586791175,138.63197212299033,No,Directions identify Gooch Road as the Belair National Park entrance from Upper Sturt Road.,,
253,BLACKWOOD PARK-27,BLACKWOOD PARK,GOODE AVENUE,CRAIGBURN FARM,GOODE AVENUE,CRAIGBURN FARM,GOODE AVENUE|CRAIGBURN FARM,No,Accepted,Accepted,Accepted,Accepted,Active,No,,No,,"1 GOODE AVENUE, CRAIGBURN FARM SA","1 GOODE AVENUE, CRAIGBURN FARM, SOUTH AUSTRALIA, 5051",No. 1,100,-35.041251986840145,138.60988196453033,No,,,
254,BLACKWOOD MAIN-179,BLACKWOOD MAIN,GORDON AVENUE,BELAIR,GORDON AVENUE,BELAIR,GORDON AVENUE|BELAIR,No,Accepted,Accepted,Accepted,Accepted,Active,No,,No,,"1 GORDON AVENUE, BELAIR SA","1 GORDON AVENUE, BELAIR, SOUTH AUSTRALIA, 5052",No. 1,100,-35.00248618778727,138.62776652369325,No,,,
255,BLACKWOOD MAIN-180,BLACKWOOD MAIN,GORGE ROAD,BELLEVUE HEIGHTS,GORGE ROAD,BELLEVUE HEIGHTS,GORGE ROAD|BELLEVUE HEIGHTS,No,Accepted,Accepted,Accepted,Accepted,Active,No,,No,,"1 GORGE ROAD, BELLEVUE HEIGHTS SA","1 GORGE ROAD, BELLEVUE HEIGHTS, SOUTH AUSTRALIA, 5050",No. 1,100,-35.03248110117313,138.58944793200956,No,,,
256,BLACKWOOD MAIN-181,BLACKWOOD MAIN,GORSE AVENUE,HAWTHORNDENE,GORSE AVENUE,HAWTHORNDENE,GORSE AVENUE|HAWTHORNDENE,No,Accepted,Accepted (preserved validated),Accepted,Accepted (preserved validated),Active,No,,No,,"2 Gorse Avenue, Hawthorndene SA","2 GORSE AVENUE, HAWTHORNDENE, SOUTH AUSTRALIA, 5051",No. 2,100,-35.023253935910596,138.62679988692054,No,,,
257,CORO STREETS-38,CORO STREETS,GOSS ROAD,ABERFOYLE PARK,GOSS ROAD,ABERFOYLE PARK,GOSS ROAD|ABERFOYLE PARK,No,Accepted,Accepted,Accepted,Accepted,Active,No,,No,,"2 GOSS ROAD, ABERFOYLE PARK SA","2 GOSS ROAD, ABERFOYLE PARK, SOUTH AUSTRALIA, 5159",No. 2,100,-35.06049453369571,138.6150024355466,No,,,
258,BLACKWOOD MAIN-182,BLACKWOOD MAIN,GOTHIC ROAD,BELLEVUE HEIGHTS,GOTHIC ROAD,BELLEVUE HEIGHTS,GOTHIC ROAD|BELLEVUE HEIGHTS,No,Accepted,Accepted,Accepted,Accepted,Active,No,,No,,"2 GOTHIC ROAD, BELLEVUE HEIGHTS SA","2 GOTHIC ROAD, BELLEVUE HEIGHTS, SOUTH AUSTRALIA, 5050",No. 2,100,-35.02926988898676,138.59284877150543,No,,,
259,BLACKWOOD MAIN-183,BLACKWOOD MAIN,GOVERNMENT ROAD,SPRINGFIELD,GOVERNMENT ROAD,SPRINGFIELD,GOVERNMENT ROAD|SPRINGFIELD,No,Failed,Failed,Failed,Failed,Grey fallback,No,,No,,"1 GOVERNMENT ROAD, SPRINGFIELD SA | 2 GOVERNMENT ROAD, SPRINGFIELD SA | GOVERNMENT ROAD, SPRINGFIELD SA",,,,,,No,No. 1: returned suburb/locality does not exactly match; No. 2: returned suburb/locality does not exactly match; street-only: returned suburb/locality does not exactly match; street-only: returned suburb/locality does not exactly match; street-only: returned suburb/locality does not exactly match; street-only: returned suburb/locality does not exactly match; street-only: returned suburb/locality does not exactly match; street-only: returned suburb/locality does not exactly match; street-only: returned suburb/locality does not exactly match; street-only: returned suburb/locality does not exactly match; street-only: returned suburb/locality does not exactly match; street-only: returned suburb/locality does not exactly match,,"16A GORSE AVENUE, HAWTHORNDENE, SOUTH AUSTRALIA, 5051"
260,BLACKWOOD PARK-28,BLACKWOOD PARK,GRAND BOULEVARD,CRAIGBURN FARM,GRAND BOULEVARD,CRAIGBURN FARM,GRAND BOULEVARD|CRAIGBURN FARM,No,Accepted,Accepted,Accepted,Accepted,Active,No,,No,,"2 GRAND BOULEVARD, CRAIGBURN FARM SA","2 GRAND BOULEVARD, CRAIGBURN FARM, SOUTH AUSTRALIA, 5051",No. 2,100,-35.03826775818746,138.61914968797922,No,,,
261,BLACKWOOD MAIN-184,BLACKWOOD MAIN,GRASKE GROVE,EDEN HILLS,GRASKE GROVE,EDEN HILLS,GRASKE GROVE|EDEN HILLS,No,Failed,Failed,Reviewed vicinity anchor,Reviewed resolution,Active,Yes,Moderate,Yes,PASADENA CRESCENT|PASADENA,"1 PASADENA CRESCENT, PASADENA SA","1 PASADENA CRESCENT, PASADENA, SOUTH AUSTRALIA, 5042",Reviewed Directions route vicinity anchor,100,-35.01116065881851,138.58586084505305,No,Directions place Graske Grove directly from Pasadena Crescent.,,
262,BLACKWOOD PARK-29,BLACKWOOD PARK,GRASS LILY STREET,CRAIGBURN FARM,GRASS LILY STREET,CRAIGBURN FARM,GRASS LILY STREET|CRAIGBURN FARM,No,Accepted,Accepted,Accepted,Accepted,Active,No,,No,,"1 GRASS LILY STREET, CRAIGBURN FARM SA","1 GRASS LILY STREET, CRAIGBURN FARM, SOUTH AUSTRALIA, 5051",No. 1,100,-35.0395743366003,138.6163881735774,No,,,
263,CORO STREETS-39,CORO STREETS,GRASSMERE CLOSE,COROMANDLE VALLEY,GRASSMERE CLOSE,COROMANDLE VALLEY,GRASSMERE CLOSE|COROMANDLE VALLEY,No,Failed,Failed,Secondary-assisted official correction,Reviewed resolution,Active,Yes,High,No,,"2 GRASSMERE CLOSE, COROMANDLE VALLEY SA","2 GRASSMERE CLOSE, COROMANDEL VALLEY, SOUTH AUSTRALIA, 5051",Reviewed No. 2,55,-35.05689979760761,138.61909525462397,No,"Reviewed spelling, street type or adjoining official locality; selected the lowest numbered matching official SAGAF_PLUS candidate for GRASSMERE CLOSE, COROMANDEL VALLEY.",,
264,BLACKWOOD MAIN-185,BLACKWOOD MAIN,GRATTON STREET,BELAIR · BLACKWOOD,,,,No,Ambiguous,Ambiguous authoritative locality fields,Reviewed multi-locality vicinity anchor,Reviewed resolution,Active,Yes,Moderate,Yes,CEDAR AVENUE|BLACKWOOD,"1 CEDAR AVENUE, BLACKWOOD SA","1 CEDAR AVENUE, BLACKWOOD, SOUTH AUSTRALIA, 5051",Reviewed Directions route vicinity anchor,100,-35.01012286733308,138.6190940094165,No,The Directions entry spans multiple locality fields. A reviewed official approach point (CEDAR AVENUE|BLACKWOOD) was selected without merging it with other same-name street records.,,
265,BLACKWOOD MAIN-186,BLACKWOOD MAIN,GREENGLADE ROAD,BELAIR,GREENGLADE ROAD,BELAIR,GREENGLADE ROAD|BELAIR,No,Accepted,Accepted,Accepted,Accepted,Active,No,,No,,"1 GREENGLADE ROAD, BELAIR SA","1 GREENGLADE ROAD, BELAIR, SOUTH AUSTRALIA, 5052",No. 1,100,-34.99659742376014,138.6415141478569,No,,,
266,BLACKWOOD MAIN-187,BLACKWOOD MAIN,GREENOCK ROAD,HAWTHORNDENE,GREENOCK ROAD,HAWTHORNDENE,GREENOCK ROAD|HAWTHORNDENE,No,Accepted,Accepted,Accepted,Accepted,Active,No,,No,,"1 GREENOCK ROAD, HAWTHORNDENE SA","1 GREENOCK ROAD, HAWTHORNDENE, SOUTH AUSTRALIA, 5051",No. 1,100,-35.02057478308879,138.63744925700428,No,,,
267,BLACKWOOD MAIN-188,BLACKWOOD MAIN,GREENWOOD CRESCENT,GLENALTA,GREENWOOD CRESCENT,GLENALTA,GREENWOOD CRESCENT|GLENALTA,No,Accepted,Accepted,Accepted,Accepted,Active,No,,No,,"2 GREENWOOD CRESCENT, GLENALTA SA","2 GREENWOOD CRESCENT, GLENALTA, SOUTH AUSTRALIA, 5052",No. 2,100,-35.01306369161099,138.62414634979532,No,,,
268,CORO STREETS-40,CORO STREETS,GREENWOOD GROVE,COROMANDEL VALLEY,GREENWOOD GROVE,COROMANDEL VALLEY,GREENWOOD GROVE|COROMANDEL VALLEY,No,Accepted,Accepted,Accepted,Accepted,Active,No,,No,,"1 GREENWOOD GROVE, COROMANDEL VALLEY SA","1 GREENWOOD GROVE, COROMANDEL VALLEY, SOUTH AUSTRALIA, 5051",No. 1,100,-35.04134502162706,138.6269523358926,No,,,
269,BLACKWOOD PARK-30,BLACKWOOD PARK,GRENACHE CIRCUIT,CRAIGBURN FARM,GRENACHE CIRCUIT,CRAIGBURN FARM,GRENACHE CIRCUIT|CRAIGBURN FARM,No,Accepted,Accepted,Accepted,Accepted,Active,No,,No,,"2 GRENACHE CIRCUIT, CRAIGBURN FARM SA","2 GRENACHE CIRCUIT, CRAIGBURN FARM, SOUTH AUSTRALIA, 5051",No. 2,100,-35.03843852949804,138.61378302165684,No,,,
270,BLACKWOOD MAIN-189,BLACKWOOD MAIN,GREVILLEA WAY,BELAIR · BLACKWOOD,,,,No,Ambiguous,Ambiguous authoritative locality fields,Reviewed multi-locality vicinity anchor,Reviewed resolution,Active,Yes,Moderate,Yes,GULFVIEW ROAD|BLACKWOOD,"2 GULFVIEW ROAD, BLACKWOOD SA","2 GULFVIEW ROAD, BLACKWOOD, SOUTH AUSTRALIA, 5051",Reviewed Directions route vicinity anchor,100,-35.014752726604875,138.6171674955688,No,The Directions entry spans multiple locality fields. A reviewed official approach point (GULFVIEW ROAD|BLACKWOOD) was selected without merging it with other same-name street records.,,
271,BLACKWOOD MAIN-190,BLACKWOOD MAIN,GROVE STREET,EDEN HILLS,GROVE STREET,EDEN HILLS,GROVE STREET|EDEN HILLS,No,Accepted,Accepted,Accepted,Accepted,Active,No,,No,,"1 GROVE STREET, EDEN HILLS SA","1 GROVE STREET, EDEN HILLS, SOUTH AUSTRALIA, 5050",No. 1,100,-35.01699463371683,138.60363458075088,No,,,
272,BLACKWOOD MAIN-191,BLACKWOOD MAIN,GULFVIEW ROAD,BLACKWOOD,GULFVIEW ROAD,BLACKWOOD,GULFVIEW ROAD|BLACKWOOD,No,Accepted,Accepted,Accepted,Accepted,Active,No,,No,,"2 GULFVIEW ROAD, BLACKWOOD SA","2 GULFVIEW ROAD, BLACKWOOD, SOUTH AUSTRALIA, 5051",No. 2,100,-35.014752726604875,138.6171674955688,No,,,
273,BLACKWOOD MAIN-192,BLACKWOOD MAIN,GUM GROVE,BELAIR · BLACKWOOD,,,,No,Ambiguous,Ambiguous authoritative locality fields,Reviewed multi-locality vicinity anchor,Reviewed resolution,Active,Yes,Moderate,Yes,GULFVIEW ROAD|BLACKWOOD,"2 GULFVIEW ROAD, BLACKWOOD SA","2 GULFVIEW ROAD, BLACKWOOD, SOUTH AUSTRALIA, 5051",Reviewed Directions route vicinity anchor,100,-35.014752726604875,138.6171674955688,No,The Directions entry spans multiple locality fields. A reviewed official approach point (GULFVIEW ROAD|BLACKWOOD) was selected without merging it with other same-name street records.,,
274,BLACKWOOD MAIN-193,BLACKWOOD MAIN,GUM ROAD,HAWTHORNDENE,GUM ROAD,HAWTHORNDENE,GUM ROAD|HAWTHORNDENE,No,Failed,Failed,Reviewed vicinity anchor,Reviewed resolution,Active,Yes,Moderate,Yes,BLACKWOOD CFS|16A GORSE AVENUE HAWTHORNDENE,"16A GORSE AVENUE, HAWTHORNDENE SA","16A GORSE AVENUE, HAWTHORNDENE, SOUTH AUSTRALIA, 5051",Reviewed Directions route vicinity anchor,100,-35.02315147312423,138.62864279398076,No,This Directions entry is the Blackwood CFS station itself; the official 16A Gorse Avenue station coordinate is the correct operational starting point.,https://www.homely.com.au/find-street-by-suburb/hawthorndene-mitcham-adelaide-greater-south-australia,
275,CORO STREETS-41,CORO STREETS,GWENDOLINE COURT,COROMANDEL VALLEY,GWENDOLINE COURT,COROMANDEL VALLEY,GWENDOLINE COURT|COROMANDEL VALLEY,No,Accepted,Accepted,Accepted,Accepted,Active,No,,No,,"1 GWENDOLINE COURT, COROMANDEL VALLEY SA","1 GWENDOLINE COURT, COROMANDEL VALLEY, SOUTH AUSTRALIA, 5051",No. 1,100,-35.037254515077905,138.6276857630943,No,,,
276,BLACKWOOD PARK-31,BLACKWOOD PARK,HACKETT CLOSE,CRAIGBURN FARM,HACKETT CLOSE,CRAIGBURN FARM,HACKETT CLOSE|CRAIGBURN FARM,No,Accepted,Accepted,Accepted,Accepted,Active,No,,No,,"2 HACKETT CLOSE, CRAIGBURN FARM SA","2 HACKETT CLOSE, CRAIGBURN FARM, SOUTH AUSTRALIA, 5051",No. 2,100,-35.03947774407776,138.6098417621176,No,,,
277,BLACKWOOD MAIN-194,BLACKWOOD MAIN,HAKEA COURT,COROMANDEL VALLEY,HAKEA COURT,COROMANDEL VALLEY,HAKEA COURT|COROMANDEL VALLEY,Yes,Ambiguous,Ambiguous,Official candidate salvage,Reviewed resolution,Active,Yes,High,No,,"HAKEA COURT, COROMANDEL VALLEY SA","3 HAKEA COURT, COROMANDEL VALLEY, SOUTH AUSTRALIA, 5051",Reviewed street-only,100,-35.04065642189444,138.62161591032313,No,Lowest valid numbered address returned by the official SAGAF_PLUS street-only search; exact street and locality were already validated by the collector.,,
278,CORO STREETS-42,CORO STREETS,HAKEA COURT,COROMANDEL VALLEY,HAKEA COURT,COROMANDEL VALLEY,HAKEA COURT|COROMANDEL VALLEY,Yes,Ambiguous,Ambiguous,Official candidate salvage,Reviewed resolution,Active,Yes,High,No,,"HAKEA COURT, COROMANDEL VALLEY SA","3 HAKEA COURT, COROMANDEL VALLEY, SOUTH AUSTRALIA, 5051",Reviewed street-only,100,-35.04065642189444,138.62161591032313,No,Lowest valid numbered address returned by the official SAGAF_PLUS street-only search; exact street and locality were already validated by the collector.,,
279,BLACKWOOD MAIN-195,BLACKWOOD MAIN,HAMILTON LANE,BELAIR,HAMILTON LANE,BELAIR,HAMILTON LANE|BELAIR,No,Accepted,Accepted,Accepted,Accepted,Active,No,,No,,"2 HAMILTON LANE, BELAIR SA","2 HAMILTON LANE, BELAIR, SOUTH AUSTRALIA, 5052",No. 2,100,-34.99513821848843,138.6341788085195,No,,,
280,BLACKWOOD MAIN-196,BLACKWOOD MAIN,HANNAFORD ROAD,BLACKWOOD,HANNAFORD ROAD,BLACKWOOD,HANNAFORD ROAD|BLACKWOOD,No,Accepted,Accepted (preserved validated),Accepted,Accepted (preserved validated),Active,No,,No,,"1 Hannaford Road, Blackwood SA","1 HANNAFORD ROAD, BLACKWOOD, SOUTH AUSTRALIA, 5051",No. 1,100,-35.01504179262541,138.6093353184496,No,,,
281,BLACKWOOD MAIN-197,BLACKWOOD MAIN,HARCOURT AVENUE,BELAIR,HARCOURT AVENUE,BELAIR,HARCOURT AVENUE|BELAIR,No,Accepted,Accepted,Accepted,Accepted,Active,No,,No,,"1 HARCOURT AVENUE, BELAIR SA","1 HARCOURT AVENUE, BELAIR, SOUTH AUSTRALIA, 5052",No. 1,100,-35.005738313933456,138.63048801356916,No,,,
282,BLACKWOOD MAIN-198,BLACKWOOD MAIN,HAWKER AVENUE,BELAIR,HAWKER AVENUE,BELAIR,HAWKER AVENUE|BELAIR,No,Ambiguous,Ambiguous,Official candidate salvage,Reviewed resolution,Active,Yes,High,No,,"HAWKER AVENUE, BELAIR SA","32 HAWKER AVENUE, BELAIR, SOUTH AUSTRALIA, 5052",Reviewed street-only,100,-35.00543572851749,138.60731399094718,No,Lowest valid numbered address returned by the official SAGAF_PLUS street-only search; exact street and locality were already validated by the collector.,,
283,BLACKWOOD MAIN-199,BLACKWOOD MAIN,HAWTHORNDENE DRIVE,HAWTHORNDENE,HAWTHORNDENE DRIVE,HAWTHORNDENE,HAWTHORNDENE DRIVE|HAWTHORNDENE,No,Ambiguous,Ambiguous,Official candidate salvage,Reviewed resolution,Active,Yes,High,No,,"HAWTHORNDENE DRIVE, HAWTHORNDENE SA","8 HAWTHORNDENE DRIVE, HAWTHORNDENE, SOUTH AUSTRALIA, 5051",Reviewed street-only,100,-35.01740448486227,138.6215732174955,No,Lowest valid numbered address returned by the official SAGAF_PLUS street-only search; exact street and locality were already validated by the collector.,,
284,BLACKWOOD PARK-32,BLACKWOOD PARK,HAYMAN RETREAT,CRAIGBURN FARM,HAYMAN RETREAT,CRAIGBURN FARM,HAYMAN RETREAT|CRAIGBURN FARM,No,Ambiguous,Ambiguous,Official candidate salvage,Reviewed resolution,Active,Yes,High,No,,"HAYMAN RETREAT, CRAIGBURN FARM SA","5 HAYMAN RETREAT, CRAIGBURN FARM, SOUTH AUSTRALIA, 5051",Reviewed street-only,100,-35.03580544935277,138.60469389653693,No,Lowest valid numbered address returned by the official SAGAF_PLUS street-only search; exact street and locality were already validated by the collector.,,
285,CORO STREETS-44,CORO STREETS,HEATH LANE,FLAGSTAFF HILL,HEATH LANE,FLAGSTAFF HILL,HEATH LANE|FLAGSTAFF HILL,No,Accepted,Accepted,Accepted,Accepted,Active,No,,No,,"2 HEATH LANE, FLAGSTAFF HILL SA","2 HEATH LANE, FLAGSTAFF HILL, SOUTH AUSTRALIA, 5159",No. 2,100,-35.05651147076278,138.61403135160432,No,,,
286,CORO STREETS-43,CORO STREETS,HEATHER DRIVE,COROMANDEL VALLEY,HEATHER DRIVE,COROMANDEL VALLEY,HEATHER DRIVE|COROMANDEL VALLEY,No,Accepted,Accepted,Accepted,Accepted,Active,No,,No,,"1 HEATHER DRIVE, COROMANDEL VALLEY SA","1 HEATHER DRIVE, COROMANDEL VALLEY, SOUTH AUSTRALIA, 5051",No. 1,100,-35.036440860937624,138.6260162956464,No,,,
287,BLACKWOOD MAIN-200,BLACKWOOD MAIN,HEATHFIELD ROAD,BELLEVUE HEIGHTS,HEATHFIELD ROAD,BELLEVUE HEIGHTS,HEATHFIELD ROAD|BELLEVUE HEIGHTS,No,Accepted,Accepted,Accepted,Accepted,Active,No,,No,,"1 HEATHFIELD ROAD, BELLEVUE HEIGHTS SA","1 HEATHFIELD ROAD, BELLEVUE HEIGHTS, SOUTH AUSTRALIA, 5050",No. 1,100,-35.02636980078188,138.58270958071213,No,,,
288,BLACKWOOD MAIN-201,BLACKWOOD MAIN,HEWITT AVENUE,HAWTHORNDENE,HEWITT AVENUE,HAWTHORNDENE,HEWITT AVENUE|HAWTHORNDENE,No,Failed,Failed,Secondary-assisted official correction,Reviewed resolution,Active,Yes,High,No,,"1 HEWITT AVENUE, HAWTHORNDENE SA","1 HEWETT AVENUE, HAWTHORNDENE, SOUTH AUSTRALIA, 5051",Reviewed No. 1,98.46,-35.02237766562309,138.62192596698395,No,"Reviewed spelling, street type or adjoining official locality; selected the lowest numbered matching official SAGAF_PLUS candidate for HEWETT AVENUE, HAWTHORNDENE.",,
289,CORO EAST & CHERRY-12,CORO EAST & CHERRY,HICKS HILL ROAD,CHERRY GARDENS,HICKS HILL ROAD,CHERRY GARDENS,HICKS HILL ROAD|CHERRY GARDENS,No,Ambiguous,Ambiguous,Official candidate salvage,Reviewed resolution,Active,Yes,High,No,,"HICKS HILL ROAD, CHERRY GARDENS SA","60 HICKS HILL ROAD, CHERRY GARDENS, SOUTH AUSTRALIA, 5157",Reviewed street-only,100,-35.069949927699405,138.6436171253922,No,Lowest valid numbered address returned by the official SAGAF_PLUS street-only search; exact street and locality were already validated by the collector.,,
290,BLACKWOOD MAIN-202,BLACKWOOD MAIN,HIGH STREET,BELAIR,HIGH STREET,BELAIR,HIGH STREET|BELAIR,No,Accepted,Accepted,Accepted,Accepted,Active,No,,No,,"1 HIGH STREET, BELAIR SA","1 HIGH STREET, BELAIR, SOUTH AUSTRALIA, 5052",No. 1,100,-35.00520145162577,138.6081290681817,No,,,
291,BLACKWOOD PARK-33,BLACKWOOD PARK,HIGHFIELD DRIVE,CRAIGBURN FARM,HIGHFIELD DRIVE,CRAIGBURN FARM,HIGHFIELD DRIVE|CRAIGBURN FARM,No,Ambiguous,Ambiguous,Official candidate salvage,Reviewed resolution,Active,Yes,High,No,,"HIGHFIELD DRIVE, CRAIGBURN FARM SA","45 HIGHFIELD DRIVE, CRAIGBURN FARM, SOUTH AUSTRALIA, 5051",Reviewed street-only,100,-35.037098864143765,138.60603445132514,No,Lowest valid numbered address returned by the official SAGAF_PLUS street-only search; exact street and locality were already validated by the collector.,,
292,BLACKWOOD MAIN-203,BLACKWOOD MAIN,HIGHLAND COURT,BELAIR,HIGHLAND COURT,BELAIR,HIGHLAND COURT|BELAIR,No,Accepted,Accepted,Accepted,Accepted,Active,No,,No,,"2 HIGHLAND COURT, BELAIR SA","2 HIGHLAND COURT, BELAIR, SOUTH AUSTRALIA, 5052",No. 2,100,-34.99693825483419,138.61945013875382,No,,,
293,BLACKWOOD MAIN-204,BLACKWOOD MAIN,HIGHLAND DRIVE,BELLEVUE HEIGHTS,HIGHLAND DRIVE,BELLEVUE HEIGHTS,HIGHLAND DRIVE|BELLEVUE HEIGHTS,No,Accepted,Accepted,Accepted,Accepted,Active,No,,No,,"1 HIGHLAND DRIVE, BELLEVUE HEIGHTS SA","1 HIGHLAND DRIVE, BELLEVUE HEIGHTS, SOUTH AUSTRALIA, 5050",No. 1,100,-35.02674941117438,138.58588219146688,No,,,
294,BLACKWOOD MAIN-205,BLACKWOOD MAIN,HILL ROAD,EDEN HILLS,HILL ROAD,EDEN HILLS,HILL ROAD|EDEN HILLS,No,Accepted,Accepted,Accepted,Accepted,Active,No,,No,,"1 HILL ROAD, EDEN HILLS SA","1 HILL ROAD, EDEN HILLS, SOUTH AUSTRALIA, 5050",No. 1,100,-35.01932032550303,138.6064658267712,No,,,
295,BLACKWOOD MAIN-206,BLACKWOOD MAIN,HILLCREST DRIVE,EDEN HILLS,HILLCREST DRIVE,EDEN HILLS,HILLCREST DRIVE|EDEN HILLS,No,Accepted,Accepted,Accepted,Accepted,Active,No,,No,,"1 HILLCREST DRIVE, EDEN HILLS SA","1 HILLCREST DRIVE, EDEN HILLS, SOUTH AUSTRALIA, 5050",No. 1,100,-35.01578037854375,138.57733864510698,No,,,
296,BLACKWOOD MAIN-207,BLACKWOOD MAIN,HILLRIDGE DRIVE,BELAIR,HILLRIDGE DRIVE,BELAIR,HILLRIDGE DRIVE|BELAIR,No,Accepted,Accepted,Accepted,Accepted,Active,No,,No,,"1 HILLRIDGE DRIVE, BELAIR SA","1 HILLRIDGE DRIVE, BELAIR, SOUTH AUSTRALIA, 5052",No. 1,100,-35.004814369988416,138.62893435041627,No,,,
297,CORO STREETS-45,CORO STREETS,HILLSDALE AVENUE,COROMANDEL VALLEY,HILLSDALE AVENUE,COROMANDEL VALLEY,HILLSDALE AVENUE|COROMANDEL VALLEY,No,Accepted,Accepted,Accepted,Accepted,Active,No,,No,,"2 HILLSDALE AVENUE, COROMANDEL VALLEY SA","2 HILLSDALE AVENUE, COROMANDEL VALLEY, SOUTH AUSTRALIA, 5051",No. 2,100,-35.04545118221303,138.62275954444382,No,,,
298,CORO STREETS-46,CORO STREETS,HILLSDALE COURT,COROMANDEL VALLEY,HILLSDALE COURT,COROMANDEL VALLEY,HILLSDALE COURT|COROMANDEL VALLEY,No,Accepted,Accepted,Accepted,Accepted,Active,No,,No,,"2 HILLSDALE COURT, COROMANDEL VALLEY SA","2 HILLSDALE COURT, COROMANDEL VALLEY, SOUTH AUSTRALIA, 5051",No. 2,100,-35.04670137051605,138.6232238289445,No,,,
299,BLACKWOOD MAIN-208,BLACKWOOD MAIN,HILLSIDE ROAD,BLACKWOOD,HILLSIDE ROAD,BLACKWOOD,HILLSIDE ROAD|BLACKWOOD,No,Accepted,Accepted,Accepted,Accepted,Active,No,,No,,"1 HILLSIDE ROAD, BLACKWOOD SA","1 HILLSIDE ROAD, BLACKWOOD, SOUTH AUSTRALIA, 5051",No. 1,100,-35.0286286071381,138.62484989201764,No,,,
300,BLACKWOOD MAIN-209,BLACKWOOD MAIN,HILLSIDE ROAD,SPRINGFIELD,HILLSIDE ROAD,SPRINGFIELD,HILLSIDE ROAD|SPRINGFIELD,No,Accepted,Accepted,Accepted,Accepted,Active,No,,No,,"1 HILLSIDE ROAD, SPRINGFIELD SA","1 HILLSIDE ROAD, SPRINGFIELD, SOUTH AUSTRALIA, 5062",No. 1,100,-34.97475185962544,138.63646999027006,No,,,
301,CORO STREETS-47,CORO STREETS,HILLTOP COURT,COROMANDEL VALLEY,HILLTOP COURT,COROMANDEL VALLEY,HILLTOP COURT|COROMANDEL VALLEY,No,Accepted,Accepted,Accepted,Accepted,Active,No,,No,,"1 HILLTOP COURT, COROMANDEL VALLEY SA","1 HILLTOP COURT, COROMANDEL VALLEY, SOUTH AUSTRALIA, 5051",No. 1,100,-35.05134332608903,138.61726782371377,No,,,
302,BLACKWOOD MAIN-210,BLACKWOOD MAIN,HILLTOP DRIVE,HAWTHORNDENE,HILLTOP DRIVE,HAWTHORNDENE,HILLTOP DRIVE|HAWTHORNDENE,No,Failed,Failed,Secondary-assisted official correction,Reviewed resolution,Active,Yes,High,No,,"2 HILLTOP DRIVE, HAWTHORNDENE SA","2 HILLTOP DRIVE, UPPER STURT, SOUTH AUSTRALIA, 5156",Reviewed No. 2,55,-35.02757018078595,138.670028153784,No,"Reviewed spelling, street type or adjoining official locality; selected the lowest numbered matching official SAGAF_PLUS candidate for HILLTOP DRIVE, UPPER STURT.",,
303,BLACKWOOD MAIN-211,BLACKWOOD MAIN,HILLVIEW AVENUE,PANORAMA,HILLVIEW AVENUE,PANORAMA,HILLVIEW AVENUE|PANORAMA,No,Accepted,Accepted,Accepted,Accepted,Active,No,,No,,"1 HILLVIEW AVENUE, PANORAMA SA","1 HILLVIEW AVENUE, PANORAMA, SOUTH AUSTRALIA, 5041",No. 1,100,-34.99741712605101,138.6017087784503,No,,,
304,BLACKWOOD MAIN-212,BLACKWOOD MAIN,HOGARTH ROAD,PANORAMA,HOGARTH ROAD,PANORAMA,HOGARTH ROAD|PANORAMA,No,Accepted,Accepted,Accepted,Accepted,Active,No,,No,,"1 HOGARTH ROAD, PANORAMA SA","1 HOGARTH ROAD, PANORAMA, SOUTH AUSTRALIA, 5041",No. 1,100,-35.00204591800212,138.59922672418278,No,,,
305,BLACKWOOD PARK-34,BLACKWOOD PARK,HOLLYHOCK COURT,CRAIGBURN FARM,HOLLYHOCK COURT,CRAIGBURN FARM,HOLLYHOCK COURT|CRAIGBURN FARM,No,Failed,Failed,Secondary-assisted official correction,Reviewed resolution,Active,Yes,High,No,,"HOLLYHOCK COURT, CRAIGBURN FARM SA","13 HOLLY HOCK COURT, CRAIGBURN FARM, SOUTH AUSTRALIA, 5051",Reviewed street-only,98.37,-35.04323417925057,138.6110519258947,No,"Reviewed spelling, street type or adjoining official locality; selected the lowest numbered matching official SAGAF_PLUS candidate for HOLLY HOCK COURT, CRAIGBURN FARM.",,
306,BLACKWOOD MAIN-213,BLACKWOOD MAIN,HOLLYWOOD WAY,GLENALTA,HOLLYWOOD WAY,GLENALTA,HOLLYWOOD WAY|GLENALTA,No,Accepted,Accepted,Accepted,Accepted,Active,No,,No,,"1 HOLLYWOOD WAY, GLENALTA SA","1 HOLLYWOOD WAY, GLENALTA, SOUTH AUSTRALIA, 5052",No. 1,100,-35.006603911014054,138.63072958381895,No,,,
307,BLACKWOOD MAIN-214,BLACKWOOD MAIN,HORSELL ROAD,BELAIR,HORSELL ROAD,BELAIR,HORSELL ROAD|BELAIR,No,Accepted,Accepted,Accepted,Accepted,Active,No,,No,,"1 HORSELL ROAD, BELAIR SA","1 HORSELL ROAD, BELAIR, SOUTH AUSTRALIA, 5052",No. 1,100,-34.995440626017626,138.64034187396433,No,,,
308,BLACKWOOD MAIN-215,BLACKWOOD MAIN,HOVEA STREET,BLACKWOOD,HOVEA STREET,BLACKWOOD,HOVEA STREET|BLACKWOOD,No,Accepted,Accepted,Accepted,Accepted,Active,No,,No,,"1 HOVEA STREET, BLACKWOOD SA","1 HOVEA STREET, BLACKWOOD, SOUTH AUSTRALIA, 5051",No. 1,100,-35.02600068570949,138.61184654614934,No,,,
309,BLACKWOOD MAIN-216,BLACKWOOD MAIN,HOWARD STREET,BLACKWOOD,HOWARD STREET,BLACKWOOD,HOWARD STREET|BLACKWOOD,No,Accepted,Accepted,Accepted,Accepted,Active,No,,No,,"1 HOWARD STREET, BLACKWOOD SA","1 HOWARD STREET, BLACKWOOD, SOUTH AUSTRALIA, 5051",No. 1,100,-35.031255283359236,138.60898132375368,No,,,
310,BLACKWOOD PARK-35,BLACKWOOD PARK,HUGHES COURT,CRAIGBURN FARM,HUGHES COURT,CRAIGBURN FARM,HUGHES COURT|CRAIGBURN FARM,No,Accepted,Accepted,Accepted,Accepted,Active,No,,No,,"2 HUGHES COURT, CRAIGBURN FARM SA","2 HUGHES COURT, CRAIGBURN FARM, SOUTH AUSTRALIA, 5051",No. 2,100,-35.03358791272993,138.61498197856668,No,,,
311,BLACKWOOD MAIN-217,BLACKWOOD MAIN,HUNTINGDON DRIVE,GLENALTA,HUNTINGDON DRIVE,GLENALTA,HUNTINGDON DRIVE|GLENALTA,No,Ambiguous,Ambiguous,Official candidate salvage,Reviewed resolution,Active,Yes,High,No,,"HUNTINGDON DRIVE, GLENALTA SA","3 HUNTINGDON DRIVE, GLENALTA, SOUTH AUSTRALIA, 5052",Reviewed street-only,100,-35.0157063776425,138.62123309796854,No,Lowest valid numbered address returned by the official SAGAF_PLUS street-only search; exact street and locality were already validated by the collector.,,
312,CORO STREETS-48,CORO STREETS,HURDS HILL DRIVE,COROMANDEL VALLEY,HURDS HILL DRIVE,COROMANDEL VALLEY,HURDS HILL DRIVE|COROMANDEL VALLEY,No,Accepted,Accepted,Accepted,Accepted,Active,No,,No,,"1 HURDS HILL DRIVE, COROMANDEL VALLEY SA","1 HURDS HILL DRIVE, COROMANDEL VALLEY, SOUTH AUSTRALIA, 5051",No. 1,100,-35.04971993131767,138.6212884207577,No,,,
313,BLACKWOOD MAIN-218,BLACKWOOD MAIN,JACARANDA DRIVE,COROMANDEL VALLEY,JACARANDA DRIVE,COROMANDEL VALLEY,JACARANDA DRIVE|COROMANDEL VALLEY,Yes,Accepted,Accepted,Accepted,Accepted,Active,No,,No,,"1 JACARANDA DRIVE, COROMANDEL VALLEY SA","1 JACARANDA DRIVE, COROMANDEL VALLEY, SOUTH AUSTRALIA, 5051",No. 1,100,-35.03901541633167,138.62189145694828,No,,,
314,CORO STREETS-49,CORO STREETS,JACARANDA DRIVE,COROMANDEL VALLEY,JACARANDA DRIVE,COROMANDEL VALLEY,JACARANDA DRIVE|COROMANDEL VALLEY,Yes,Accepted,Accepted,Accepted,Accepted,Active,No,,No,,"1 JACARANDA DRIVE, COROMANDEL VALLEY SA","1 JACARANDA DRIVE, COROMANDEL VALLEY, SOUTH AUSTRALIA, 5051",No. 1,100,-35.03901541633167,138.62189145694828,No,,,
315,BLACKWOOD MAIN-219,BLACKWOOD MAIN,JACKSON AVENUE,COROMANDEL VALLEY,JACKSON AVENUE,COROMANDEL VALLEY,JACKSON AVENUE|COROMANDEL VALLEY,Yes,Accepted,Accepted,Accepted,Accepted,Active,No,,No,,"1 JACKSON AVENUE, COROMANDEL VALLEY SA","1 JACKSON AVENUE, COROMANDEL VALLEY, SOUTH AUSTRALIA, 5051",No. 1,100,-35.03844742383715,138.62034401983274,No,,,
316,CORO STREETS-50,CORO STREETS,JACKSON AVENUE,COROMANDEL VALLEY,JACKSON AVENUE,COROMANDEL VALLEY,JACKSON AVENUE|COROMANDEL VALLEY,Yes,Accepted,Accepted,Accepted,Accepted,Active,No,,No,,"1 JACKSON AVENUE, COROMANDEL VALLEY SA","1 JACKSON AVENUE, COROMANDEL VALLEY, SOUTH AUSTRALIA, 5051",No. 1,100,-35.03844742383715,138.62034401983274,No,,,
317,CORO EAST & CHERRY-13,CORO EAST & CHERRY,JACOBS ROAD,CHERRY GARDENS,JACOBS ROAD,CHERRY GARDENS,JACOBS ROAD|CHERRY GARDENS,No,Ambiguous,Ambiguous,Official candidate salvage,Reviewed resolution,Active,Yes,High,No,,"JACOBS ROAD, CHERRY GARDENS SA","20 JACOBS ROAD, CHERRY GARDENS, SOUTH AUSTRALIA, 5157",Reviewed street-only,100,-35.06511887847727,138.65530499850854,No,Lowest valid numbered address returned by the official SAGAF_PLUS street-only search; exact street and locality were already validated by the collector.,,
318,BLACKWOOD MAIN-220,BLACKWOOD MAIN,JAMES ROAD,BELAIR,JAMES ROAD,BELAIR,JAMES ROAD|BELAIR,No,Accepted,Accepted,Accepted,Accepted,Active,No,,No,,"2 JAMES ROAD, BELAIR SA","2 JAMES ROAD, BELAIR, SOUTH AUSTRALIA, 5052",No. 2,100,-34.99664545319125,138.6307084152919,No,,,
319,BLACKWOOD MAIN-221,BLACKWOOD MAIN,JANE COURT,BLACKWOOD,JANE COURT,BLACKWOOD,JANE COURT|BLACKWOOD,No,Accepted,Accepted,Accepted,Accepted,Active,No,,No,,"1 JANE COURT, BLACKWOOD SA","1 JANE COURT, BLACKWOOD, SOUTH AUSTRALIA, 5051",No. 1,100,-35.02720231092104,138.621668209037,No,,,
320,BLACKWOOD MAIN-222,BLACKWOOD MAIN,JANSEN COURT,TORRENS PARK,JANSEN COURT,TORRENS PARK,JANSEN COURT|TORRENS PARK,No,Accepted,Accepted,Accepted,Accepted,Active,No,,No,,"1 JANSEN COURT, TORRENS PARK SA","1 JANSEN COURT, TORRENS PARK, SOUTH AUSTRALIA, 5062",No. 1,100,-34.9957145716617,138.61233858098802,No,,,
321,BLACKWOOD MAIN-223,BLACKWOOD MAIN,JENNIFER AVENUE,BELLEVUE HEIGHTS,JENNIFER AVENUE,BELLEVUE HEIGHTS,JENNIFER AVENUE|BELLEVUE HEIGHTS,No,Accepted,Accepted,Accepted,Accepted,Active,No,,No,,"2 JENNIFER AVENUE, BELLEVUE HEIGHTS SA","2 JENNIFER AVENUE, BELLEVUE HEIGHTS, SOUTH AUSTRALIA, 5050",No. 2,100,-35.033918604257444,138.57541515533455,No,,,
322,CORO STREETS-51,CORO STREETS,JINGARA WAY,COROMANDEL VALLEY,JINGARA WAY,COROMANDEL VALLEY,JINGARA WAY|COROMANDEL VALLEY,No,Accepted,Accepted,Accepted,Accepted,Active,No,,No,,"2 JINGARA WAY, COROMANDEL VALLEY SA","2 JINGARA WAY, COROMANDEL VALLEY, SOUTH AUSTRALIA, 5051",No. 2,100,-35.04862130255281,138.61815619030244,No,,,
323,BLACKWOOD MAIN-224,BLACKWOOD MAIN,JOHN AVENUE,GLENALTA,JOHN AVENUE,GLENALTA,JOHN AVENUE|GLENALTA,No,Accepted,Accepted,Accepted,Accepted,Active,No,,No,,"1 JOHN AVENUE, GLENALTA SA","1 JOHN AVENUE, GLENALTA, SOUTH AUSTRALIA, 5052",No. 1,100,-35.014639234838036,138.63049388383297,No,,,
324,BLACKWOOD MAIN-225,BLACKWOOD MAIN,JOHN FISHER DRIVE,TORRENS PARK,JOHN FISHER DRIVE,TORRENS PARK,JOHN FISHER DRIVE|TORRENS PARK,No,Accepted,Accepted,Accepted,Accepted,Active,No,,No,,"1 JOHN FISHER DRIVE, TORRENS PARK SA","1 JOHN FISHER DRIVE, TORRENS PARK, SOUTH AUSTRALIA, 5062",No. 1,100,-34.99363934446437,138.6126322720649,No,,,
325,BLACKWOOD MAIN-226,BLACKWOOD MAIN,JOHNSON PARADE,BLACKWOOD,JOHNSON PARADE,BLACKWOOD,JOHNSON PARADE|BLACKWOOD,No,Ambiguous,Ambiguous,Official candidate salvage,Reviewed resolution,Active,Yes,High,No,,"1 JOHNSON PARADE, BLACKWOOD SA","1 JOHNSON PARADE, BLACKWOOD, SOUTH AUSTRALIA, 5051",Reviewed No. 1,100,-35.02525729684803,138.61821044577093,No,Lowest valid numbered address returned by the official SAGAF_PLUS street-only search; exact street and locality were already validated by the collector.,,
326,BLACKWOOD MAIN-227,BLACKWOOD MAIN,JUBILEE DRIVE,BELAIR NATIONAL PARK,JUBILEE DRIVE,BELAIR NATIONAL PARK,JUBILEE DRIVE|BELAIR NATIONAL PARK,No,Failed,Failed,Reviewed vicinity anchor,Reviewed resolution,Active,Yes,Moderate,Yes,QUEENS JUBILEE DRIVE|BELAIR NATIONAL PARK,"QUEENS JUBILEE DRIVE, BELAIR NATIONAL PARK SA","LOT 599 QUEENS JUBILEE DRIVE, BELAIR, SOUTH AUSTRALIA, 5052",Reviewed Directions route vicinity anchor,55,-35.0076162646897,138.6497405220847,No,Directions and park naming indicate the reviewed Queens Jubilee Drive official candidate is the best live-map starting point.,,
327,BLACKWOOD MAIN-228,BLACKWOOD MAIN,KALYRA ROAD,BELAIR,KALYRA ROAD,BELAIR,KALYRA ROAD|BELAIR,No,Accepted,Accepted,Accepted,Accepted,Active,No,,No,,"1 KALYRA ROAD, BELAIR SA","1 KALYRA ROAD, BELAIR, SOUTH AUSTRALIA, 5052",No. 1,100,-35.003343957849445,138.6144812272757,No,,,
328,BLACKWOOD PARK-36,BLACKWOOD PARK,KAUFMANN PLACE,CRAIGBURN FARM,KAUFMANN PLACE,CRAIGBURN FARM,KAUFMANN PLACE|CRAIGBURN FARM,No,Accepted,Accepted,Accepted,Accepted,Active,No,,No,,"1 KAUFMANN PLACE, CRAIGBURN FARM SA","1 KAUFMANN PLACE, CRAIGBURN FARM, SOUTH AUSTRALIA, 5051",No. 1,100,-35.03455348218195,138.6118107909062,No,,,
329,BLACKWOOD MAIN-229,BLACKWOOD MAIN,KAURI ROAD,HAWTHORNDENE,KAURI ROAD,HAWTHORNDENE,KAURI ROAD|HAWTHORNDENE,No,Accepted,Accepted,Accepted,Accepted,Active,No,,No,,"1 KAURI ROAD, HAWTHORNDENE SA","1 KAURI ROAD, HAWTHORNDENE, SOUTH AUSTRALIA, 5051",No. 1,100,-35.01739007603293,138.62825357770203,No,,,
330,BLACKWOOD MAIN-230,BLACKWOOD MAIN,KAYS ROAD,TORRENS PARK,KAYS ROAD,TORRENS PARK,KAYS ROAD|TORRENS PARK,No,Accepted,Accepted,Accepted,Accepted,Active,No,,No,,"1 KAYS ROAD, TORRENS PARK SA","1 KAYS ROAD, TORRENS PARK, SOUTH AUSTRALIA, 5062",No. 1,100,-34.989535140633,138.61106597895048,No,,,
331,BLACKWOOD MAIN-231,BLACKWOOD MAIN,KEITH ROAD,BLACKWOOD,KEITH ROAD,BLACKWOOD,KEITH ROAD|BLACKWOOD,No,Accepted,Accepted (preserved validated),Accepted,Accepted (preserved validated),Active,No,,No,,"1 Keith Road, Blackwood SA","1 KEITH ROAD, BLACKWOOD, SOUTH AUSTRALIA, 5051",No. 1,100,-35.02584040971901,138.619550289012,No,,,
332,BLACKWOOD MAIN-232,BLACKWOOD MAIN,KENT AVENUE,GLENALTA,KENT AVENUE,GLENALTA,KENT AVENUE|GLENALTA,No,Ambiguous,Ambiguous,Official candidate salvage,Reviewed resolution,Active,Yes,High,No,,"KENT AVENUE, GLENALTA SA","3 KENT AVENUE, GLENALTA, SOUTH AUSTRALIA, 5052",Reviewed street-only,100,-35.01564678557057,138.6250818563812,No,Lowest valid numbered address returned by the official SAGAF_PLUS street-only search; exact street and locality were already validated by the collector.,,
333,CORO STREETS-52,CORO STREETS,KERRY STREET,COROMANDEL VALLEY,KERRY STREET,COROMANDEL VALLEY,KERRY STREET|COROMANDEL VALLEY,No,Accepted,Accepted,Accepted,Accepted,Active,No,,No,,"1 KERRY STREET, COROMANDEL VALLEY SA","1 KERRY STREET, COROMANDEL VALLEY, SOUTH AUSTRALIA, 5051",No. 1,100,-35.05261379348517,138.61272939824778,No,,,
334,CORO STREETS-53,CORO STREETS,KESTREL PLACE,COROMANDEL VALLEY,KESTREL PLACE,COROMANDEL VALLEY,KESTREL PLACE|COROMANDEL VALLEY,No,Accepted,Accepted,Accepted,Accepted,Active,No,,No,,"1 KESTREL PLACE, COROMANDEL VALLEY SA","1 KESTREL PLACE, COROMANDEL VALLEY, SOUTH AUSTRALIA, 5051",No. 1,100,-35.04249043461556,138.62721685353725,No,,,
335,BLACKWOOD MAIN-233,BLACKWOOD MAIN,KINDERGARTEN AVENUE,HAWTHORNDENE,KINDERGARTEN AVENUE,HAWTHORNDENE,KINDERGARTEN AVENUE|HAWTHORNDENE,No,Accepted,Accepted,Accepted,Accepted,Active,No,,No,,"1 KINDERGARTEN AVENUE, HAWTHORNDENE SA","1 KINDERGARTEN AVENUE, HAWTHORNDENE, SOUTH AUSTRALIA, 5051",No. 1,100,-35.01971665725303,138.63500829458337,No,,,
336,BLACKWOOD MAIN-234,BLACKWOOD MAIN,KINEDANA STREET,EDEN HILLS,KINEDANA STREET,EDEN HILLS,KINEDANA STREET|EDEN HILLS,No,Accepted,Accepted,Accepted,Accepted,Active,No,,No,,"1 KINEDANA STREET, EDEN HILLS SA","1 KINEDANA STREET, EDEN HILLS, SOUTH AUSTRALIA, 5050",No. 1,100,-35.01760389594473,138.57894638584156,No,,,
337,BLACKWOOD MAIN-235,BLACKWOOD MAIN,KINNANE CRESCENT,PASADENA,KINNANE CRESCENT,PASADENA,KINNANE CRESCENT|PASADENA,No,Ambiguous,Ambiguous,Official candidate salvage,Reviewed resolution,Active,Yes,High,No,,"KINNANE CRESCENT, PASADENA SA","4 KINNANE CRESCENT, PASADENA, SOUTH AUSTRALIA, 5042",Reviewed street-only,100,-35.01048593425487,138.59102329734984,No,Lowest valid numbered address returned by the official SAGAF_PLUS street-only search; exact street and locality were already validated by the collector.,,
338,BLACKWOOD MAIN-236,BLACKWOOD MAIN,KIRAWINA GROVE,GLENALTA,KIRAWINA GROVE,GLENALTA,KIRAWINA GROVE|GLENALTA,No,Accepted,Accepted,Accepted,Accepted,Active,No,,No,,"1 KIRAWINA GROVE, GLENALTA SA","1 KIRAWINA GROVE, GLENALTA, SOUTH AUSTRALIA, 5052",No. 1,100,-35.00770734272202,138.63290033621817,No,,,
339,BLACKWOOD MAIN-237,BLACKWOOD MAIN,KOOKABURRA CRESCENT,HAWTHORNDENE,KOOKABURRA CRESCENT,HAWTHORNDENE,KOOKABURRA CRESCENT|HAWTHORNDENE,No,Accepted,Accepted,Accepted,Accepted,Active,No,,No,,"1 KOOKABURRA CRESCENT, HAWTHORNDENE SA","1 KOOKABURRA CRESCENT, HAWTHORNDENE, SOUTH AUSTRALIA, 5051",No. 1,100,-35.016525902046595,138.63709988736466,No,,,
340,BLACKWOOD MAIN-238,BLACKWOOD MAIN,KOOKABURRA PLACE,BELAIR,KOOKABURRA PLACE,BELAIR,KOOKABURRA PLACE|BELAIR,No,Accepted,Accepted,Accepted,Accepted,Active,No,,No,,"2 KOOKABURRA PLACE, BELAIR SA","2 KOOKABURRA PLACE, BELAIR, SOUTH AUSTRALIA, 5052",No. 2,100,-35.00901943562511,138.61104143057457,No,,,
341,BLACKWOOD MAIN-239,BLACKWOOD MAIN,KOORINGA STREET,EDEN HILLS,KOORINGA STREET,EDEN HILLS,KOORINGA STREET|EDEN HILLS,No,Accepted,Accepted,Accepted,Accepted,Active,No,,No,,"1 KOORINGA STREET, EDEN HILLS SA","1 KOORINGA STREET, EDEN HILLS, SOUTH AUSTRALIA, 5050",No. 1,100,-35.02228943377927,138.60167711460312,No,,,
342,CORO STREETS-54,CORO STREETS,KRISTEN COURT,COROMANDEL VALLEY,KRISTEN COURT,COROMANDEL VALLEY,KRISTEN COURT|COROMANDEL VALLEY,No,Accepted,Accepted,Accepted,Accepted,Active,No,,No,,"1 KRISTEN COURT, COROMANDEL VALLEY SA","1 KRISTEN COURT, COROMANDEL VALLEY, SOUTH AUSTRALIA, 5051",No. 1,100,-35.050267111058695,138.61887556444836,No,,,
343,BLACKWOOD MAIN-240,BLACKWOOD MAIN,KROWALLE COURT,HAWTHORNDENE,KROWALLE COURT,HAWTHORNDENE,KROWALLE COURT|HAWTHORNDENE,No,Failed,Failed,Secondary-assisted official correction,Reviewed resolution,Active,Yes,High,No,,"1 KROWALLE COURT, HAWTHORNDENE SA","1 KROWALLE CRESCENT, HAWTHORNDENE, SOUTH AUSTRALIA, 5051",Reviewed No. 1,89.24,-35.029223104763126,138.6323602719484,No,"Reviewed spelling, street type or adjoining official locality; selected the lowest numbered matching official SAGAF_PLUS candidate for KROWALLE CRESCENT, HAWTHORNDENE.",,
344,BLACKWOOD MAIN-241,BLACKWOOD MAIN,LAFFERS ROAD,BELAIR · GLENALTA,,,,No,Ambiguous,Ambiguous authoritative locality fields,Reviewed multi-locality vicinity anchor,Reviewed resolution,Active,Yes,Moderate,Yes,UPPER STURT ROAD|BELAIR,"2 UPPER STURT ROAD, BELAIR SA","2 UPPER STURT ROAD, BELAIR, SOUTH AUSTRALIA, 5052",Reviewed Directions route vicinity anchor,100,-34.998930586791175,138.63197212299033,No,The Directions entry spans multiple locality fields. A reviewed official approach point (UPPER STURT ROAD|BELAIR) was selected without merging it with other same-name street records.,,
345,CORO EAST & CHERRY-15,CORO EAST & CHERRY,LAFFERTY ROAD,CHANDLERS HILL,LAFFERTY ROAD,CHANDLERS HILL,LAFFERTY ROAD|CHANDLERS HILL,No,Ambiguous,Ambiguous,Official candidate salvage,Reviewed resolution,Active,Yes,High,No,,"1 LAFFERTY ROAD, CHANDLERS HILL SA","1 LAFFERTY ROAD, CHANDLERS HILL, SOUTH AUSTRALIA, 5159",Reviewed No. 1,100,-35.09569939514907,138.6259278859158,No,Lowest valid numbered address returned by the official SAGAF_PLUS street-only search; exact street and locality were already validated by the collector.,,
346,CORO EAST & CHERRY-14,CORO EAST & CHERRY,LAFFERTY ROAD,CHERRY GARDENS,LAFFERTY ROAD,CHERRY GARDENS,LAFFERTY ROAD|CHERRY GARDENS,No,Failed,Failed,Secondary-assisted official correction,Reviewed resolution,Active,Yes,High,No,,"1 LAFFERTY ROAD, CHERRY GARDENS SA","1 LAFFERTY ROAD, CHANDLERS HILL, SOUTH AUSTRALIA, 5159",Reviewed No. 1,55,-35.09569939514907,138.6259278859158,No,"Reviewed spelling, street type or adjoining official locality; selected the lowest numbered matching official SAGAF_PLUS candidate for LAFFERTY ROAD, CHANDLERS HILL.",,
347,BLACKWOOD MAIN-242,BLACKWOOD MAIN,LALOR COURT,BELAIR,LALOR COURT,BELAIR,LALOR COURT|BELAIR,No,Failed,Failed,Reviewed vicinity anchor,Reviewed resolution,Active,Yes,Moderate,Yes,HORSELL ROAD|BELAIR,"1 HORSELL ROAD, BELAIR SA","1 HORSELL ROAD, BELAIR, SOUTH AUSTRALIA, 5052",Reviewed Directions route vicinity anchor,100,-34.995440626017626,138.64034187396433,No,Directions place Lalor Court as the first left from Horsell Road.,,
348,BLACKWOOD MAIN-243,BLACKWOOD MAIN,LANDSDOWNE AVENUE,BELAIR,LANDSDOWNE AVENUE,BELAIR,LANDSDOWNE AVENUE|BELAIR,No,Accepted,Accepted,Accepted,Accepted,Active,No,,No,,"1 LANDSDOWNE AVENUE, BELAIR SA","1 LANDSDOWNE AVENUE, BELAIR, SOUTH AUSTRALIA, 5052",No. 1,100,-35.00220975172823,138.6262429234065,No,,,
349,BLACKWOOD MAIN-244,BLACKWOOD MAIN,LANGMAN COURT,BELAIR,LANGMAN COURT,BELAIR,LANGMAN COURT|BELAIR,No,Accepted,Accepted,Accepted,Accepted,Active,No,,No,,"1 LANGMAN COURT, BELAIR SA","1 LANGMAN COURT, BELAIR, SOUTH AUSTRALIA, 5052",No. 1,100,-34.99544115967797,138.63663951637318,No,,,
350,BLACKWOOD PARK-37,BLACKWOOD PARK,LASLETT COURT,CRAIGBURN FARM,LASLETT COURT,CRAIGBURN FARM,LASLETT COURT|CRAIGBURN FARM,No,Accepted,Accepted,Accepted,Accepted,Active,No,,No,,"1 LASLETT COURT, CRAIGBURN FARM SA","1 LASLETT COURT, CRAIGBURN FARM, SOUTH AUSTRALIA, 5051",No. 1,100,-35.034213006881444,138.61108056566658,No,,,
351,BLACKWOOD MAIN-245,BLACKWOOD MAIN,LEE STREET,EDEN HILLS,LEE STREET,EDEN HILLS,LEE STREET|EDEN HILLS,No,Accepted,Accepted,Accepted,Accepted,Active,No,,No,,"1 LEE STREET, EDEN HILLS SA","1 LEE STREET, EDEN HILLS, SOUTH AUSTRALIA, 5050",No. 1,100,-35.02078504526498,138.6063519792308,No,,,
352,CORO STREETS-55,CORO STREETS,LENNON LODGE LANE,COROMANDEL VALLEY,LENNON LODGE LANE,COROMANDEL VALLEY,LENNON LODGE LANE|COROMANDEL VALLEY,No,Accepted,Accepted,Accepted,Accepted,Active,No,,No,,"2 LENNON LODGE LANE, COROMANDEL VALLEY SA","2 LENNON LODGE LANE, COROMANDEL VALLEY, SOUTH AUSTRALIA, 5051",No. 2,100,-35.04180450318465,138.6271851896901,No,,,
353,CORO EAST & CHERRY-16,CORO EAST & CHERRY,LEWIS STREET,CHERRY GARDENS,LEWIS STREET,CHERRY GARDENS,LEWIS STREET|CHERRY GARDENS,No,Ambiguous,Ambiguous,Official candidate salvage,Reviewed resolution,Active,Yes,High,No,,"1 LEWIS STREET, CHERRY GARDENS SA","1 LEWIS STREET, CHERRY GARDENS, SOUTH AUSTRALIA, 5157",Reviewed No. 1,100,-35.07379032543326,138.64364345263593,No,Lowest valid numbered address returned by the official SAGAF_PLUS street-only search; exact street and locality were already validated by the collector.,,
354,CORO STREETS-56,CORO STREETS,LIGHT ROAD,COROMANDEL VALLEY,LIGHT ROAD,COROMANDEL VALLEY,LIGHT ROAD|COROMANDEL VALLEY,No,Accepted,Accepted,Accepted,Accepted,Active,No,,No,,"1 LIGHT ROAD, COROMANDEL VALLEY SA","1 LIGHT ROAD, COROMANDEL VALLEY, SOUTH AUSTRALIA, 5051",No. 1,100,-35.047800532941245,138.61454544440394,No,,,
355,BLACKWOOD MAIN-246,BLACKWOOD MAIN,LIMPSFIELD AVENUE,HAWTHORNDENE,LIMPSFIELD AVENUE,HAWTHORNDENE,LIMPSFIELD AVENUE|HAWTHORNDENE,No,Accepted,Accepted,Accepted,Accepted,Active,No,,No,,"1 LIMPSFIELD AVENUE, HAWTHORNDENE SA","1 LIMPSFIELD AVENUE, HAWTHORNDENE, SOUTH AUSTRALIA, 5051",No. 1,100,-35.021702229512336,138.63297095727057,No,,,
356,BLACKWOOD MAIN-247,BLACKWOOD MAIN,LIND AVENUE,BELAIR,LIND AVENUE,BELAIR,LIND AVENUE|BELAIR,No,Ambiguous,Ambiguous,Official candidate salvage,Reviewed resolution,Active,Yes,High,No,,"LIND AVENUE, BELAIR SA","10 LIND AVENUE, BELAIR, SOUTH AUSTRALIA, 5052",Reviewed street-only,100,-35.0089666032509,138.60133414888767,No,Lowest valid numbered address returned by the official SAGAF_PLUS street-only search; exact street and locality were already validated by the collector.,,
357,BLACKWOOD MAIN-248,BLACKWOOD MAIN,LINDSAY TERRACE,BELAIR,LINDSAY TERRACE,BELAIR,LINDSAY TERRACE|BELAIR,No,Accepted,Accepted,Accepted,Accepted,Active,No,,No,,"1 LINDSAY TERRACE, BELAIR SA","1 LINDSAY TERRACE, BELAIR, SOUTH AUSTRALIA, 5052",No. 1,100,-34.99863618416719,138.6313628607624,No,,,
358,BLACKWOOD MAIN-249,BLACKWOOD MAIN,LINFIELD AVENUE,BELAIR,LINFIELD AVENUE,BELAIR,LINFIELD AVENUE|BELAIR,No,Accepted,Accepted,Accepted,Accepted,Active,No,,No,,"1 LINFIELD AVENUE, BELAIR SA","1 LINFIELD AVENUE, BELAIR, SOUTH AUSTRALIA, 5052",No. 1,100,-35.000786479586466,138.6301256581945,No,,,
359,BLACKWOOD MAIN-250,BLACKWOOD MAIN,LINKAGE GROVE,GLENALTA,LINKAGE GROVE,GLENALTA,LINKAGE GROVE|GLENALTA,No,Accepted,Accepted,Accepted,Accepted,Active,No,,No,,"1 LINKAGE GROVE, GLENALTA SA","1 LINKAGE GROVE, GLENALTA, SOUTH AUSTRALIA, 5052",No. 1,100,-35.00859819972563,138.6296270415449,No,,,
360,BLACKWOOD MAIN-251,BLACKWOOD MAIN,LISBURNE AVENUE,MITCHAM,LISBURNE AVENUE,MITCHAM,LISBURNE AVENUE|MITCHAM,No,Accepted,Accepted,Accepted,Accepted,Active,No,,No,,"2 LISBURNE AVENUE, MITCHAM SA","2 LISBURNE AVENUE, MITCHAM, SOUTH AUSTRALIA, 5062",No. 2,100,-34.983783883088265,138.622129825236,No,,,
361,BLACKWOOD MAIN-252,BLACKWOOD MAIN,LITTLE JOHN STREET,GLENALTA,LITTLE JOHN STREET,GLENALTA,LITTLE JOHN STREET|GLENALTA,No,Failed,Failed,Reviewed vicinity anchor,Reviewed resolution,Active,Yes,Moderate,Yes,HUNTINGDON DRIVE|GLENALTA,"HUNTINGDON DRIVE, GLENALTA SA","3 HUNTINGDON DRIVE, GLENALTA, SOUTH AUSTRALIA, 5052",Reviewed Directions route vicinity anchor,100,-35.0157063776425,138.62123309796854,No,Directions place Little John Street as the first right from Huntingdon Drive.,,
362,BLACKWOOD MAIN-253,BLACKWOOD MAIN,LONGVIEW AVENUE,BELAIR,LONGVIEW AVENUE,BELAIR,LONGVIEW AVENUE|BELAIR,No,Ambiguous,Ambiguous,Official candidate salvage,Reviewed resolution,Active,Yes,High,No,,"LONGVIEW AVENUE, BELAIR SA","36 LONGVIEW AVENUE, BELAIR, SOUTH AUSTRALIA, 5052",Reviewed street-only,100,-35.00711693649298,138.616496150854,No,Lowest valid numbered address returned by the official SAGAF_PLUS street-only search; exact street and locality were already validated by the collector.,,
363,CORO STREETS-57,CORO STREETS,LOTUS DRIVE,ABERFOYLE PARK,LOTUS DRIVE,ABERFOYLE PARK,LOTUS DRIVE|ABERFOYLE PARK,No,Accepted,Accepted,Accepted,Accepted,Active,No,,No,,"1 LOTUS DRIVE, ABERFOYLE PARK SA","1 LOTUS DRIVE, ABERFOYLE PARK, SOUTH AUSTRALIA, 5159",No. 1,100,-35.058782373420165,138.61537759876956,No,,,
364,BLACKWOOD MAIN-254,BLACKWOOD MAIN,LOUIS AVENUE,HAWTHORNDENE,LOUIS AVENUE,HAWTHORNDENE,LOUIS AVENUE|HAWTHORNDENE,No,Accepted,Accepted,Accepted,Accepted,Active,No,,No,,"2 LOUIS AVENUE, HAWTHORNDENE SA","2 LOUIS AVENUE, HAWTHORNDENE, SOUTH AUSTRALIA, 5051",No. 2,100,-35.024454315914674,138.63233305527075,No,,,
365,BLACKWOOD MAIN-255,BLACKWOOD MAIN,LOWAN AVENUE,GLENALTA,LOWAN AVENUE,GLENALTA,LOWAN AVENUE|GLENALTA,No,Accepted,Accepted,Accepted,Accepted,Active,No,,No,,"1 LOWAN AVENUE, GLENALTA SA","1 LOWAN AVENUE, GLENALTA, SOUTH AUSTRALIA, 5052",No. 1,100,-35.01171868965325,138.63067052540737,No,,,
366,CORO STREETS-58,CORO STREETS,LYRIC PLACE,COROMANDEL VALLEY,LYRIC PLACE,COROMANDEL VALLEY,LYRIC PLACE|COROMANDEL VALLEY,No,Accepted,Accepted,Accepted,Accepted,Active,No,,No,,"1 LYRIC PLACE, COROMANDEL VALLEY SA","1 LYRIC PLACE, COROMANDEL VALLEY, SOUTH AUSTRALIA, 5051",No. 1,100,-35.05440013254874,138.6155106580824,No,,,
367,CORO STREETS-60,CORO STREETS,MAGAREY ROAD,COROMANDEL VALLEY,MAGAREY ROAD,COROMANDEL VALLEY,MAGAREY ROAD|COROMANDEL VALLEY,No,Accepted,Accepted,Accepted,Accepted,Active,No,,No,,"1 MAGAREY ROAD, COROMANDEL VALLEY SA","1 MAGAREY ROAD, COROMANDEL VALLEY, SOUTH AUSTRALIA, 5051",No. 1,100,-35.03485855801286,138.62528553674645,No,,,
368,CORO EAST & CHERRY-17,CORO EAST & CHERRY,MAHAR ROAD,CHERRY GARDENS,MAHAR ROAD,CHERRY GARDENS,MAHAR ROAD|CHERRY GARDENS,No,Ambiguous,Ambiguous,Official candidate salvage,Reviewed resolution,Active,Yes,High,No,,"MAHAR ROAD, CHERRY GARDENS SA","24 MAHAR ROAD, CHERRY GARDENS, SOUTH AUSTRALIA, 5157",Reviewed street-only,100,-35.07189814373446,138.6625837698493,No,Lowest valid numbered address returned by the official SAGAF_PLUS street-only search; exact street and locality were already validated by the collector.,,
369,BLACKWOOD MAIN-259,BLACKWOOD MAIN,MAIN RD,"BLACKWOOD · COROMANDEL AREA · 357 ABOVE, & 358 ABOVE",,,,No,Ambiguous,Ambiguous authoritative locality fields,Reviewed multi-locality vicinity anchor,Reviewed resolution,Active,Yes,Moderate,Yes,HEWITT AVENUE|HAWTHORNDENE,"1 HEWITT AVENUE, HAWTHORNDENE SA","1 HEWETT AVENUE, HAWTHORNDENE, SOUTH AUSTRALIA, 5051",Reviewed Directions route vicinity anchor,98.46,-35.02237766562309,138.62192596698395,No,The Directions entry spans multiple locality fields. A reviewed official approach point (HEWITT AVENUE|HAWTHORNDENE) was selected without merging it with other same-name street records.,,
370,CORO EAST & CHERRY-18,CORO EAST & CHERRY,MAIN ROAD,CHERRY GARDENS · CHANDLERS HILL,,,,No,Ambiguous,Ambiguous authoritative locality fields,Reviewed multi-locality vicinity anchor,Reviewed resolution,Active,Yes,Moderate,Yes,ACKLAND HILL ROAD|COROMANDEL VALLEY,"2 ACKLAND HILL ROAD, COROMANDEL VALLEY SA","2 ACKLAND HILL ROAD, COROMANDEL VALLEY, SOUTH AUSTRALIA, 5051",Reviewed Directions route vicinity anchor,100,-35.0385029245131,138.63010146559213,No,The Directions entry spans multiple locality fields. A reviewed official approach point (ACKLAND HILL ROAD|COROMANDEL VALLEY) was selected without merging it with other same-name street records.,,
371,CORO STREETS-59,CORO STREETS,MAIN ROAD,COROMANDEL VALLEY · CHERRY GARDENS · CHANDLERS HILL,,,,No,Ambiguous,Ambiguous authoritative locality fields,Reviewed multi-locality vicinity anchor,Reviewed resolution,Active,Yes,Moderate,Yes,ACKLAND HILL ROAD|COROMANDEL VALLEY,"2 ACKLAND HILL ROAD, COROMANDEL VALLEY SA","2 ACKLAND HILL ROAD, COROMANDEL VALLEY, SOUTH AUSTRALIA, 5051",Reviewed Directions route vicinity anchor,100,-35.0385029245131,138.63010146559213,No,The Directions entry spans multiple locality fields. A reviewed official approach point (ACKLAND HILL ROAD|COROMANDEL VALLEY) was selected without merging it with other same-name street records.,,
372,BLACKWOOD PARK-38,BLACKWOOD PARK,MALBEC STREET,CRAIGBURN FARM,MALBEC STREET,CRAIGBURN FARM,MALBEC STREET|CRAIGBURN FARM,No,Ambiguous,Ambiguous,Official candidate salvage,Reviewed resolution,Active,Yes,High,No,,"MALBEC STREET, CRAIGBURN FARM SA","6 MALBEC STREET, CRAIGBURN FARM, SOUTH AUSTRALIA, 5051",Reviewed street-only,100,-35.03946813819154,138.6140875638274,No,Lowest valid numbered address returned by the official SAGAF_PLUS street-only search; exact street and locality were already validated by the collector.,,
373,BLACKWOOD MAIN-260,BLACKWOOD MAIN,MALCOLM STREET,BEDFORD PARK,MALCOLM STREET,BEDFORD PARK,MALCOLM STREET|BEDFORD PARK,No,Ambiguous,Ambiguous,Official candidate salvage,Reviewed resolution,Active,Yes,High,No,,"MALCOLM STREET, BEDFORD PARK SA","14 MALCOLM STREET, BEDFORD PARK, SOUTH AUSTRALIA, 5042",Reviewed street-only,100,-35.02535887020048,138.56478143928763,No,Lowest valid numbered address returned by the official SAGAF_PLUS street-only search; exact street and locality were already validated by the collector.,,
374,BLACKWOOD MAIN-261,BLACKWOOD MAIN,MANDALAY AVENUE,GLENALTA,MANDALAY AVENUE,GLENALTA,MANDALAY AVENUE|GLENALTA,No,Accepted,Accepted,Accepted,Accepted,Active,No,,No,,"1 MANDALAY AVENUE, GLENALTA SA","1 MANDALAY AVENUE, GLENALTA, SOUTH AUSTRALIA, 5052",No. 1,100,-35.007019988196866,138.63240901292662,No,,,
375,BLACKWOOD MAIN-262,BLACKWOOD MAIN,MANSON AVENUE,EDEN HILLS,MANSON AVENUE,EDEN HILLS,MANSON AVENUE|EDEN HILLS,No,Accepted,Accepted,Accepted,Accepted,Active,No,,No,,"2 MANSON AVENUE, EDEN HILLS SA","2 MANSON AVENUE, EDEN HILLS, SOUTH AUSTRALIA, 5050",No. 2,100,-35.028763623205535,138.59527016638032,No,,,
376,BLACKWOOD MAIN-263,BLACKWOOD MAIN,MAPLE ROAD,HAWTHORNDENE,MAPLE ROAD,HAWTHORNDENE,MAPLE ROAD|HAWTHORNDENE,No,Accepted,Accepted,Accepted,Accepted,Active,No,,No,,"1 MAPLE ROAD, HAWTHORNDENE SA","1 MAPLE ROAD, HAWTHORNDENE, SOUTH AUSTRALIA, 5051",No. 1,100,-35.02125715678405,138.6296731142214,No,,,
377,BLACKWOOD MAIN-264,BLACKWOOD MAIN,MARGARET AVENUE,GLENALTA,MARGARET AVENUE,GLENALTA,MARGARET AVENUE|GLENALTA,No,Accepted,Accepted,Accepted,Accepted,Active,No,,No,,"1 MARGARET AVENUE, GLENALTA SA","1 MARGARET AVENUE, GLENALTA, SOUTH AUSTRALIA, 5052",No. 1,100,-35.01587786050025,138.63237165670242,No,,,
378,BLACKWOOD MAIN-265,BLACKWOOD MAIN,MARINA AVENUE,BELAIR,MARINA AVENUE,BELAIR,MARINA AVENUE|BELAIR,No,Accepted,Accepted,Accepted,Accepted,Active,No,,No,,"1 MARINA AVENUE, BELAIR SA","1 MARINA AVENUE, BELAIR, SOUTH AUSTRALIA, 5052",No. 1,100,-35.000954582595334,138.61514972580198,No,,,
379,CORO STREETS-61,CORO STREETS,MARION COURT,COROMANDEL VALLEY,MARION COURT,COROMANDEL VALLEY,MARION COURT|COROMANDEL VALLEY,No,Accepted,Accepted,Accepted,Accepted,Active,No,,No,,"2 MARION COURT, COROMANDEL VALLEY SA","2 MARION COURT, COROMANDEL VALLEY, SOUTH AUSTRALIA, 5051",No. 2,100,-35.05248144571945,138.61781873907722,No,,,
380,CORO EAST & CHERRY-19,CORO EAST & CHERRY,MARSHALL ROAD,CHERRY GARDENS,MARSHALL ROAD,CHERRY GARDENS,MARSHALL ROAD|CHERRY GARDENS,No,Ambiguous,Ambiguous,Official candidate salvage,Reviewed resolution,Active,Yes,High,No,,"MARSHALL ROAD, CHERRY GARDENS SA","55 MARSHALL ROAD, CHERRY GARDENS, SOUTH AUSTRALIA, 5157",Reviewed street-only,100,-35.074653609985674,138.63201214751626,No,Lowest valid numbered address returned by the official SAGAF_PLUS street-only search; exact street and locality were already validated by the collector.,,
381,BLACKWOOD MAIN-266,BLACKWOOD MAIN,MARY STREET,EDEN HILLS,MARY STREET,EDEN HILLS,MARY STREET|EDEN HILLS,No,Accepted,Accepted,Accepted,Accepted,Active,No,,No,,"1 MARY STREET, EDEN HILLS SA","1 MARY STREET, EDEN HILLS, SOUTH AUSTRALIA, 5050",No. 1,100,-35.019026456539386,138.60490166829817,No,,,
382,BLACKWOOD PARK-39,BLACKWOOD PARK,MASLIN STREET,CRAIGBURN FARM,MASLIN STREET,CRAIGBURN FARM,MASLIN STREET|CRAIGBURN FARM,No,Accepted,Accepted,Accepted,Accepted,Active,No,,No,,"1 MASLIN STREET, CRAIGBURN FARM SA","1 MASLIN STREET, CRAIGBURN FARM, SOUTH AUSTRALIA, 5051",No. 1,100,-35.03989648956229,138.60876536920048,No,,,
383,CORO STREETS-62,CORO STREETS,MATTHEWS COURT,COROMANDEL VALLEY,MATTHEWS COURT,COROMANDEL VALLEY,MATTHEWS COURT|COROMANDEL VALLEY,No,Accepted,Accepted,Accepted,Accepted,Active,No,,No,,"1 MATTHEWS COURT, COROMANDEL VALLEY SA","1 MATTHEWS COURT, COROMANDEL VALLEY, SOUTH AUSTRALIA, 5051",No. 1,100,-35.05020805264712,138.6222150330045,No,,,
384,CORO EAST & CHERRY-20,CORO EAST & CHERRY,MATTHEWS ROAD,DORSET VALE,MATTHEWS ROAD,DORSET VALE,MATTHEWS ROAD|DORSET VALE,No,Failed,Failed,Reviewed vicinity anchor,Reviewed resolution,Active,Yes,Moderate,Yes,CHERRY GARDENS ROAD|CHERRY GARDENS,"CHERRY GARDENS ROAD, CHERRY GARDENS SA","11 CHERRY GARDENS ROAD, CHERRY GARDENS, SOUTH AUSTRALIA, 5157",Reviewed Directions route vicinity anchor,100,-35.07102578695614,138.62775175909036,No,Directions reach Matthews Road via Cherry Gardens Road and Dorset Vale Road; use the reviewed official Cherry Gardens Road approach area.,,
385,BLACKWOOD MAIN-256,BLACKWOOD MAIN,McDONALD AVENUE,BLACKWOOD,McDONALD AVENUE,BLACKWOOD,MCDONALD AVENUE|BLACKWOOD,No,Accepted,Accepted,Accepted,Accepted,Active,No,,No,,"1 McDONALD AVENUE, BLACKWOOD SA","1 MCDONALD AVENUE, BLACKWOOD, SOUTH AUSTRALIA, 5051",No. 1,100,-35.01228063399719,138.62069908184935,No,,,
386,BLACKWOOD MAIN-257,BLACKWOOD MAIN,McGREGOR COURT,BELAIR,McGREGOR COURT,BELAIR,MCGREGOR COURT|BELAIR,No,Accepted,Accepted,Accepted,Accepted,Active,No,,No,,"1 McGREGOR COURT, BELAIR SA","1 MCGREGOR COURT, BELAIR, SOUTH AUSTRALIA, 5052",No. 1,100,-34.998602563565406,138.6256639019315,No,,,
387,CORO STREETS-63,CORO STREETS,MCKENZIE STREET,COROMANDEL VALLEY,MCKENZIE STREET,COROMANDEL VALLEY,MCKENZIE STREET|COROMANDEL VALLEY,No,Accepted,Accepted,Accepted,Accepted,Active,No,,No,,"1 MCKENZIE STREET, COROMANDEL VALLEY SA","1 MCKENZIE STREET, COROMANDEL VALLEY, SOUTH AUSTRALIA, 5051",No. 1,100,-35.04728750746232,138.6267041838319,No,,,
388,BLACKWOOD MAIN-258,BLACKWOOD MAIN,McLAREN STREET,TORRENS PARK,McLAREN STREET,TORRENS PARK,MCLAREN STREET|TORRENS PARK,No,Accepted,Accepted,Accepted,Accepted,Active,No,,No,,"2 McLAREN STREET, TORRENS PARK SA","2 MCLAREN STREET, TORRENS PARK, SOUTH AUSTRALIA, 5062",No. 2,100,-34.98373425267611,138.61745709524968,No,,,
389,CORO STREETS-64,CORO STREETS,MCNAMARA ROAD,COROMANDEL VALLEY,MCNAMARA ROAD,COROMANDEL VALLEY,MCNAMARA ROAD|COROMANDEL VALLEY,No,Accepted,Accepted,Accepted,Accepted,Active,No,,No,,"1 MCNAMARA ROAD, COROMANDEL VALLEY SA","1 MCNAMARA ROAD, COROMANDEL VALLEY, SOUTH AUSTRALIA, 5051",No. 1,100,-35.047381075909584,138.61942541249113,No,,,
390,BLACKWOOD MAIN-267,BLACKWOOD MAIN,MEAD STREET,BELAIR,MEAD STREET,BELAIR,MEAD STREET|BELAIR,No,Accepted,Accepted,Accepted,Accepted,Active,No,,No,,"1 MEAD STREET, BELAIR SA","1 MEAD STREET, BELAIR, SOUTH AUSTRALIA, 5052",No. 1,100,-35.00725462086215,138.60126655191056,No,,,
391,BLACKWOOD MAIN-268,BLACKWOOD MAIN,MEADOW AVENUE,HAWTHORNDENE,MEADOW AVENUE,HAWTHORNDENE,MEADOW AVENUE|HAWTHORNDENE,No,Accepted,Accepted,Accepted,Accepted,Active,No,,No,,"2 MEADOW AVENUE, HAWTHORNDENE SA","2 MEADOW AVENUE, HAWTHORNDENE, SOUTH AUSTRALIA, 5051",No. 2,100,-35.018597037847925,138.6381919343186,No,,,
392,CORO STREETS-65,CORO STREETS,MEADOWVALE ROAD,COROMANDEL VALLEY,MEADOWVALE ROAD,COROMANDEL VALLEY,MEADOWVALE ROAD|COROMANDEL VALLEY,No,Accepted,Accepted,Accepted,Accepted,Active,No,,No,,"2 MEADOWVALE ROAD, COROMANDEL VALLEY SA","2 MEADOWVALE ROAD, COROMANDEL VALLEY, SOUTH AUSTRALIA, 5051",No. 2,100,-35.0411721156751,138.62802303643272,No,,,
393,BLACKWOOD MAIN-269,BLACKWOOD MAIN,MELIA GROVE,PASADENA,MELIA GROVE,PASADENA,MELIA GROVE|PASADENA,No,Failed,Failed,Reviewed vicinity anchor,Reviewed resolution,Active,Yes,Moderate,Yes,PRITCHARD GROVE|PASADENA,"PRITCHARD GROVE, PASADENA SA","3 PRITCHARD GROVE, PASADENA, SOUTH AUSTRALIA, 5042",Reviewed Directions route vicinity anchor,100,-35.008813976392055,138.59262997076374,No,Directions place Melia Grove immediately from Pritchard Grove.,,
394,BLACKWOOD MAIN-270,BLACKWOOD MAIN,MELTON STREET,BLACKWOOD,MELTON STREET,BLACKWOOD,MELTON STREET|BLACKWOOD,No,Accepted,Accepted,Accepted,Accepted,Active,No,,No,,"1 MELTON STREET, BLACKWOOD SA","1 MELTON STREET, BLACKWOOD, SOUTH AUSTRALIA, 5051",No. 1,100,-35.020712467457976,138.61111027275916,No,,,
395,BLACKWOOD MAIN-271,BLACKWOOD MAIN,MELVILLE GULLY ROAD,BELAIR NATIONAL PARK,MELVILLE GULLY ROAD,BELAIR NATIONAL PARK,MELVILLE GULLY ROAD|BELAIR NATIONAL PARK,No,Failed,Failed,Reviewed vicinity anchor,Reviewed resolution,Active,Yes,Moderate,Yes,QUEENS JUBILEE DRIVE|BELAIR NATIONAL PARK,"QUEENS JUBILEE DRIVE, BELAIR NATIONAL PARK SA","LOT 599 QUEENS JUBILEE DRIVE, BELAIR, SOUTH AUSTRALIA, 5052",Reviewed Directions route vicinity anchor,55,-35.0076162646897,138.6497405220847,No,Internal park road from the Long Gully area; use the reviewed official park-road starting point.,,
396,BLACKWOOD MAIN-272,BLACKWOOD MAIN,MENURA AVENUE,GLENALTA,MENURA AVENUE,GLENALTA,MENURA AVENUE|GLENALTA,No,Accepted,Accepted,Accepted,Accepted,Active,No,,No,,"1 MENURA AVENUE, GLENALTA SA","1 MENURA AVENUE, GLENALTA, SOUTH AUSTRALIA, 5052",No. 1,100,-35.011866513569,138.6314482464177,No,,,
397,BLACKWOOD MAIN-273,BLACKWOOD MAIN,MERTON ROAD,BLACKWOOD,MERTON ROAD,BLACKWOOD,MERTON ROAD|BLACKWOOD,No,Accepted,Accepted,Accepted,Accepted,Active,No,,No,,"2 MERTON ROAD, BLACKWOOD SA","2 MERTON ROAD, BLACKWOOD, SOUTH AUSTRALIA, 5051",No. 2,100,-35.02621130365924,138.62189448102356,No,,,
398,CORO STREETS-66,CORO STREETS,MEWS WAY,COROMANDEL VALLEY,MEWS WAY,COROMANDEL VALLEY,MEWS WAY|COROMANDEL VALLEY,No,Ambiguous,Ambiguous,Official candidate salvage,Reviewed resolution,Active,Yes,High,No,,"MEWS WAY, COROMANDEL VALLEY SA","3 MEWS WAY, COROMANDEL VALLEY, SOUTH AUSTRALIA, 5051",Reviewed street-only,100,-35.05419591852314,138.62167407930082,No,Lowest valid numbered address returned by the official SAGAF_PLUS street-only search; exact street and locality were already validated by the collector.,,
399,CORO STREETS-67,CORO STREETS,MICHAEL STREET,COROMANDEL VALLEY,MICHAEL STREET,COROMANDEL VALLEY,MICHAEL STREET|COROMANDEL VALLEY,No,Accepted,Accepted,Accepted,Accepted,Active,No,,No,,"1 MICHAEL STREET, COROMANDEL VALLEY SA","1 MICHAEL STREET, COROMANDEL VALLEY, SOUTH AUSTRALIA, 5051",No. 1,100,-35.053740528361544,138.61430280683348,No,,,
400,BLACKWOOD MAIN-274,BLACKWOOD MAIN,MILGAR ROAD,EDEN HILLS,MILGAR ROAD,EDEN HILLS,MILGAR ROAD|EDEN HILLS,No,Accepted,Accepted,Accepted,Accepted,Active,No,,No,,"1 MILGAR ROAD, EDEN HILLS SA","1 MILGAR ROAD, EDEN HILLS, SOUTH AUSTRALIA, 5050",No. 1,100,-35.02261603391079,138.5865562044834,No,,,
401,BLACKWOOD MAIN-275,BLACKWOOD MAIN,MILL TERRACE,EDEN HILLS,MILL TERRACE,EDEN HILLS,MILL TERRACE|EDEN HILLS,No,Accepted,Accepted,Accepted,Accepted,Active,No,,No,,"2 MILL TERRACE, EDEN HILLS SA","2 MILL TERRACE, EDEN HILLS, SOUTH AUSTRALIA, 5050",No. 2,100,-35.01524582876422,138.57729701960002,No,,,
402,BLACKWOOD MAIN-276,BLACKWOOD MAIN,MILLER TERRACE,BLACKWOOD,MILLER TERRACE,BLACKWOOD,MILLER TERRACE|BLACKWOOD,No,Accepted,Accepted,Accepted,Accepted,Active,No,,No,,"1 MILLER TERRACE, BLACKWOOD SA","1 MILLER TERRACE, BLACKWOOD, SOUTH AUSTRALIA, 5051",No. 1,100,-35.01346642728516,138.61984148967395,No,,,
403,BLACKWOOD MAIN-277,BLACKWOOD MAIN,MIMOSA AVENUE,BLACKWOOD,MIMOSA AVENUE,BLACKWOOD,MIMOSA AVENUE|BLACKWOOD,No,Accepted,Accepted,Accepted,Accepted,Active,No,,No,,"1 MIMOSA AVENUE, BLACKWOOD SA","1 MIMOSA AVENUE, BLACKWOOD, SOUTH AUSTRALIA, 5051",No. 1,100,-35.03122184064424,138.6177239254225,No,,,
404,BLACKWOOD MAIN-278,BLACKWOOD MAIN,MINER AVENUE,GLENALTA,MINER AVENUE,GLENALTA,MINER AVENUE|GLENALTA,No,Accepted,Accepted,Accepted,Accepted,Active,No,,No,,"1 MINER AVENUE, GLENALTA SA","1 MINER AVENUE, GLENALTA, SOUTH AUSTRALIA, 5052",No. 1,100,-35.016131171277614,138.62680059846767,No,,,
405,BLACKWOOD MAIN-279,BLACKWOOD MAIN,MINNOW DRIVE,GLENALTA,MINNOW DRIVE,GLENALTA,MINNOW DRIVE|GLENALTA,No,Accepted,Accepted,Accepted,Accepted,Active,No,,No,,"1 MINNOW DRIVE, GLENALTA SA","1 MINNOW DRIVE, GLENALTA, SOUTH AUSTRALIA, 5052",No. 1,100,-35.0167132168279,138.62377278755338,No,,,
406,BLACKWOOD MAIN-280,BLACKWOOD MAIN,MIRANDA STREET,EDEN HILLS,MIRANDA STREET,EDEN HILLS,MIRANDA STREET|EDEN HILLS,No,Accepted,Accepted,Accepted,Accepted,Active,No,,No,,"1 MIRANDA STREET, EDEN HILLS SA","1 MIRANDA STREET, EDEN HILLS, SOUTH AUSTRALIA, 5050",No. 1,100,-35.02161221880068,138.60326386469745,No,,,
407,BLACKWOOD MAIN-281,BLACKWOOD MAIN,MITCHELL CRESCENT,PASADENA,MITCHELL CRESCENT,PASADENA,MITCHELL CRESCENT|PASADENA,No,Ambiguous,Ambiguous,Official candidate salvage,Reviewed resolution,Active,Yes,High,No,,"MITCHELL CRESCENT, PASADENA SA","3 MITCHELL CRESCENT, PASADENA, SOUTH AUSTRALIA, 5042",Reviewed street-only,100,-35.01108932621897,138.59155215475235,No,Lowest valid numbered address returned by the official SAGAF_PLUS street-only search; exact street and locality were already validated by the collector.,,
408,CORO STREETS-68,CORO STREETS,MONACO CIRCUIT,ABERFOYLE PARK,MONACO CIRCUIT,ABERFOYLE PARK,MONACO CIRCUIT|ABERFOYLE PARK,No,Accepted,Accepted,Accepted,Accepted,Active,No,,No,,"1 MONACO CIRCUIT, ABERFOYLE PARK SA","1 MONACO CIRCUIT, ABERFOYLE PARK, SOUTH AUSTRALIA, 5159",No. 1,100,-35.06176464531829,138.615864119118,No,,,
409,BLACKWOOD MAIN-282,BLACKWOOD MAIN,MONALTA DRIVE,BELAIR,MONALTA DRIVE,BELAIR,MONALTA DRIVE|BELAIR,No,Ambiguous,Ambiguous,Official candidate salvage,Reviewed resolution,Active,Yes,High,No,,"MONALTA DRIVE, BELAIR SA","3 MONALTA DRIVE, BELAIR, SOUTH AUSTRALIA, 5052",Reviewed street-only,100,-35.00308602201574,138.62606877224704,No,Lowest valid numbered address returned by the official SAGAF_PLUS street-only search; exact street and locality were already validated by the collector.,,
410,BLACKWOOD MAIN-283,BLACKWOOD MAIN,MONASH AVENUE,BELAIR,MONASH AVENUE,BELAIR,MONASH AVENUE|BELAIR,No,Accepted,Accepted,Accepted,Accepted,Active,No,,No,,"1 MONASH AVENUE, BELAIR SA","1 MONASH AVENUE, BELAIR, SOUTH AUSTRALIA, 5052",No. 1,100,-35.00419354511968,138.61864502317906,No,,,
411,BLACKWOOD MAIN-284,BLACKWOOD MAIN,MONOMEETH COURT,HAWTHORNDENE,MONOMEETH COURT,HAWTHORNDENE,MONOMEETH COURT|HAWTHORNDENE,No,Accepted,Accepted,Accepted,Accepted,Active,No,,No,,"2 MONOMEETH COURT, HAWTHORNDENE SA","2 MONOMEETH COURT, HAWTHORNDENE, SOUTH AUSTRALIA, 5051",No. 2,100,-35.02553373290707,138.63445328782393,No,,,
412,BLACKWOOD MAIN-285,BLACKWOOD MAIN,MOUNT BARKER ROAD,EAGLE ON THE HILL · LEAWOOD GARDENS,,,,No,Ambiguous,Ambiguous authoritative locality fields,Reviewed multi-locality vicinity anchor,Reviewed resolution,Active,Yes,Moderate,Yes,JAMES ROAD|BELAIR,"2 JAMES ROAD, BELAIR SA","2 JAMES ROAD, BELAIR, SOUTH AUSTRALIA, 5052",Reviewed Directions route vicinity anchor,100,-34.99664545319125,138.6307084152919,No,The Directions entry spans multiple locality fields. A reviewed official approach point (JAMES ROAD|BELAIR) was selected without merging it with other same-name street records.,,
413,BLACKWOOD MAIN-286,BLACKWOOD MAIN,MOUNTAIN ROAD,EDEN HILLS,MOUNTAIN ROAD,EDEN HILLS,MOUNTAIN ROAD|EDEN HILLS,No,Accepted,Accepted,Accepted,Accepted,Active,No,,No,,"1 MOUNTAIN ROAD, EDEN HILLS SA","1 MOUNTAIN ROAD, EDEN HILLS, SOUTH AUSTRALIA, 5050",No. 1,100,-35.02084944028001,138.6056550188194,No,,,
414,BLACKWOOD MAIN-287,BLACKWOOD MAIN,MOUNTBATTEN ROAD,BELLEVUE HEIGHTS,MOUNTBATTEN ROAD,BELLEVUE HEIGHTS,MOUNTBATTEN ROAD|BELLEVUE HEIGHTS,No,Ambiguous,Ambiguous,Official candidate salvage,Reviewed resolution,Active,Yes,High,No,,"MOUNTBATTEN ROAD, BELLEVUE HEIGHTS SA","34 MOUNTBATTEN ROAD, BELLEVUE HEIGHTS, SOUTH AUSTRALIA, 5050",Reviewed street-only,100,-35.032007210786205,138.59428520726908,No,Lowest valid numbered address returned by the official SAGAF_PLUS street-only search; exact street and locality were already validated by the collector.,,
415,BLACKWOOD MAIN-288,BLACKWOOD MAIN,MULGA ROAD,HAWTHORNDENE,MULGA ROAD,HAWTHORNDENE,MULGA ROAD|HAWTHORNDENE,No,Accepted,Accepted,Accepted,Accepted,Active,No,,No,,"1 MULGA ROAD, HAWTHORNDENE SA","1 MULGA ROAD, HAWTHORNDENE, SOUTH AUSTRALIA, 5051",No. 1,100,-35.017434191954834,138.62614135005404,No,,,
416,BLACKWOOD MAIN-289,BLACKWOOD MAIN,MULGA STREET,EDEN HILLS,MULGA STREET,EDEN HILLS,MULGA STREET|EDEN HILLS,No,Accepted,Accepted,Accepted,Accepted,Active,No,,No,,"1 MULGA STREET, EDEN HILLS SA","1 MULGA STREET, EDEN HILLS, SOUTH AUSTRALIA, 5050",No. 1,100,-35.02544959245925,138.6033535196355,No,,,
417,BLACKWOOD MAIN-290,BLACKWOOD MAIN,MURRAY STREET,BLACKWOOD,MURRAY STREET,BLACKWOOD,MURRAY STREET|BLACKWOOD,No,Ambiguous,Ambiguous,Official candidate salvage,Reviewed resolution,Active,Yes,High,No,,"MURRAY STREET, BLACKWOOD SA","5 MURRAY STREET, BLACKWOOD, SOUTH AUSTRALIA, 5051",Reviewed street-only,100,-35.02307409237411,138.61867455238485,No,Lowest valid numbered address returned by the official SAGAF_PLUS street-only search; exact street and locality were already validated by the collector.,,
418,CORO STREETS-69,CORO STREETS,MURRAY'S HILL ROAD,COROMANDEL VALLEY · FLAGSTAFF HILL,,,,No,Ambiguous,Ambiguous authoritative locality fields,Reviewed multi-locality vicinity anchor,Reviewed resolution,Active,Yes,Moderate,Yes,GLENDALE AVENUE|FLAGSTAFF HILL,"2 GLENDALE AVENUE, FLAGSTAFF HILL SA","2 GLENDALE AVENUE, FLAGSTAFF HILL, SOUTH AUSTRALIA, 5159",Reviewed Directions route vicinity anchor,100,-35.05750496843955,138.6146694314909,No,The Directions entry spans multiple locality fields. A reviewed official approach point (GLENDALE AVENUE|FLAGSTAFF HILL) was selected without merging it with other same-name street records.,,
419,BLACKWOOD MAIN-291,BLACKWOOD MAIN,MURRAYS HILL ROAD,COROMANDEL VALLEY,MURRAYS HILL ROAD,COROMANDEL VALLEY,MURRAYS HILL ROAD|COROMANDEL VALLEY,No,Ambiguous,Ambiguous,Official candidate salvage,Reviewed resolution,Active,Yes,High,No,,"MURRAYS HILL ROAD, COROMANDEL VALLEY SA","60 MURRAYS HILL ROAD, COROMANDEL VALLEY, SOUTH AUSTRALIA, 5051",Reviewed street-only,100,-35.05303431783751,138.61142424292916,No,Lowest valid numbered address returned by the official SAGAF_PLUS street-only search; exact street and locality were already validated by the collector.,,
420,BLACKWOOD MAIN-292,BLACKWOOD MAIN,MURTOA ROAD,EDEN HILLS,MURTOA ROAD,EDEN HILLS,MURTOA ROAD|EDEN HILLS,No,Accepted,Accepted,Accepted,Accepted,Active,No,,No,,"1 MURTOA ROAD, EDEN HILLS SA","1 MURTOA ROAD, EDEN HILLS, SOUTH AUSTRALIA, 5050",No. 1,100,-35.02553106460535,138.58769983860407,No,,,
421,BLACKWOOD MAIN-293,BLACKWOOD MAIN,MYALL AVENUE,BLACKWOOD,MYALL AVENUE,BLACKWOOD,MYALL AVENUE|BLACKWOOD,No,Accepted,Accepted,Accepted,Accepted,Active,No,,No,,"1 MYALL AVENUE, BLACKWOOD SA","1 MYALL AVENUE, BLACKWOOD, SOUTH AUSTRALIA, 5051",No. 1,100,-35.01318358730197,138.6197888351865,No,,,
422,CORO STREETS-70,CORO STREETS,MYRTLE ROAD,COROMANDEL VALLEY,MYRTLE ROAD,COROMANDEL VALLEY,MYRTLE ROAD|COROMANDEL VALLEY,No,Accepted,Accepted,Accepted,Accepted,Active,No,,No,,"MYRTLE ROAD, COROMANDEL VALLEY SA","LOT 51 MYRTLE ROAD, COROMANDEL VALLEY, SOUTH AUSTRALIA, 5051",street-only,100,-35.03138033776689,138.63038910851844,No,,,
423,BLACKWOOD MAIN-294,BLACKWOOD MAIN,MYRTLE ROAD,HAWTHORNDENE,MYRTLE ROAD,HAWTHORNDENE,MYRTLE ROAD|HAWTHORNDENE,No,Accepted,Accepted,Accepted,Accepted,Active,No,,No,,"1 MYRTLE ROAD, HAWTHORNDENE SA","1 MYRTLE ROAD, HAWTHORNDENE, SOUTH AUSTRALIA, 5051",No. 1,100,-35.017630401075245,138.63144113094643,No,,,
424,BLACKWOOD MAIN-295,BLACKWOOD MAIN,NAMA DRIVE,HAWTHORNDENE,NAMA DRIVE,HAWTHORNDENE,NAMA DRIVE|HAWTHORNDENE,No,Accepted,Accepted (preserved validated),Accepted,Accepted (preserved validated),Active,No,,No,,"1 Nama Drive, Hawthorndene SA","1 NAMA DRIVE, HAWTHORNDENE, SOUTH AUSTRALIA, 5051",No. 1,100,-35.02472167974781,138.6359534070555,No,,,
425,BLACKWOOD MAIN-296,BLACKWOOD MAIN,NARDU CRESCENT,BELAIR,NARDU CRESCENT,BELAIR,NARDU CRESCENT|BELAIR,No,Failed,Failed,Reviewed vicinity anchor,Reviewed resolution,Active,Yes,Moderate,Yes,ADAMSON AVENUE|BELAIR,"1 ADAMSON AVENUE, BELAIR SA","1 ADAMSON AVENUE, BELAIR, SOUTH AUSTRALIA, 5052",Reviewed Directions route vicinity anchor,100,-34.997909338776445,138.6141023284303,No,Directions place Nardu Crescent as the second right from Adamson Avenue.,,
426,BLACKWOOD MAIN-297,BLACKWOOD MAIN,NEATE AVENUE,BELAIR,NEATE AVENUE,BELAIR,NEATE AVENUE|BELAIR,No,Accepted,Accepted,Accepted,Accepted,Active,No,,No,,"2 NEATE AVENUE, BELAIR SA","2 NEATE AVENUE, BELAIR, SOUTH AUSTRALIA, 5052",No. 2,100,-35.00684957265984,138.61892199289844,No,,,
427,BLACKWOOD MAIN-298,BLACKWOOD MAIN,NERLI STREET,EDEN HILLS,NERLI STREET,EDEN HILLS,NERLI STREET|EDEN HILLS,No,Failed,Failed,Reviewed vicinity anchor,Reviewed resolution,Active,Yes,Moderate,Yes,EURILPA STREET|EDEN HILLS,"1 EURILPA STREET, EDEN HILLS SA","1 EURILPA STREET, EDEN HILLS, SOUTH AUSTRALIA, 5050",Reviewed Directions route vicinity anchor,100,-35.019248815016724,138.59795679044697,No,Directions place Nerli Street as the second left from Eurilpa Street.,,
428,CORO STREETS-71,CORO STREETS,NEVILLE STREET,COROMANDEL VALLEY,NEVILLE STREET,COROMANDEL VALLEY,NEVILLE STREET|COROMANDEL VALLEY,No,Accepted,Accepted,Accepted,Accepted,Active,No,,No,,"1 NEVILLE STREET, COROMANDEL VALLEY SA","1 NEVILLE STREET, COROMANDEL VALLEY, SOUTH AUSTRALIA, 5051",No. 1,100,-35.05031371739555,138.61414484337118,No,,,
429,BLACKWOOD PARK-40,BLACKWOOD PARK,NEWLAND COURT,CRAIGBURN FARM,NEWLAND COURT,CRAIGBURN FARM,NEWLAND COURT|CRAIGBURN FARM,No,Ambiguous,Ambiguous,Official candidate salvage,Reviewed resolution,Active,Yes,High,No,,"NEWLAND COURT, CRAIGBURN FARM SA","3 NEWLAND COURT, CRAIGBURN FARM, SOUTH AUSTRALIA, 5051",Reviewed street-only,100,-35.03502968509703,138.6155480143066,No,Lowest valid numbered address returned by the official SAGAF_PLUS street-only search; exact street and locality were already validated by the collector.,,
430,BLACKWOOD MAIN-299,BLACKWOOD MAIN,NICOLE AVENUE,HAWTHORNDENE,NICOLE AVENUE,HAWTHORNDENE,NICOLE AVENUE|HAWTHORNDENE,No,Failed,Failed,Secondary-assisted official correction,Reviewed resolution,Active,Yes,High,No,,"1 NICOLE AVENUE, HAWTHORNDENE SA","1 NICOLLE AVENUE, HAWTHORNDENE, SOUTH AUSTRALIA, 5051",Reviewed No. 1,98.66,-35.01718123695101,138.63478949384168,No,"Reviewed spelling, street type or adjoining official locality; selected the lowest numbered matching official SAGAF_PLUS candidate for NICOLLE AVENUE, HAWTHORNDENE.",,
431,CORO STREETS-72,CORO STREETS,NICOLLE DRIVE,COROMANDEL VALLEY,NICOLLE DRIVE,COROMANDEL VALLEY,NICOLLE DRIVE|COROMANDEL VALLEY,No,Accepted,Accepted,Accepted,Accepted,Active,No,,No,,"2 NICOLLE DRIVE, COROMANDEL VALLEY SA","2 NICOLLE DRIVE, COROMANDEL VALLEY, SOUTH AUSTRALIA, 5051",No. 2,100,-35.052500657491905,138.62116158748222,No,,,
432,BLACKWOOD MAIN-300,BLACKWOOD MAIN,NORFOLK STREET,BLACKWOOD,NORFOLK STREET,BLACKWOOD,NORFOLK STREET|BLACKWOOD,No,Accepted,Accepted,Accepted,Accepted,Active,No,,No,,"1 NORFOLK STREET, BLACKWOOD SA","1 NORFOLK STREET, BLACKWOOD, SOUTH AUSTRALIA, 5051",No. 1,100,-35.008013307986836,138.61844756885117,No,,,
433,CORO STREETS-73,CORO STREETS,NORMAN COURT,COROMANDEL VALLEY,NORMAN COURT,COROMANDEL VALLEY,NORMAN COURT|COROMANDEL VALLEY,No,Accepted,Accepted,Accepted,Accepted,Active,No,,No,,"1 NORMAN COURT, COROMANDEL VALLEY SA","1 NORMAN COURT, COROMANDEL VALLEY, SOUTH AUSTRALIA, 5051",No. 1,100,-35.051882500924876,138.6221570419136,No,,,
434,BLACKWOOD MAIN-301,BLACKWOOD MAIN,NORTHBROOK AVENUE,MITCHAM,NORTHBROOK AVENUE,MITCHAM,NORTHBROOK AVENUE|MITCHAM,No,Accepted,Accepted,Accepted,Accepted,Active,No,,No,,"2 NORTHBROOK AVENUE, MITCHAM SA","2 NORTHBROOK AVENUE, MITCHAM, SOUTH AUSTRALIA, 5062",No. 2,100,-34.98361827049433,138.6238804090564,No,,,
435,BLACKWOOD MAIN-302,BLACKWOOD MAIN,NORTHCOTE STREET,EDEN HILLS,NORTHCOTE STREET,EDEN HILLS,NORTHCOTE STREET|EDEN HILLS,No,Failed,Failed,Reviewed vicinity anchor,Reviewed resolution,Active,Yes,Moderate,Yes,SHAFTSBURY STREET|EDEN HILLS,"1 SHAFTSBURY STREET, EDEN HILLS SA","1 SHAFTSBURY STREET, EDEN HILLS, SOUTH AUSTRALIA, 5050",Reviewed Directions route vicinity anchor,100,-35.02867770388989,138.6042605643363,No,The old/unmatched Northcote Street route is in the Shaftsbury Street area off Shepherds Hill Road.,,
436,BLACKWOOD MAIN-303,BLACKWOOD MAIN,NOTTINGHAM WAY,GLENALTA,NOTTINGHAM WAY,GLENALTA,NOTTINGHAM WAY|GLENALTA,No,Accepted,Accepted,Accepted,Accepted,Active,No,,No,,"1 NOTTINGHAM WAY, GLENALTA SA","1 NOTTINGHAM WAY, GLENALTA, SOUTH AUSTRALIA, 5052",No. 1,100,-35.01219862819075,138.62484028613142,No,,,
437,BLACKWOOD MAIN-304,BLACKWOOD MAIN,NUNYARA CRESCENT,BELAIR,NUNYARA CRESCENT,BELAIR,NUNYARA CRESCENT|BELAIR,No,Accepted,Accepted,Accepted,Accepted,Active,No,,No,,"1 NUNYARA CRESCENT, BELAIR SA","1 NUNYARA CRESCENT, BELAIR, SOUTH AUSTRALIA, 5052",No. 1,100,-34.997131617766094,138.61434051883123,No,,,
438,BLACKWOOD MAIN-305,BLACKWOOD MAIN,OAK CRESCENT,HAWTHORNDENE,OAK CRESCENT,HAWTHORNDENE,OAK CRESCENT|HAWTHORNDENE,No,Ambiguous,Ambiguous,Official candidate salvage,Reviewed resolution,Active,Yes,High,No,,"OAK CRESCENT, HAWTHORNDENE SA","3 OAK CRESCENT, HAWTHORNDENE, SOUTH AUSTRALIA, 5051",Reviewed street-only,100,-35.02209642662095,138.62898558180945,No,Lowest valid numbered address returned by the official SAGAF_PLUS street-only search; exact street and locality were already validated by the collector.,,
439,CORO STREETS-74,CORO STREETS,OAKDENE CRESCENT,COROMANDEL VALLEY,OAKDENE CRESCENT,COROMANDEL VALLEY,OAKDENE CRESCENT|COROMANDEL VALLEY,No,Ambiguous,Ambiguous,Official candidate salvage,Reviewed resolution,Active,Yes,High,No,,"OAKDENE CRESCENT, COROMANDEL VALLEY SA","5 OAKDENE CRESCENT, COROMANDEL VALLEY, SOUTH AUSTRALIA, 5051",Reviewed street-only,100,-35.040817231545255,138.62687157529365,No,Lowest valid numbered address returned by the official SAGAF_PLUS street-only search; exact street and locality were already validated by the collector.,,
440,BLACKWOOD MAIN-306,BLACKWOOD MAIN,OAKDENE ROAD,SPRINGFIELD,OAKDENE ROAD,SPRINGFIELD,OAKDENE ROAD|SPRINGFIELD,No,Accepted,Accepted,Accepted,Accepted,Active,No,,No,,"1 OAKDENE ROAD, SPRINGFIELD SA","1 OAKDENE ROAD, SPRINGFIELD, SOUTH AUSTRALIA, 5062",No. 1,100,-34.97852199208046,138.6337883470333,No,,,
441,BLACKWOOD MAIN-307,BLACKWOOD MAIN,OFFLER AVENUE,BELLEVUE HEIGHTS,OFFLER AVENUE,BELLEVUE HEIGHTS,OFFLER AVENUE|BELLEVUE HEIGHTS,No,Ambiguous,Ambiguous,Official candidate salvage,Reviewed resolution,Active,Yes,High,No,,"OFFLER AVENUE, BELLEVUE HEIGHTS SA","LOT 7 OFFLER AVENUE, BELLEVUE HEIGHTS, SOUTH AUSTRALIA, 5050",Reviewed street-only,100,-35.03019561179962,138.5838395175506,No,Lowest valid numbered address returned by the official SAGAF_PLUS street-only search; exact street and locality were already validated by the collector.,,
442,BLACKWOOD MAIN-308,BLACKWOOD MAIN,OLAVE HILL ROAD,HAWTHORNDENE · UPPER STURT,,,,No,Ambiguous,Ambiguous authoritative locality fields,Reviewed multi-locality vicinity anchor,Reviewed resolution,Active,Yes,Moderate,Yes,RANKEYS HILL ROAD|HAWTHORNDENE,"1 RANKEYS HILL ROAD, HAWTHORNDENE SA","1 RANKEYS HILL ROAD, HAWTHORNDENE, SOUTH AUSTRALIA, 5051",Reviewed Directions route vicinity anchor,100,-35.01678045803144,138.6385845304462,No,The Directions entry spans multiple locality fields. A reviewed official approach point (RANKEYS HILL ROAD|HAWTHORNDENE) was selected without merging it with other same-name street records.,,
443,BLACKWOOD MAIN-309,BLACKWOOD MAIN,OLD BELAIR ROAD,BELAIR · MITCHAM,,,,No,Ambiguous,Ambiguous authoritative locality fields,Reviewed multi-locality vicinity anchor,Reviewed resolution,Active,Yes,Moderate,Yes,SHEOAK ROAD|BELAIR,"1 SHEOAK ROAD, BELAIR SA","1 SHEOAK ROAD, BELAIR, SOUTH AUSTRALIA, 5052",Reviewed Directions route vicinity anchor,100,-34.99760924377543,138.62290665681243,No,The Directions entry spans multiple locality fields. A reviewed official approach point (SHEOAK ROAD|BELAIR) was selected without merging it with other same-name street records.,,
444,BLACKWOOD MAIN-310,BLACKWOOD MAIN,ORCHARD GROVE,HAWTHORNDENE,ORCHARD GROVE,HAWTHORNDENE,ORCHARD GROVE|HAWTHORNDENE,No,Accepted,Accepted,Accepted,Accepted,Active,No,,No,,"1 ORCHARD GROVE, HAWTHORNDENE SA","1 ORCHARD GROVE, HAWTHORNDENE, SOUTH AUSTRALIA, 5051",No. 1,100,-35.01680002557746,138.6360112202596,No,,,
445,CORO EAST & CHERRY-21,CORO EAST & CHERRY,ORCHARD ROAD,CHERRY GARDENS,ORCHARD ROAD,CHERRY GARDENS,ORCHARD ROAD|CHERRY GARDENS,No,Ambiguous,Ambiguous,Official candidate salvage,Reviewed resolution,Active,Yes,High,No,,"ORCHARD ROAD, CHERRY GARDENS SA","5 ORCHARD ROAD, CHERRY GARDENS, SOUTH AUSTRALIA, 5157",Reviewed street-only,100,-35.07145200368553,138.63803735070516,No,Lowest valid numbered address returned by the official SAGAF_PLUS street-only search; exact street and locality were already validated by the collector.,,
446,CORO STREETS-75,CORO STREETS,OSPREY COURT,FLAGSTAFF HILL,OSPREY COURT,FLAGSTAFF HILL,OSPREY COURT|FLAGSTAFF HILL,No,Accepted,Accepted,Accepted,Accepted,Active,No,,No,,"1 OSPREY COURT, FLAGSTAFF HILL SA","1 OSPREY COURT, FLAGSTAFF HILL, SOUTH AUSTRALIA, 5159",No. 1,100,-35.05143262525353,138.60940682893593,No,,,
447,BLACKWOOD MAIN-311,BLACKWOOD MAIN,OSWALD AVENUE,BELAIR,OSWALD AVENUE,BELAIR,OSWALD AVENUE|BELAIR,No,Accepted,Accepted,Accepted,Accepted,Active,No,,No,,"1 OSWALD AVENUE, BELAIR SA","1 OSWALD AVENUE, BELAIR, SOUTH AUSTRALIA, 5052",No. 1,100,-35.00081387415087,138.62888898928688,No,,,
448,BLACKWOOD MAIN-PAGE-CRESCENT,BLACKWOOD MAIN,PAGE CRESCENT,PANORAMA,PAGE CRESCENT,PANORAMA,PAGE CRESCENT|PANORAMA,No,Accepted,Accepted,Accepted,Accepted,Active,No,,No,,"1 PAGE CRESCENT, PANORAMA SA","1 PAGE CRESCENT, PANORAMA, SOUTH AUSTRALIA, 5041",No. 1,100,-35.00604232244368,138.59427844757138,No,,,
449,BLACKWOOD MAIN-312,BLACKWOOD MAIN,PANORAMA AVENUE,HAWTHORNDENE,PANORAMA AVENUE,HAWTHORNDENE,PANORAMA AVENUE|HAWTHORNDENE,No,Accepted,Accepted,Accepted,Accepted,Active,No,,No,,"1 PANORAMA AVENUE, HAWTHORNDENE SA","1 PANORAMA AVENUE, HAWTHORNDENE, SOUTH AUSTRALIA, 5051",No. 1,100,-35.01788584649402,138.63584685287313,No,,,
450,BLACKWOOD MAIN-313,BLACKWOOD MAIN,PARA STREET,EDEN HILLS,PARA STREET,EDEN HILLS,PARA STREET|EDEN HILLS,No,Accepted,Accepted,Accepted,Accepted,Active,No,,No,,"1 PARA STREET, EDEN HILLS SA","1 PARA STREET, EDEN HILLS, SOUTH AUSTRALIA, 5050",No. 1,100,-35.018485147062144,138.59581325472539,No,,,
451,BLACKWOOD MAIN-314,BLACKWOOD MAIN,PARHAM ROAD,EDEN HILLS,PARHAM ROAD,EDEN HILLS,PARHAM ROAD|EDEN HILLS,No,Accepted,Accepted,Accepted,Accepted,Active,No,,No,,"1 PARHAM ROAD, EDEN HILLS SA","1 PARHAM ROAD, EDEN HILLS, SOUTH AUSTRALIA, 5050",No. 1,100,-35.02334697069751,138.60629363236635,No,,,
452,BLACKWOOD MAIN-315,BLACKWOOD MAIN,PARK STREET,EDEN HILLS,PARK STREET,EDEN HILLS,PARK STREET|EDEN HILLS,No,Accepted,Accepted,Accepted,Accepted,Active,No,,No,,"1 PARK STREET, EDEN HILLS SA","1 PARK STREET, EDEN HILLS, SOUTH AUSTRALIA, 5050",No. 1,100,-35.017207919968286,138.57945425260382,No,,,
453,BLACKWOOD MAIN-316,BLACKWOOD MAIN,PARKERS ROAD,TORRENS PARK,PARKERS ROAD,TORRENS PARK,PARKERS ROAD|TORRENS PARK,No,Accepted,Accepted,Accepted,Accepted,Active,No,,No,,"1 PARKERS ROAD, TORRENS PARK SA","1 PARKERS ROAD, TORRENS PARK, SOUTH AUSTRALIA, 5062",No. 1,100,-34.99119055502511,138.614460592409,No,,,
454,BLACKWOOD MAIN-317,BLACKWOOD MAIN,PASADENA CRESCENT,PASADENA,PASADENA CRESCENT,PASADENA,PASADENA CRESCENT|PASADENA,No,Accepted,Accepted,Accepted,Accepted,Active,No,,No,,"1 PASADENA CRESCENT, PASADENA SA","1 PASADENA CRESCENT, PASADENA, SOUTH AUSTRALIA, 5042",No. 1,100,-35.01116065881851,138.58586084505305,No,,,
455,BLACKWOOD MAIN-318,BLACKWOOD MAIN,PASTEUR AVENUE,HAWTHORNDENE,PASTEUR AVENUE,HAWTHORNDENE,PASTEUR AVENUE|HAWTHORNDENE,No,Accepted,Accepted,Accepted,Accepted,Active,No,,No,,"1 PASTEUR AVENUE, HAWTHORNDENE SA","1 PASTEUR AVENUE, HAWTHORNDENE, SOUTH AUSTRALIA, 5051",No. 1,100,-35.02296060060729,138.63224179935165,No,,,
456,CORO STREETS-76,CORO STREETS,PATRICIA STREET,COROMANDEL VALLEY,PATRICIA STREET,COROMANDEL VALLEY,PATRICIA STREET|COROMANDEL VALLEY,No,Accepted,Accepted,Accepted,Accepted,Active,No,,No,,"2 PATRICIA STREET, COROMANDEL VALLEY SA","2 PATRICIA STREET, COROMANDEL VALLEY, SOUTH AUSTRALIA, 5051",No. 2,100,-35.04880079031572,138.6128951887285,No,,,
457,BLACKWOOD MAIN-319,BLACKWOOD MAIN,PEEWIT AVENUE,GLENALTA,PEEWIT AVENUE,GLENALTA,PEEWIT AVENUE|GLENALTA,No,Accepted,Accepted,Accepted,Accepted,Active,No,,No,,"2 PEEWIT AVENUE, GLENALTA SA","2 PEEWIT AVENUE, GLENALTA, SOUTH AUSTRALIA, 5052",No. 2,100,-35.01614131082417,138.62730241707933,No,,,
458,BLACKWOOD MAIN-320,BLACKWOOD MAIN,PEKINA STREET,EDEN HILLS,PEKINA STREET,EDEN HILLS,PEKINA STREET|EDEN HILLS,No,Ambiguous,Ambiguous,Official candidate salvage,Reviewed resolution,Active,Yes,High,No,,"PEKINA STREET, EDEN HILLS SA","53 PEKINA STREET, EDEN HILLS, SOUTH AUSTRALIA, 5050",Reviewed street-only,100,-35.01859703784794,138.59621492307886,No,Lowest valid numbered address returned by the official SAGAF_PLUS street-only search; exact street and locality were already validated by the collector.,,
459,BLACKWOOD MAIN-321,BLACKWOOD MAIN,PENDELBURY WAY,BELLEVUE HEIGHTS,PENDELBURY WAY,BELLEVUE HEIGHTS,PENDELBURY WAY|BELLEVUE HEIGHTS,No,Failed,Failed,Reviewed vicinity anchor,Reviewed resolution,Active,Yes,Moderate,Yes,FLINDERS ROAD|BELLEVUE HEIGHTS,"1 FLINDERS ROAD, BELLEVUE HEIGHTS SA","1 FLINDERS ROAD, BELLEVUE HEIGHTS, SOUTH AUSTRALIA, 5050",Reviewed Directions route vicinity anchor,100,-35.032540871131815,138.58195196090813,No,Directions place Pendelbury Way as the first right from Flinders Road.,,
460,BLACKWOOD MAIN-322,BLACKWOOD MAIN,PENGANA DRIVE,HAWTHORNDENE,PENGANA DRIVE,HAWTHORNDENE,PENGANA DRIVE|HAWTHORNDENE,No,Accepted,Accepted,Accepted,Accepted,Active,No,,No,,"1 PENGANA DRIVE, HAWTHORNDENE SA","1 PENGANA DRIVE, HAWTHORNDENE, SOUTH AUSTRALIA, 5051",No. 1,100,-35.02829524730889,138.63587513687145,No,,,
461,BLACKWOOD MAIN-323,BLACKWOOD MAIN,PENNO PARADE NORTH,BELAIR,PENNO PARADE NORTH,BELAIR,PENNO PARADE NORTH|BELAIR,No,Failed,Failed,Secondary-assisted official correction,Reviewed resolution,Active,Yes,High,No,,"1 PENNO PARADE NORTH, BELAIR SA","1 PENNO PARADE NORTH, BELAIR, SOUTH AUSTRALIA, 5052",Reviewed No. 1,100,-35.00107892545586,138.62301819182466,No,"Reviewed spelling, street type or adjoining official locality; selected the lowest numbered matching official SAGAF_PLUS candidate for PENNO PARADE, BELAIR.",,
462,BLACKWOOD MAIN-324,BLACKWOOD MAIN,PENNO PARADE SOUTH,BLACKWOOD,PENNO PARADE SOUTH,BLACKWOOD,PENNO PARADE SOUTH|BLACKWOOD,No,Failed,Failed,Secondary-assisted official correction,Reviewed resolution,Active,Yes,High,No,,"1 PENNO PARADE SOUTH, BLACKWOOD SA","1 PENNO PARADE SOUTH, BLACKWOOD, SOUTH AUSTRALIA, 5051",Reviewed No. 1,100,-35.011639885808876,138.62238722740935,No,"Reviewed spelling, street type or adjoining official locality; selected the lowest numbered matching official SAGAF_PLUS candidate for PENNO PARADE, BLACKWOOD.",,
463,BLACKWOOD MAIN-325,BLACKWOOD MAIN,PEPPERMINT AVENUE,BELAIR,PEPPERMINT AVENUE,BELAIR,PEPPERMINT AVENUE|BELAIR,No,Accepted,Accepted,Accepted,Accepted,Active,No,,No,,"1 PEPPERMINT AVENUE, BELAIR SA","1 PEPPERMINT AVENUE, BELAIR, SOUTH AUSTRALIA, 5052",No. 1,100,-35.00706695030728,138.61274131666218,No,,,
464,BLACKWOOD MAIN-326,BLACKWOOD MAIN,PERRY LANE,EDEN HILLS,PERRY LANE,EDEN HILLS,PERRY LANE|EDEN HILLS,No,Accepted,Accepted,Accepted,Accepted,Active,No,,No,,"1 PERRY LANE, EDEN HILLS SA","1 PERRY LANE, EDEN HILLS, SOUTH AUSTRALIA, 5050",No. 1,100,-35.025173512173765,138.5897732869336,No,,,
465,BLACKWOOD MAIN-327,BLACKWOOD MAIN,PETHERICK STREET,GLENALTA,PETHERICK STREET,GLENALTA,PETHERICK STREET|GLENALTA,No,Ambiguous,Ambiguous,Official candidate salvage,Reviewed resolution,Active,Yes,High,No,,"PETHERICK STREET, GLENALTA SA","3 PETHERICK STREET, GLENALTA, SOUTH AUSTRALIA, 5052",Reviewed street-only,100,-35.015072211265114,138.6340541098854,No,Lowest valid numbered address returned by the official SAGAF_PLUS street-only search; exact street and locality were already validated by the collector.,,
466,BLACKWOOD MAIN-328,BLACKWOOD MAIN,PINDA STREET,EDEN HILLS,PINDA STREET,EDEN HILLS,PINDA STREET|EDEN HILLS,No,Accepted,Accepted,Accepted,Accepted,Active,No,,No,,"1 PINDA STREET, EDEN HILLS SA","1 PINDA STREET, EDEN HILLS, SOUTH AUSTRALIA, 5050",No. 1,100,-35.02197813191098,138.597701522915,No,,,
467,BLACKWOOD MAIN-331,BLACKWOOD MAIN,PINE CREEK CRESCENT,GLENALTA,PINE CREEK CRESCENT,GLENALTA,PINE CREEK CRESCENT|GLENALTA,No,Accepted,Accepted,Accepted,Accepted,Active,No,,No,,"1 PINE CREEK CRESCENT, GLENALTA SA","1 PINE CREEK CRESCENT, GLENALTA, SOUTH AUSTRALIA, 5052",No. 1,100,-35.01341537377875,138.62625003887777,No,,,
468,BLACKWOOD MAIN-329,BLACKWOOD MAIN,PINE GROVE,BELAIR,PINE GROVE,BELAIR,PINE GROVE|BELAIR,No,Accepted,Accepted,Accepted,Accepted,Active,No,,No,,"1 PINE GROVE, BELAIR SA","1 PINE GROVE, BELAIR, SOUTH AUSTRALIA, 5052",No. 1,100,-35.00096703467005,138.61816970969787,No,,,
469,BLACKWOOD MAIN-332,BLACKWOOD MAIN,PINE LODGE DRIVE,GLENALTA,PINE LODGE DRIVE,GLENALTA,PINE LODGE DRIVE|GLENALTA,No,Accepted,Accepted,Accepted,Accepted,Active,No,,No,,"1 PINE LODGE DRIVE, GLENALTA SA","1 PINE LODGE DRIVE, GLENALTA, SOUTH AUSTRALIA, 5052",No. 1,100,-35.00857649753826,138.63203616223183,No,,,
470,BLACKWOOD MAIN-330,BLACKWOOD MAIN,PINE ROAD,HAWTHORNDENE,PINE ROAD,HAWTHORNDENE,PINE ROAD|HAWTHORNDENE,No,Accepted,Accepted,Accepted,Accepted,Active,No,,No,,"1 PINE ROAD, HAWTHORNDENE SA","1 PINE ROAD, HAWTHORNDENE, SOUTH AUSTRALIA, 5051",No. 1,100,-35.01716700600845,138.6252309255044,No,,,
471,BLACKWOOD MAIN-333,BLACKWOOD MAIN,PINES OVAL ROAD,BELAIR NATIONAL PARK,PINES OVAL ROAD,BELAIR NATIONAL PARK,PINES OVAL ROAD|BELAIR NATIONAL PARK,No,Failed,Failed,Reviewed vicinity anchor,Reviewed resolution,Active,Yes,Moderate,Yes,QUEENS JUBILEE DRIVE|BELAIR NATIONAL PARK,"QUEENS JUBILEE DRIVE, BELAIR NATIONAL PARK SA","LOT 599 QUEENS JUBILEE DRIVE, BELAIR, SOUTH AUSTRALIA, 5052",Reviewed Directions route vicinity anchor,55,-35.0076162646897,138.6497405220847,No,Internal park road beyond Playford Lake; use the reviewed official park-road starting point.,,
472,BLACKWOOD MAIN-334,BLACKWOOD MAIN,PITT STREET,EDEN HILLS,PITT STREET,EDEN HILLS,PITT STREET|EDEN HILLS,No,Failed,Failed,Reviewed vicinity anchor,Reviewed resolution,Active,Yes,Moderate,Yes,SHAFTSBURY STREET|EDEN HILLS,"1 SHAFTSBURY STREET, EDEN HILLS SA","1 SHAFTSBURY STREET, EDEN HILLS, SOUTH AUSTRALIA, 5050",Reviewed Directions route vicinity anchor,100,-35.02867770388989,138.6042605643363,No,Directions place Pitt Street as the first right from Shaftsbury Street.,,
473,BLACKWOOD MAIN-335,BLACKWOOD MAIN,PLAYFORD AVENUE,BLACKWOOD,PLAYFORD AVENUE,BLACKWOOD,PLAYFORD AVENUE|BLACKWOOD,No,Ambiguous,Ambiguous,Official candidate salvage,Reviewed resolution,Active,Yes,High,No,,"PLAYFORD AVENUE, BLACKWOOD SA","3 PLAYFORD AVENUE, BLACKWOOD, SOUTH AUSTRALIA, 5051",Reviewed street-only,100,-35.01566172806024,138.61296634344126,No,Lowest valid numbered address returned by the official SAGAF_PLUS street-only search; exact street and locality were already validated by the collector.,,
474,BLACKWOOD MAIN-336,BLACKWOOD MAIN,PLAYFORD ROAD,MITCHAM,PLAYFORD ROAD,MITCHAM,PLAYFORD ROAD|MITCHAM,No,Accepted,Accepted,Accepted,Accepted,Active,No,,No,,"1 PLAYFORD ROAD, MITCHAM SA","1 PLAYFORD ROAD, MITCHAM, SOUTH AUSTRALIA, 5062",No. 1,100,-34.98209146824552,138.62687655612353,No,,,
475,BLACKWOOD MAIN-337,BLACKWOOD MAIN,PLYMOUTH AVENUE,BLACKWOOD/CORO VALLEY,PLYMOUTH AVENUE,BLACKWOOD/CORO VALLEY,PLYMOUTH AVENUE|BLACKWOOD CORO VALLEY,No,Failed,Failed,Reviewed vicinity anchor,Reviewed resolution,Active,Yes,Moderate,Yes,BORONIA AVENUE|COROMANDEL VALLEY,"1 BORONIA AVENUE, COROMANDEL VALLEY SA","1 BORONIA AVENUE, COROMANDEL VALLEY, SOUTH AUSTRALIA, 5051",Reviewed Directions route vicinity anchor,100,-35.0384349717624,138.62090952191232,No,Directions place Plymouth Avenue off Coromandel Parade in the Boronia Avenue/Coromandel Valley section.,,
476,CORO STREETS-77,CORO STREETS,PLYMOUTH AVENUE,COROMANDEL VALLEY,PLYMOUTH AVENUE,COROMANDEL VALLEY,PLYMOUTH AVENUE|COROMANDEL VALLEY,No,Ambiguous,Ambiguous,Official candidate salvage,Reviewed resolution,Active,Yes,High,No,,"PLYMOUTH AVENUE, COROMANDEL VALLEY SA","4 PLYMOUTH AVENUE, COROMANDEL VALLEY, SOUTH AUSTRALIA, 5051",Reviewed street-only,100,-35.03106761280436,138.6222210811551,No,Lowest valid numbered address returned by the official SAGAF_PLUS street-only search; exact street and locality were already validated by the collector.,,
477,BLACKWOOD MAIN-338,BLACKWOOD MAIN,POLE ROAD,IRONBANK · UPPER STURT,,,,No,Ambiguous,Ambiguous authoritative locality fields,Reviewed multi-locality vicinity anchor,Reviewed resolution,Active,Yes,Moderate,Yes,RANKEYS HILL ROAD|HAWTHORNDENE,"1 RANKEYS HILL ROAD, HAWTHORNDENE SA","1 RANKEYS HILL ROAD, HAWTHORNDENE, SOUTH AUSTRALIA, 5051",Reviewed Directions route vicinity anchor,100,-35.01678045803144,138.6385845304462,No,The Directions entry spans multiple locality fields. A reviewed official approach point (RANKEYS HILL ROAD|HAWTHORNDENE) was selected without merging it with other same-name street records.,,
478,BLACKWOOD MAIN-339,BLACKWOOD MAIN,PONY RIDGE ROAD,BELAIR,PONY RIDGE ROAD,BELAIR,PONY RIDGE ROAD|BELAIR,No,Accepted,Accepted,Accepted,Accepted,Active,No,,No,,"1 PONY RIDGE ROAD, BELAIR SA","1 PONY RIDGE ROAD, BELAIR, SOUTH AUSTRALIA, 5052",No. 1,100,-34.99866179986379,138.65018595058652,No,,,
479,BLACKWOOD MAIN-340,BLACKWOOD MAIN,POPLAR AVENUE,HAWTHORNDENE,POPLAR AVENUE,HAWTHORNDENE,POPLAR AVENUE|HAWTHORNDENE,No,Accepted,Accepted,Accepted,Accepted,Active,No,,No,,"2 POPLAR AVENUE, HAWTHORNDENE SA","2 POPLAR AVENUE, HAWTHORNDENE, SOUTH AUSTRALIA, 5051",No. 2,100,-35.02353019408284,138.62466204357597,No,,,
480,BLACKWOOD MAIN-341,BLACKWOOD MAIN,PRICE AVENUE,BELAIR,PRICE AVENUE,BELAIR,PRICE AVENUE|BELAIR,No,Accepted,Accepted,Accepted,Accepted,Active,No,,No,,"1 PRICE AVENUE, BELAIR SA","1 PRICE AVENUE, BELAIR, SOUTH AUSTRALIA, 5052",No. 1,100,-35.00017935199994,138.62078286652363,No,,,
481,BLACKWOOD MAIN-342,BLACKWOOD MAIN,PRITCHARD GROVE,PASADENA,PRITCHARD GROVE,PASADENA,PRITCHARD GROVE|PASADENA,No,Ambiguous,Ambiguous,Official candidate salvage,Reviewed resolution,Active,Yes,High,No,,"PRITCHARD GROVE, PASADENA SA","3 PRITCHARD GROVE, PASADENA, SOUTH AUSTRALIA, 5042",Reviewed street-only,100,-35.008813976392055,138.59262997076374,No,Lowest valid numbered address returned by the official SAGAF_PLUS street-only search; exact street and locality were already validated by the collector.,,
482,CORO STREETS-78,CORO STREETS,PRIVATE ROAD,Now WILDHEATH ROAD · COROMANDEL VALLEY,,,,No,Ambiguous,Ambiguous authoritative locality fields,Reviewed multi-locality vicinity anchor,Reviewed resolution,Active,Yes,Moderate,Yes,WILDHEATH ROAD|CORO EAST,"WILDHEATH ROAD, CORO EAST SA","10 WILDHEATH RISE, COROMANDEL EAST, SOUTH AUSTRALIA, 5157",Reviewed Directions route vicinity anchor,82.07,-35.03857888216895,138.63170636013822,No,The Directions entry spans multiple locality fields. A reviewed official approach point (WILDHEATH ROAD|CORO EAST) was selected without merging it with other same-name street records.,,
483,BLACKWOOD MAIN-343,BLACKWOOD MAIN,PROTEA AVENUE,COROMANDEL VALLEY,PROTEA AVENUE,COROMANDEL VALLEY,PROTEA AVENUE|COROMANDEL VALLEY,Yes,Accepted,Accepted,Accepted,Accepted,Active,No,,No,,"1 PROTEA AVENUE, COROMANDEL VALLEY SA","1 PROTEA AVENUE, COROMANDEL VALLEY, SOUTH AUSTRALIA, 5051",No. 1,100,-35.04342024882439,138.61664290744903,No,,,
484,CORO STREETS-79,CORO STREETS,PROTEA AVENUE,COROMANDEL VALLEY,PROTEA AVENUE,COROMANDEL VALLEY,PROTEA AVENUE|COROMANDEL VALLEY,Yes,Accepted,Accepted,Accepted,Accepted,Active,No,,No,,"1 PROTEA AVENUE, COROMANDEL VALLEY SA","1 PROTEA AVENUE, COROMANDEL VALLEY, SOUTH AUSTRALIA, 5051",No. 1,100,-35.04342024882439,138.61664290744903,No,,,
485,BLACKWOOD MAIN-344,BLACKWOOD MAIN,PYM STREET,BELAIR,PYM STREET,BELAIR,PYM STREET|BELAIR,No,Accepted,Accepted,Accepted,Accepted,Active,No,,No,,"1 PYM STREET, BELAIR SA","1 PYM STREET, BELAIR, SOUTH AUSTRALIA, 5052",No. 1,100,-35.00996988470066,138.60127544624964,No,,,
486,BLACKWOOD MAIN-345,BLACKWOOD MAIN,QUEENS JUBILEE DRIVE,BELAIR NATIONAL PARK,QUEENS JUBILEE DRIVE,BELAIR NATIONAL PARK,QUEENS JUBILEE DRIVE|BELAIR NATIONAL PARK,No,Failed,Failed,Secondary-assisted official correction,Reviewed resolution,Active,Yes,High,No,,"QUEENS JUBILEE DRIVE, BELAIR NATIONAL PARK SA","LOT 599 QUEENS JUBILEE DRIVE, BELAIR, SOUTH AUSTRALIA, 5052",Reviewed street-only,55,-35.0076162646897,138.6497405220847,No,"Reviewed spelling, street type or adjoining official locality; selected the lowest numbered matching official SAGAF_PLUS candidate for QUEENS JUBILEE DRIVE, BELAIR.",,
487,BLACKWOOD MAIN-346,BLACKWOOD MAIN,RAILWAY LANE,EDEN HILLS,RAILWAY LANE,EDEN HILLS,RAILWAY LANE|EDEN HILLS,No,Ambiguous,Ambiguous,Official candidate salvage,Reviewed resolution,Active,Yes,High,No,,"RAILWAY LANE, EDEN HILLS SA","49 RAILWAY LANE, EDEN HILLS, SOUTH AUSTRALIA, 5050",Reviewed street-only,100,-35.02081279560294,138.59462159117362,No,Lowest valid numbered address returned by the official SAGAF_PLUS street-only search; exact street and locality were already validated by the collector.,,
488,BLACKWOOD MAIN-347,BLACKWOOD MAIN,RAILWAY TERRACE,BLACKWOOD,RAILWAY TERRACE,BLACKWOOD,RAILWAY TERRACE|BLACKWOOD,No,Accepted,Accepted,Accepted,Accepted,Active,No,,No,,"1 RAILWAY TERRACE, BLACKWOOD SA","1 RAILWAY TERRACE, BLACKWOOD, SOUTH AUSTRALIA, 5051",No. 1,100,-35.01516577971239,138.62058025347906,No,,,
489,BLACKWOOD MAIN-348,BLACKWOOD MAIN,RAILWAY TERRACE,PANORAMA,RAILWAY TERRACE,PANORAMA,RAILWAY TERRACE|PANORAMA,No,Accepted,Accepted,Accepted,Accepted,Active,No,,No,,"1 RAILWAY TERRACE, PANORAMA SA","1 RAILWAY TERRACE, PANORAMA, SOUTH AUSTRALIA, 5041",No. 1,100,-35.00747697933948,138.59523441113717,No,,,
490,BLACKWOOD MAIN-349,BLACKWOOD MAIN,RALPH AVENUE,BELAIR,RALPH AVENUE,BELAIR,RALPH AVENUE|BELAIR,No,Accepted,Accepted,Accepted,Accepted,Active,No,,No,,"1 RALPH AVENUE, BELAIR SA","1 RALPH AVENUE, BELAIR, SOUTH AUSTRALIA, 5052",No. 1,100,-35.008873746350766,138.61008955840478,No,,,
491,BLACKWOOD MAIN-350,BLACKWOOD MAIN,RANDELL COURT,BELAIR,RANDELL COURT,BELAIR,RANDELL COURT|BELAIR,No,Accepted,Accepted,Accepted,Accepted,Active,No,,No,,"2 RANDELL COURT, BELAIR SA","2 RANDELL COURT, BELAIR, SOUTH AUSTRALIA, 5052",No. 2,100,-35.002433711186605,138.6121904012987,No,,,
492,BLACKWOOD MAIN-351,BLACKWOOD MAIN,RANKEYS HILL ROAD,HAWTHORNDENE,RANKEYS HILL ROAD,HAWTHORNDENE,RANKEYS HILL ROAD|HAWTHORNDENE,No,Accepted,Accepted,Accepted,Accepted,Active,No,,No,,"1 RANKEYS HILL ROAD, HAWTHORNDENE SA","1 RANKEYS HILL ROAD, HAWTHORNDENE, SOUTH AUSTRALIA, 5051",No. 1,100,-35.01678045803144,138.6385845304462,No,,,
493,CORO STREETS-80,CORO STREETS,REBECCA PLACE,FLAGSTAFF HILL,REBECCA PLACE,FLAGSTAFF HILL,REBECCA PLACE|FLAGSTAFF HILL,No,Accepted,Accepted,Accepted,Accepted,Active,No,,No,,"1 REBECCA PLACE, FLAGSTAFF HILL SA","1 REBECCA PLACE, FLAGSTAFF HILL, SOUTH AUSTRALIA, 5159",No. 1,100,-35.04963845917156,138.61205538523126,No,,,
494,BLACKWOOD MAIN-352,BLACKWOOD MAIN,RED ROAD,BLACKWOOD,RED ROAD,BLACKWOOD,RED ROAD|BLACKWOOD,No,Accepted,Accepted,Accepted,Accepted,Active,No,,No,,"1 RED ROAD, BLACKWOOD SA","1 RED ROAD, BLACKWOOD, SOUTH AUSTRALIA, 5051",No. 1,100,-35.0274284050208,138.6200035445322,No,,,
495,BLACKWOOD MAIN-353,BLACKWOOD MAIN,REDGUM DRIVE,BELAIR,REDGUM DRIVE,BELAIR,REDGUM DRIVE|BELAIR,No,Accepted,Accepted,Accepted,Accepted,Active,No,,No,,"1 REDGUM DRIVE, BELAIR SA","1 REDGUM DRIVE, BELAIR, SOUTH AUSTRALIA, 5052",No. 1,100,-34.999471540494845,138.62809419114546,No,,,
496,BLACKWOOD MAIN-354,BLACKWOOD MAIN,REDGUM DRIVE,PASADENA,REDGUM DRIVE,PASADENA,REDGUM DRIVE|PASADENA,No,Accepted,Accepted,Accepted,Accepted,Active,No,,No,,"1 REDGUM DRIVE, PASADENA SA","1 REDGUM DRIVE, PASADENA, SOUTH AUSTRALIA, 5042",No. 1,100,-35.01086038593069,138.58665457587378,No,,,
497,BLACKWOOD MAIN-355,BLACKWOOD MAIN,REED STREET,BELAIR,REED STREET,BELAIR,REED STREET|BELAIR,No,Accepted,Accepted,Accepted,Accepted,Active,No,,No,,"1 REED STREET, BELAIR SA","1 REED STREET, BELAIR, SOUTH AUSTRALIA, 5052",No. 1,100,-35.005335578259306,138.6110086994067,No,,,
498,BLACKWOOD MAIN-356,BLACKWOOD MAIN,RENFREW DRIVE,HAWTHORNDENE,RENFREW DRIVE,HAWTHORNDENE,RENFREW DRIVE|HAWTHORNDENE,No,Ambiguous,Ambiguous,Official candidate salvage,Reviewed resolution,Active,Yes,High,No,,"RENFREW DRIVE, HAWTHORNDENE SA","3 RENFREW DRIVE, HAWTHORNDENE, SOUTH AUSTRALIA, 5051",Reviewed street-only,100,-35.02887017738789,138.63258814491599,No,Lowest valid numbered address returned by the official SAGAF_PLUS street-only search; exact street and locality were already validated by the collector.,,
499,BLACKWOOD MAIN-357,BLACKWOOD MAIN,REYNOLDS STREET,BLACKWOOD,REYNOLDS STREET,BLACKWOOD,REYNOLDS STREET|BLACKWOOD,No,Accepted,Accepted,Accepted,Accepted,Active,No,,No,,"1 REYNOLDS STREET, BLACKWOOD SA","1 REYNOLDS STREET, BLACKWOOD, SOUTH AUSTRALIA, 5051",No. 1,100,-35.01291604558203,138.61084664454842,No,,,
500,BLACKWOOD PARK-41,BLACKWOOD PARK,RICHMAN COURT,CRAIGBURN FARM,RICHMAN COURT,CRAIGBURN FARM,RICHMAN COURT|CRAIGBURN FARM,No,Accepted,Accepted,Accepted,Accepted,Active,No,,No,,"2 RICHMAN COURT, CRAIGBURN FARM SA","2 RICHMAN COURT, CRAIGBURN FARM, SOUTH AUSTRALIA, 5051",No. 2,100,-35.0380688807653,138.61550300895078,No,,,
501,BLACKWOOD MAIN-358,BLACKWOOD MAIN,RIDGEHAVEN DRIVE,BELLEVUE HEIGHTS,RIDGEHAVEN DRIVE,BELLEVUE HEIGHTS,RIDGEHAVEN DRIVE|BELLEVUE HEIGHTS,No,Accepted,Accepted,Accepted,Accepted,Active,No,,No,,"1 RIDGEHAVEN DRIVE, BELLEVUE HEIGHTS SA","1 RIDGEHAVEN DRIVE, BELLEVUE HEIGHTS, SOUTH AUSTRALIA, 5050",No. 1,100,-35.023518097781675,138.5776013838838,No,,,
502,CORO STREETS-81,CORO STREETS,RIDGETOP PLACE,COROMANDEL VALLEY,RIDGETOP PLACE,COROMANDEL VALLEY,RIDGETOP PLACE|COROMANDEL VALLEY,No,Accepted,Accepted,Accepted,Accepted,Active,No,,No,,"2 RIDGETOP PLACE, COROMANDEL VALLEY SA","2 RIDGETOP PLACE, COROMANDEL VALLEY, SOUTH AUSTRALIA, 5051",No. 2,100,-35.05671319437343,138.61741404664846,No,,,
503,BLACKWOOD PARK-42,BLACKWOOD PARK,RIDING WAY,CRAIGBURN FARM,RIDING WAY,CRAIGBURN FARM,RIDING WAY|CRAIGBURN FARM,No,Ambiguous,Ambiguous,Official candidate salvage,Reviewed resolution,Active,Yes,High,No,,"RIDING WAY, CRAIGBURN FARM SA","3 RIDING WAY, CRAIGBURN FARM, SOUTH AUSTRALIA, 5051",Reviewed street-only,100,-35.04065944596974,138.61065434893723,No,Lowest valid numbered address returned by the official SAGAF_PLUS street-only search; exact street and locality were already validated by the collector.,,
504,BLACKWOOD MAIN-359,BLACKWOOD MAIN,RING ROAD,BEDFORD PARK,RING ROAD,BEDFORD PARK,RING ROAD|BEDFORD PARK,No,Failed,Failed,Reviewed vicinity anchor,Reviewed resolution,Active,Yes,Moderate,Yes,UNIVERSITY WAY|BELLEVUE HEIGHTS,"2 UNIVERSITY WAY, BELLEVUE HEIGHTS SA","2 UNIVERSITY WAY, BELLEVUE HEIGHTS, SOUTH AUSTRALIA, 5050",Reviewed Directions route vicinity anchor,100,-35.030199703195606,138.58586244603407,No,Ring Road is an internal Bedford Park/Flinders access road; use the official University Way approach point.,,
505,CORO STREETS-82,CORO STREETS,RIVER GLEN PLACE,COROMANDEL VALLEY,RIVER GLEN PLACE,COROMANDEL VALLEY,RIVER GLEN PLACE|COROMANDEL VALLEY,No,Failed,Failed,Secondary-assisted official correction,Reviewed resolution,Active,Yes,High,No,,"1 RIVER GLEN PLACE, COROMANDEL VALLEY SA","1 RIVER GLEN PLACE, FLAGSTAFF HILL, SOUTH AUSTRALIA, 5159",Reviewed No. 1,55,-35.05010612352112,138.6111915670185,No,"Reviewed spelling, street type or adjoining official locality; selected the lowest numbered matching official SAGAF_PLUS candidate for RIVER GLEN PLACE, FLAGSTAFF HILL.",,
506,BLACKWOOD MAIN-360,BLACKWOOD MAIN,RIVIERA COURT,PASADENA,RIVIERA COURT,PASADENA,RIVIERA COURT|PASADENA,No,Accepted,Accepted,Accepted,Accepted,Active,No,,No,,"1 RIVIERA COURT, PASADENA SA","1 RIVIERA COURT, PASADENA, SOUTH AUSTRALIA, 5042",No. 1,100,-35.01104414297638,138.59320490084275,No,,,
507,BLACKWOOD PARK-43,BLACKWOOD PARK,ROGERSON CIRCUIT,CRAIGBURN FARM,ROGERSON CIRCUIT,CRAIGBURN FARM,ROGERSON CIRCUIT|CRAIGBURN FARM,No,Ambiguous,Ambiguous,Official candidate salvage,Reviewed resolution,Active,Yes,High,No,,"ROGERSON CIRCUIT, CRAIGBURN FARM SA","13 ROGERSON CIRCUIT, CRAIGBURN FARM, SOUTH AUSTRALIA, 5051",Reviewed street-only,100,-35.03487421204965,138.6057807847742,No,Lowest valid numbered address returned by the official SAGAF_PLUS street-only search; exact street and locality were already validated by the collector.,,
508,BLACKWOOD MAIN-361,BLACKWOOD MAIN,ROKEWOOD AVENUE,BELAIR,ROKEWOOD AVENUE,BELAIR,ROKEWOOD AVENUE|BELAIR,No,Accepted,Accepted,Accepted,Accepted,Active,No,,No,,"1 ROKEWOOD AVENUE, BELAIR SA","1 ROKEWOOD AVENUE, BELAIR, SOUTH AUSTRALIA, 5052",No. 1,100,-35.003381491960425,138.62664637062778,No,,,
509,BLACKWOOD MAIN-362,BLACKWOOD MAIN,RONALD AVENUE,EDEN HILLS,RONALD AVENUE,EDEN HILLS,RONALD AVENUE|EDEN HILLS,No,Accepted,Accepted,Accepted,Accepted,Active,No,,No,,"1 RONALD AVENUE, EDEN HILLS SA","1 RONALD AVENUE, EDEN HILLS, SOUTH AUSTRALIA, 5050",No. 1,100,-35.01612939240979,138.57820530950826,No,,,
510,BLACKWOOD MAIN-363,BLACKWOOD MAIN,ROSEBERRY AVENUE,EDEN HILLS,ROSEBERRY AVENUE,EDEN HILLS,ROSEBERRY AVENUE|EDEN HILLS,No,Accepted,Accepted,Accepted,Accepted,Active,No,,No,,"1 ROSEBERRY AVENUE, EDEN HILLS SA","1 ROSEBERRY AVENUE, EDEN HILLS, SOUTH AUSTRALIA, 5050",No. 1,100,-35.02965554752985,138.60385089107763,No,,,
511,BLACKWOOD MAIN-364,BLACKWOOD MAIN,ROSELLA AVENUE,GLENALTA,ROSELLA AVENUE,GLENALTA,ROSELLA AVENUE|GLENALTA,No,Accepted,Accepted (preserved validated),Accepted,Accepted (preserved validated),Active,No,,No,,"1 Rosella Avenue, Glenalta SA","1 ROSELLA AVENUE, GLENALTA, SOUTH AUSTRALIA, 5052",No. 1,100,-35.011429623632715,138.62414866232348,No,,,
512,CORO STREETS-83,CORO STREETS,ROSS COURT,COROMANDEL VALLEY,ROSS COURT,COROMANDEL VALLEY,ROSS COURT|COROMANDEL VALLEY,No,Accepted,Accepted,Accepted,Accepted,Active,No,,No,,"1 ROSS COURT, COROMANDEL VALLEY SA","1 ROSS COURT, COROMANDEL VALLEY, SOUTH AUSTRALIA, 5051",No. 1,100,-35.05240566595037,138.6156698667522,No,,,
513,CORO STREETS-84,CORO STREETS,ROWLANDS HILL ROAD,COROMANDEL VALLEY,ROWLANDS HILL ROAD,COROMANDEL VALLEY,ROWLANDS HILL ROAD|COROMANDEL VALLEY,No,Accepted,Accepted,Accepted,Accepted,Active,No,,No,,"1 ROWLANDS HILL ROAD, COROMANDEL VALLEY SA","1 ROWLANDS HILL ROAD, COROMANDEL VALLEY, SOUTH AUSTRALIA, 5051",No. 1,100,-35.04714875577246,138.62077005867533,No,,,
514,BLACKWOOD MAIN-365,BLACKWOOD MAIN,RURAL AVENUE,HAWTHORNDENE,RURAL AVENUE,HAWTHORNDENE,RURAL AVENUE|HAWTHORNDENE,No,Accepted,Accepted,Accepted,Accepted,Active,No,,No,,"1 RURAL AVENUE, HAWTHORNDENE SA","1 RURAL AVENUE, HAWTHORNDENE, SOUTH AUSTRALIA, 5051",No. 1,100,-35.01689999794885,138.63734857308572,No,,,
515,BLACKWOOD MAIN-366,BLACKWOOD MAIN,RUSSELL STREET,BELAIR,RUSSELL STREET,BELAIR,RUSSELL STREET|BELAIR,No,Accepted,Accepted,Accepted,Accepted,Active,No,,No,,"2 RUSSELL STREET, BELAIR SA","2 RUSSELL STREET, BELAIR, SOUTH AUSTRALIA, 5052",No. 2,100,-34.998784719630045,138.62384945675637,No,,,
516,BLACKWOOD MAIN-367,BLACKWOOD MAIN,RUSTIC AVENUE,COROMANDEL VALLEY,RUSTIC AVENUE,COROMANDEL VALLEY,RUSTIC AVENUE|COROMANDEL VALLEY,Yes,Accepted,Accepted,Accepted,Accepted,Active,No,,No,,"2 RUSTIC AVENUE, COROMANDEL VALLEY SA","2 RUSTIC AVENUE, COROMANDEL VALLEY, SOUTH AUSTRALIA, 5051",No. 2,100,-35.036255502910905,138.62175430623944,No,,,
517,CORO STREETS-85,CORO STREETS,RUSTIC AVENUE,COROMANDEL VALLEY,RUSTIC AVENUE,COROMANDEL VALLEY,RUSTIC AVENUE|COROMANDEL VALLEY,Yes,Accepted,Accepted,Accepted,Accepted,Active,No,,No,,"2 RUSTIC AVENUE, COROMANDEL VALLEY SA","2 RUSTIC AVENUE, COROMANDEL VALLEY, SOUTH AUSTRALIA, 5051",No. 2,100,-35.036255502910905,138.62175430623944,No,,,
518,BLACKWOOD MAIN-368,BLACKWOOD MAIN,SADDLE HILL ROAD,BELAIR NATIONAL PARK,SADDLE HILL ROAD,BELAIR NATIONAL PARK,SADDLE HILL ROAD|BELAIR NATIONAL PARK,No,Failed,Failed,Secondary-assisted official correction,Reviewed resolution,Active,Yes,High,No,,"SADDLE HILL ROAD, BELAIR NATIONAL PARK SA","LOT 2 SADDLE HILL ROAD, BELAIR, SOUTH AUSTRALIA, 5052",Reviewed street-only,55,-35.01497508508222,138.67796226002918,No,"Reviewed spelling, street type or adjoining official locality; selected the lowest numbered matching official SAGAF_PLUS candidate for SADDLE HILL ROAD, BELAIR.",,
519,BLACKWOOD MAIN-373,BLACKWOOD MAIN,SANDFORD AVENUE,BLACKWOOD,SANDFORD AVENUE,BLACKWOOD,SANDFORD AVENUE|BLACKWOOD,No,Ambiguous,Ambiguous,Official candidate salvage,Reviewed resolution,Active,Yes,High,No,,"SANDFORD AVENUE, BLACKWOOD SA","4 SANDFORD AVENUE, BLACKWOOD, SOUTH AUSTRALIA, 5051",Reviewed street-only,100,-35.02462704397987,138.6194316385285,No,Lowest valid numbered address returned by the official SAGAF_PLUS street-only search; exact street and locality were already validated by the collector.,,
520,CORO STREETS-86,CORO STREETS,SANDOW CRESCENT,COROMANDEL VALLEY,SANDOW CRESCENT,COROMANDEL VALLEY,SANDOW CRESCENT|COROMANDEL VALLEY,No,Accepted,Accepted,Accepted,Accepted,Active,No,,No,,"1 SANDOW CRESCENT, COROMANDEL VALLEY SA","1 SANDOW CRESCENT, COROMANDEL VALLEY, SOUTH AUSTRALIA, 5051",No. 1,100,-35.04591653403442,138.6214613267097,No,,,
521,BLACKWOOD MAIN-374,BLACKWOOD MAIN,SARGENT PARADE,BELLEVUE HEIGHTS,SARGENT PARADE,BELLEVUE HEIGHTS,SARGENT PARADE|BELLEVUE HEIGHTS,No,Accepted,Accepted,Accepted,Accepted,Active,No,,No,,"1 SARGENT PARADE, BELLEVUE HEIGHTS SA","1 SARGENT PARADE, BELLEVUE HEIGHTS, SOUTH AUSTRALIA, 5050",No. 1,100,-35.027190214619864,138.58835855335735,No,,,
522,BLACKWOOD MAIN-375,BLACKWOOD MAIN,SCENIC COURT,BELAIR,SCENIC COURT,BELAIR,SCENIC COURT|BELAIR,No,Accepted,Accepted,Accepted,Accepted,Active,No,,No,,"2 SCENIC COURT, BELAIR SA","2 SCENIC COURT, BELAIR, SOUTH AUSTRALIA, 5052",No. 2,100,-35.00281118693774,138.61341497390515,No,,,
523,CORO EAST & CHERRY-22,CORO EAST & CHERRY,SCENIC ROAD,DORSET VALE,SCENIC ROAD,DORSET VALE,SCENIC ROAD|DORSET VALE,No,Ambiguous,Ambiguous,Official candidate salvage,Reviewed resolution,Active,Yes,High,No,,"SCENIC ROAD, DORSET VALE SA","LOT 99 SCENIC ROAD EAST, DORSET VALE, SOUTH AUSTRALIA, 5157",Reviewed street-only,100,-35.10198342360552,138.69826732463306,No,Lowest valid numbered address returned by the official SAGAF_PLUS street-only search; exact street and locality were already validated by the collector.,,
524,CORO STREETS-87,CORO STREETS,SCHERER AVENUE,COROMANDEL VALLEY,SCHERER AVENUE,COROMANDEL VALLEY,SCHERER AVENUE|COROMANDEL VALLEY,No,Accepted,Accepted,Accepted,Accepted,Active,No,,No,,"1 SCHERER AVENUE, COROMANDEL VALLEY SA","1 SCHERER AVENUE, COROMANDEL VALLEY, SOUTH AUSTRALIA, 5051",No. 1,100,-35.05296369678511,138.6131581053921,No,,,
525,CORO EAST & CHERRY-23,CORO EAST & CHERRY,SCOTT CREEK ROAD,CHERRY GARDENS · SCOTT CREEK,,,,No,Ambiguous,Ambiguous authoritative locality fields,Reviewed multi-locality vicinity anchor,Reviewed resolution,Active,Yes,Moderate,Yes,CHERRY GARDENS ROAD|CHERRY GARDENS,"CHERRY GARDENS ROAD, CHERRY GARDENS SA","11 CHERRY GARDENS ROAD, CHERRY GARDENS, SOUTH AUSTRALIA, 5157",Reviewed Directions route vicinity anchor,100,-35.07102578695614,138.62775175909036,No,The Directions entry spans multiple locality fields. A reviewed official approach point (CHERRY GARDENS ROAD|CHERRY GARDENS) was selected without merging it with other same-name street records.,,
526,CORO EAST & CHERRY-24,CORO EAST & CHERRY,SCOTT CREEK ROAD,IRONBANK · LONGWOOD · HEALTHFIELD,,,,No,Ambiguous,Ambiguous authoritative locality fields,Reviewed multi-locality vicinity anchor,Reviewed resolution,Active,Yes,Moderate,Yes,ACKLAND HILL ROAD|COROMANDEL VALLEY,"2 ACKLAND HILL ROAD, COROMANDEL VALLEY SA","2 ACKLAND HILL ROAD, COROMANDEL VALLEY, SOUTH AUSTRALIA, 5051",Reviewed Directions route vicinity anchor,100,-35.0385029245131,138.63010146559213,No,The Directions entry spans multiple locality fields. A reviewed official approach point (ACKLAND HILL ROAD|COROMANDEL VALLEY) was selected without merging it with other same-name street records.,,
527,BLACKWOOD MAIN-376,BLACKWOOD MAIN,SCROOP ROAD,HAWTHORNDENE,SCROOP ROAD,HAWTHORNDENE,SCROOP ROAD|HAWTHORNDENE,No,Accepted,Accepted,Accepted,Accepted,Active,No,,No,,"1 SCROOP ROAD, HAWTHORNDENE SA","1 SCROOP ROAD, HAWTHORNDENE, SOUTH AUSTRALIA, 5051",No. 1,100,-35.02430044384835,138.63465661241563,No,,,
528,CORO STREETS-88,CORO STREETS,SEAN COURT,COROMANDEL VALLEY,SEAN COURT,COROMANDEL VALLEY,SEAN COURT|COROMANDEL VALLEY,No,Accepted,Accepted,Accepted,Accepted,Active,No,,No,,"1 SEAN COURT, COROMANDEL VALLEY SA","1 SEAN COURT, COROMANDEL VALLEY, SOUTH AUSTRALIA, 5051",No. 1,100,-35.04795796274319,138.6218932358161,No,,,
529,BLACKWOOD MAIN-377,BLACKWOOD MAIN,SEAVIEW CRESCENT,PANORAMA,SEAVIEW CRESCENT,PANORAMA,SEAVIEW CRESCENT|PANORAMA,No,Accepted,Accepted,Accepted,Accepted,Active,No,,No,,"1 SEAVIEW CRESCENT, PANORAMA SA","1 SEAVIEW CRESCENT, PANORAMA, SOUTH AUSTRALIA, 5041",No. 1,100,-35.00629349857967,138.5977189558196,No,,,
530,BLACKWOOD MAIN-378,BLACKWOOD MAIN,SEAVIEW ROAD,LYNTON,SEAVIEW ROAD,LYNTON,SEAVIEW ROAD|LYNTON,No,Accepted,Accepted,Accepted,Accepted,Active,No,,No,,"2 SEAVIEW ROAD, LYNTON SA","2 SEAVIEW ROAD, LYNTON, SOUTH AUSTRALIA, 5062",No. 2,100,-34.99433719430967,138.60793090230672,No,,,
531,BLACKWOOD MAIN-379,BLACKWOOD MAIN,SECOND ROAD,BELAIR,SECOND ROAD,BELAIR,SECOND ROAD|BELAIR,No,Accepted,Accepted,Accepted,Accepted,Active,No,,No,,"1 SECOND ROAD, BELAIR SA","1 SECOND ROAD, BELAIR, SOUTH AUSTRALIA, 5052",No. 1,100,-34.99628807864646,138.63916408558154,No,,,
532,BLACKWOOD MAIN-380,BLACKWOOD MAIN,SERPENTINE ROAD,BELAIR,SERPENTINE ROAD,BELAIR,SERPENTINE ROAD|BELAIR,No,Accepted,Accepted,Accepted,Accepted,Active,No,,No,,"1 SERPENTINE ROAD, BELAIR SA","1 SERPENTINE ROAD, BELAIR, SOUTH AUSTRALIA, 5052",No. 1,100,-34.99556141114251,138.6293952550681,No,,,
533,BLACKWOOD MAIN-381,BLACKWOOD MAIN,SEYMOUR STREET,EDEN HILLS,SEYMOUR STREET,EDEN HILLS,SEYMOUR STREET|EDEN HILLS,No,Accepted,Accepted,Accepted,Accepted,Active,No,,No,,"2 SEYMOUR STREET, EDEN HILLS SA","2 SEYMOUR STREET, EDEN HILLS, SOUTH AUSTRALIA, 5050",No. 2,100,-35.025421486347696,138.6053076059344,No,,,
534,BLACKWOOD MAIN-382,BLACKWOOD MAIN,SHAFTSBURY STREET,EDEN HILLS,SHAFTSBURY STREET,EDEN HILLS,SHAFTSBURY STREET|EDEN HILLS,No,Accepted,Accepted,Accepted,Accepted,Active,No,,No,,"1 SHAFTSBURY STREET, EDEN HILLS SA","1 SHAFTSBURY STREET, EDEN HILLS, SOUTH AUSTRALIA, 5050",No. 1,100,-35.02867770388989,138.6042605643363,No,,,
535,CORO STREETS-89,CORO STREETS,SHANNON CRESCENT,COROMANDEL VALLEY,SHANNON CRESCENT,COROMANDEL VALLEY,SHANNON CRESCENT|COROMANDEL VALLEY,No,Ambiguous,Ambiguous,Official candidate salvage,Reviewed resolution,Active,Yes,High,No,,"SHANNON CRESCENT, COROMANDEL VALLEY SA","3 SHANNON CRESCENT, COROMANDEL VALLEY, SOUTH AUSTRALIA, 5051",Reviewed street-only,100,-35.05453959578573,138.61798648631253,No,Lowest valid numbered address returned by the official SAGAF_PLUS street-only search; exact street and locality were already validated by the collector.,,
536,BLACKWOOD PARK-44,BLACKWOOD PARK,SHELTER ROW,CRAIGBURN FARM,SHELTER ROW,CRAIGBURN FARM,SHELTER ROW|CRAIGBURN FARM,No,Accepted,Accepted,Accepted,Accepted,Active,No,,No,,"2 SHELTER ROW, CRAIGBURN FARM SA","2 SHELTER ROW, CRAIGBURN FARM, SOUTH AUSTRALIA, 5051",No. 2,100,-35.03881244751355,138.61194829738858,No,,,
537,BLACKWOOD MAIN-383,BLACKWOOD MAIN,SHEOAK ROAD,BELAIR,SHEOAK ROAD,BELAIR,SHEOAK ROAD|BELAIR,No,Accepted,Accepted,Accepted,Accepted,Active,No,,No,,"1 SHEOAK ROAD, BELAIR SA","1 SHEOAK ROAD, BELAIR, SOUTH AUSTRALIA, 5052",No. 1,100,-34.99760924377543,138.62290665681243,No,,,
538,BLACKWOOD MAIN-384,BLACKWOOD MAIN,SHEPHERD COURT,COROMANDEL VALLEY,SHEPHERD COURT,COROMANDEL VALLEY,SHEPHERD COURT|COROMANDEL VALLEY,No,Accepted,Accepted,Accepted,Accepted,Active,No,,No,,"1 SHEPHERD COURT, COROMANDEL VALLEY SA","1 SHEPHERD COURT, COROMANDEL VALLEY, SOUTH AUSTRALIA, 5051",No. 1,100,-35.044074338521355,138.62231785156442,No,,,
539,CORO STREETS-90,CORO STREETS,SHEPHERDS COURT,COROMANDEL VALLEY,SHEPHERDS COURT,COROMANDEL VALLEY,SHEPHERDS COURT|COROMANDEL VALLEY,No,Failed,Failed,Secondary-assisted official correction,Reviewed resolution,Active,Yes,High,No,,"1 SHEPHERDS COURT, COROMANDEL VALLEY SA","1 SHEPHERD COURT, COROMANDEL VALLEY, SOUTH AUSTRALIA, 5051",Reviewed No. 1,89.24,-35.044074338521355,138.62231785156442,No,"Reviewed spelling, street type or adjoining official locality; selected the lowest numbered matching official SAGAF_PLUS candidate for SHEPHERD COURT, COROMANDEL VALLEY.",,
540,BLACKWOOD MAIN-385,BLACKWOOD MAIN,SHEPHERDS HILL ROAD,BLACKWOOD · EDEN HILLS,,,,No,Ambiguous,Ambiguous authoritative locality fields,Reviewed multi-locality vicinity anchor,Reviewed resolution,Active,Yes,Moderate,Yes,GULFVIEW ROAD|BLACKWOOD,"2 GULFVIEW ROAD, BLACKWOOD SA","2 GULFVIEW ROAD, BLACKWOOD, SOUTH AUSTRALIA, 5051",Reviewed Directions route vicinity anchor,100,-35.014752726604875,138.6171674955688,No,The Directions entry spans multiple locality fields. A reviewed official approach point (GULFVIEW ROAD|BLACKWOOD) was selected without merging it with other same-name street records.,,
541,BLACKWOOD MAIN-386,BLACKWOOD MAIN,SHERBOURNE ROAD,BLACKWOOD,SHERBOURNE ROAD,BLACKWOOD,SHERBOURNE ROAD|BLACKWOOD,No,Accepted,Accepted,Accepted,Accepted,Active,No,,No,,"1 SHERBOURNE ROAD, BLACKWOOD SA","1 SHERBOURNE ROAD, BLACKWOOD, SOUTH AUSTRALIA, 5051",No. 1,100,-35.02169511404102,138.6116172500875,No,,,
542,BLACKWOOD MAIN-387,BLACKWOOD MAIN,SHERWOOD AVENUE,BELLEVUE HEIGHTS,SHERWOOD AVENUE,BELLEVUE HEIGHTS,SHERWOOD AVENUE|BELLEVUE HEIGHTS,No,Ambiguous,Ambiguous,Official candidate salvage,Reviewed resolution,Active,Yes,High,No,,"SHERWOOD AVENUE, BELLEVUE HEIGHTS SA","4 SHERWOOD AVENUE, BELLEVUE HEIGHTS, SOUTH AUSTRALIA, 5050",Reviewed street-only,100,-35.02143041850961,138.57786768039628,No,Lowest valid numbered address returned by the official SAGAF_PLUS street-only search; exact street and locality were already validated by the collector.,,
543,BLACKWOOD MAIN-388,BLACKWOOD MAIN,SHERWOOD DRIVE,GLENALTA,SHERWOOD DRIVE,GLENALTA,SHERWOOD DRIVE|GLENALTA,No,Accepted,Accepted,Accepted,Accepted,Active,No,,No,,"1 SHERWOOD DRIVE, GLENALTA SA","1 SHERWOOD DRIVE, GLENALTA, SOUTH AUSTRALIA, 5052",No. 1,100,-35.01183164775975,138.62617105714662,No,,,
544,BLACKWOOD PARK-45,BLACKWOOD PARK,SHIRAZ COURT,CRAIGBURN FARM,SHIRAZ COURT,CRAIGBURN FARM,SHIRAZ COURT|CRAIGBURN FARM,No,Accepted,Accepted,Accepted,Accepted,Active,No,,No,,"1 SHIRAZ COURT, CRAIGBURN FARM SA","1 SHIRAZ COURT, CRAIGBURN FARM, SOUTH AUSTRALIA, 5051",No. 1,100,-35.03888573686768,138.61332709783488,No,,,
545,BLACKWOOD MAIN-389,BLACKWOOD MAIN,SHORT STREET,BELAIR,SHORT STREET,BELAIR,SHORT STREET|BELAIR,No,Accepted,Accepted,Accepted,Accepted,Active,No,,No,,"1 SHORT STREET, BELAIR SA","1 SHORT STREET, BELAIR, SOUTH AUSTRALIA, 5052",No. 1,100,-35.00762640423625,138.61130114527612,No,,,
546,BLACKWOOD MAIN-390,BLACKWOOD MAIN,SILVERDALE CRESCENT,BELLEVUE HEIGHTS,SILVERDALE CRESCENT,BELLEVUE HEIGHTS,SILVERDALE CRESCENT|BELLEVUE HEIGHTS,No,Accepted,Accepted,Accepted,Accepted,Active,No,,No,,"1 SILVERDALE CRESCENT, BELLEVUE HEIGHTS SA","1 SILVERDALE CRESCENT, BELLEVUE HEIGHTS, SOUTH AUSTRALIA, 5050",No. 1,100,-35.027180252960086,138.58708968694225,No,,,
547,BLACKWOOD MAIN-391,BLACKWOOD MAIN,SIMLA PARADE,BLACKWOOD,SIMLA PARADE,BLACKWOOD,SIMLA PARADE|BLACKWOOD,No,Ambiguous,Ambiguous,Official candidate salvage,Reviewed resolution,Active,Yes,High,No,,"SIMLA PARADE, BLACKWOOD SA","26 SIMLA PARADE, BLACKWOOD, SOUTH AUSTRALIA, 5051",Reviewed street-only,100,-35.02732736532871,138.61647480444017,No,Lowest valid numbered address returned by the official SAGAF_PLUS street-only search; exact street and locality were already validated by the collector.,,
548,BLACKWOOD MAIN-392,BLACKWOOD MAIN,SIR EDWIN AVENUE,BELAIR NATIONAL PARK,SIR EDWIN AVENUE,BELAIR NATIONAL PARK,SIR EDWIN AVENUE|BELAIR NATIONAL PARK,No,Failed,Failed,Secondary-assisted official correction,Reviewed resolution,Active,Yes,High,No,,"SIR EDWIN AVENUE, BELAIR NATIONAL PARK SA","LOT 675 SIR EDWIN AVENUE, BELAIR, SOUTH AUSTRALIA, 5052",Reviewed street-only,55,-34.9980080659404,138.63597244094115,No,"Reviewed spelling, street type or adjoining official locality; selected the lowest numbered matching official SAGAF_PLUS candidate for SIR EDWIN AVENUE, BELAIR.",,
549,CORO STREETS-91,CORO STREETS,SITTELLA CRESCENT,COROMANDEL VALLEY,SITTELLA CRESCENT,COROMANDEL VALLEY,SITTELLA CRESCENT|COROMANDEL VALLEY,No,Accepted,Accepted,Accepted,Accepted,Active,No,,No,,"1 SITTELLA CRESCENT, COROMANDEL VALLEY SA","1 SITTELLA CRESCENT, COROMANDEL VALLEY, SOUTH AUSTRALIA, 5051",No. 1,100,-35.04736559975958,138.62695304743974,No,,,
550,CORO EAST & CHERRY-25,CORO EAST & CHERRY,SLACK ROAD,CHANDLERS HILL,SLACK ROAD,CHANDLERS HILL,SLACK ROAD|CHANDLERS HILL,No,Ambiguous,Ambiguous,Official candidate salvage,Reviewed resolution,Active,Yes,High,No,,"SLACK ROAD, CHANDLERS HILL SA","31 SLACK ROAD, CHANDLERS HILL, SOUTH AUSTRALIA, 5159",Reviewed street-only,100,-35.086883682013,138.62250303170435,No,Lowest valid numbered address returned by the official SAGAF_PLUS street-only search; exact street and locality were already validated by the collector.,,
551,BLACKWOOD MAIN-394,BLACKWOOD MAIN,SLEEPS HILL DRIVE,PANORAMA,SLEEPS HILL DRIVE,PANORAMA,SLEEPS HILL DRIVE|PANORAMA,No,Accepted,Accepted,Accepted,Accepted,Active,No,,No,,"1 SLEEPS HILL DRIVE, PANORAMA SA","1 SLEEPS HILL DRIVE, PANORAMA, SOUTH AUSTRALIA, 5041",No. 1,100,-34.99953949324554,138.60101413056708,No,,,
552,BLACKWOOD MAIN-393,BLACKWOOD MAIN,SLEEPS ROAD,BELAIR,SLEEPS ROAD,BELAIR,SLEEPS ROAD|BELAIR,No,Accepted,Accepted,Accepted,Accepted,Active,No,,No,,"2 SLEEPS ROAD, BELAIR SA","2 SLEEPS ROAD, BELAIR, SOUTH AUSTRALIA, 5052",No. 2,100,-35.001016842968994,138.6314295683056,No,,,
553,BLACKWOOD MAIN-395,BLACKWOOD MAIN,SLOAN ROAD,HAWTHORNDENE,SLOAN ROAD,HAWTHORNDENE,SLOAN ROAD|HAWTHORNDENE,No,Accepted,Accepted,Accepted,Accepted,Active,No,,No,,"1 SLOAN ROAD, HAWTHORNDENE SA","1 SLOAN ROAD, HAWTHORNDENE, SOUTH AUSTRALIA, 5051",No. 1,100,-35.017256660946515,138.6299507954879,No,,,
554,BLACKWOOD MAIN-396,BLACKWOOD MAIN,SOMERSET ROAD,COROMANDEL VALLEY,SOMERSET ROAD,COROMANDEL VALLEY,SOMERSET ROAD|COROMANDEL VALLEY,Yes,Accepted,Accepted,Accepted,Accepted,Active,No,,No,,"1 SOMERSET ROAD, COROMANDEL VALLEY SA","1 SOMERSET ROAD, COROMANDEL VALLEY, SOUTH AUSTRALIA, 5051",No. 1,100,-35.03086215357129,138.62476237172095,No,,,
555,CORO STREETS-92,CORO STREETS,SOMERSET ROAD,COROMANDEL VALLEY,SOMERSET ROAD,COROMANDEL VALLEY,SOMERSET ROAD|COROMANDEL VALLEY,Yes,Accepted,Accepted,Accepted,Accepted,Active,No,,No,,"1 SOMERSET ROAD, COROMANDEL VALLEY SA","1 SOMERSET ROAD, COROMANDEL VALLEY, SOUTH AUSTRALIA, 5051",No. 1,100,-35.03086215357129,138.62476237172095,No,,,
556,BLACKWOOD MAIN-397,BLACKWOOD MAIN,SOUTHERN AVENUE,BLACKWOOD,SOUTHERN AVENUE,BLACKWOOD,SOUTHERN AVENUE|BLACKWOOD,No,Accepted,Accepted,Accepted,Accepted,Active,No,,No,,"1 SOUTHERN AVENUE, BLACKWOOD SA","1 SOUTHERN AVENUE, BLACKWOOD, SOUTH AUSTRALIA, 5051",No. 1,100,-35.011135576782266,138.6202333742544,No,,,
557,CORO STREETS-93,CORO STREETS,SPENCER COURT,COROMANDEL VALLEY,SPENCER COURT,COROMANDEL VALLEY,SPENCER COURT|COROMANDEL VALLEY,No,Accepted,Accepted,Accepted,Accepted,Active,No,,No,,"1 SPENCER COURT, COROMANDEL VALLEY SA","1 SPENCER COURT, COROMANDEL VALLEY, SOUTH AUSTRALIA, 5051",No. 1,100,-35.05779741430895,138.6181967484887,No,,,
558,BLACKWOOD MAIN-398,BLACKWOOD MAIN,SPRINGVALE ROAD,BELLEVUE HEIGHTS,SPRINGVALE ROAD,BELLEVUE HEIGHTS,SPRINGVALE ROAD|BELLEVUE HEIGHTS,No,Accepted,Accepted,Accepted,Accepted,Active,No,,No,,"SPRINGVALE ROAD, BELLEVUE HEIGHTS SA","4 SPRINGVALE ROAD, BELLEVUE HEIGHTS, SOUTH AUSTRALIA, 5050",street-only,100,-35.02156383359602,138.58221185349643,No,,,
559,BLACKWOOD MAIN-399,BLACKWOOD MAIN,SPRINGWOOD COURT,EDEN HILLS,SPRINGWOOD COURT,EDEN HILLS,SPRINGWOOD COURT|EDEN HILLS,No,Failed,Failed,Secondary-assisted official correction,Reviewed resolution,Active,Yes,High,No,,"1 SPRINGWOOD COURT, EDEN HILLS SA","1 SPRINGWOOD CLOSE, EDEN HILLS, SOUTH AUSTRALIA, 5050",Reviewed No. 1,89.24,-35.01550803388072,138.5815712831949,No,"Reviewed spelling, street type or adjoining official locality; selected the lowest numbered matching official SAGAF_PLUS candidate for SPRINGWOOD CLOSE, EDEN HILLS.",,
560,BLACKWOOD MAIN-369,BLACKWOOD MAIN,ST. ALICK STREET,HAWTHORNDENE,ST. ALICK STREET,HAWTHORNDENE,ST ALICK STREET|HAWTHORNDENE,No,Accepted,Accepted,Accepted,Accepted,Active,No,,No,,"1 ST. ALICK STREET, HAWTHORNDENE SA","1 ST ALICK STREET, HAWTHORNDENE, SOUTH AUSTRALIA, 5051",No. 1,100,-35.02655640401607,138.63081621468172,No,,,
561,BLACKWOOD MAIN-370,BLACKWOOD MAIN,ST. GEORGES TERRACE,BELLEVUE HEIGHTS,ST. GEORGES TERRACE,BELLEVUE HEIGHTS,ST GEORGES TERRACE|BELLEVUE HEIGHTS,No,Accepted,Accepted,Accepted,Accepted,Active,No,,No,,"1 ST. GEORGES TERRACE, BELLEVUE HEIGHTS SA","1 ST GEORGES TERRACE, BELLEVUE HEIGHTS, SOUTH AUSTRALIA, 5050",No. 1,100,-35.02939191931912,138.5866670279485,No,,,
562,BLACKWOOD MAIN-371,BLACKWOOD MAIN,ST. JOHNS DRIVE,BELAIR,ST. JOHNS DRIVE,BELAIR,ST JOHNS DRIVE|BELAIR,No,Accepted,Accepted,Accepted,Accepted,Active,No,,No,,"1 ST. JOHNS DRIVE, BELAIR SA","1 ST JOHNS DRIVE, BELAIR, SOUTH AUSTRALIA, 5052",No. 1,100,-34.99672069929996,138.63198937800817,No,,,
563,BLACKWOOD MAIN-372,BLACKWOOD MAIN,ST. THOMAS STREET,HAWTHORNDENE,ST. THOMAS STREET,HAWTHORNDENE,ST THOMAS STREET|HAWTHORNDENE,No,Accepted,Accepted,Accepted,Accepted,Active,No,,No,,"1 ST. THOMAS STREET, HAWTHORNDENE SA","1 ST THOMAS STREET, HAWTHORNDENE, SOUTH AUSTRALIA, 5051",No. 1,100,-35.02615313468154,138.62962846463913,No,,,
564,CORO EAST & CHERRY-26,CORO EAST & CHERRY,STAR & ARROW ROAD,CORO EAST · CHERRY GARDENS,,,,No,Ambiguous,Ambiguous authoritative locality fields,Reviewed multi-locality vicinity anchor,Reviewed resolution,Active,Yes,Moderate,Yes,ACKLAND HILL ROAD|COROMANDEL VALLEY,"2 ACKLAND HILL ROAD, COROMANDEL VALLEY SA","2 ACKLAND HILL ROAD, COROMANDEL VALLEY, SOUTH AUSTRALIA, 5051",Reviewed Directions route vicinity anchor,100,-35.0385029245131,138.63010146559213,No,The Directions entry spans multiple locality fields. A reviewed official approach point (ACKLAND HILL ROAD|COROMANDEL VALLEY) was selected without merging it with other same-name street records.,,
565,BLACKWOOD PARK-46,BLACKWOOD PARK,STAR LILY STREET,CRAIGBURN FARM,STAR LILY STREET,CRAIGBURN FARM,STAR LILY STREET|CRAIGBURN FARM,No,Accepted,Accepted,Accepted,Accepted,Active,No,,No,,"1 STAR LILY STREET, CRAIGBURN FARM SA","1 STAR LILY STREET, CRAIGBURN FARM, SOUTH AUSTRALIA, 5051",No. 1,100,-35.0339443978408,138.61561063045383,No,,,
566,BLACKWOOD MAIN-400,BLACKWOOD MAIN,STATION AVENUE,BLACKWOOD,STATION AVENUE,BLACKWOOD,STATION AVENUE|BLACKWOOD,No,Accepted,Accepted,Accepted,Accepted,Active,No,,No,,"1 STATION AVENUE, BLACKWOOD SA","1 STATION AVENUE, BLACKWOOD, SOUTH AUSTRALIA, 5051",No. 1,100,-35.01664917758642,138.61843280424827,No,,,
567,BLACKWOOD MAIN-401,BLACKWOOD MAIN,STATION ROAD,BLACKWOOD,STATION ROAD,BLACKWOOD,STATION ROAD|BLACKWOOD,No,Ambiguous,Ambiguous,Official candidate salvage,Reviewed resolution,Active,Yes,High,No,,"STATION ROAD, BLACKWOOD SA","4 STATION ROAD, BLACKWOOD, SOUTH AUSTRALIA, 5051",Reviewed street-only,100,-35.02117266056266,138.618233215279,No,Lowest valid numbered address returned by the official SAGAF_PLUS street-only search; exact street and locality were already validated by the collector.,,
568,CORO STREETS-94,CORO STREETS,STIRLING AVENUE,COROMANDEL VALLEY,STIRLING AVENUE,COROMANDEL VALLEY,STIRLING AVENUE|COROMANDEL VALLEY,No,Failed,Failed,Reviewed vicinity anchor,Reviewed resolution,Active,Yes,Moderate,Yes,LOTUS DRIVE|ABERFOYLE PARK,"1 LOTUS DRIVE, ABERFOYLE PARK SA","1 LOTUS DRIVE, ABERFOYLE PARK, SOUTH AUSTRALIA, 5159",Reviewed Directions route vicinity anchor,100,-35.058782373420165,138.61537759876956,No,Directions place Stirling Avenue as the first right from Lotus Drive.,,
569,BLACKWOOD MAIN-402,BLACKWOOD MAIN,STIRLING ROAD,BLACKWOOD,STIRLING ROAD,BLACKWOOD,STIRLING ROAD|BLACKWOOD,No,Ambiguous,Ambiguous,Official candidate salvage,Reviewed resolution,Active,Yes,High,No,,"1 STIRLING ROAD, BLACKWOOD SA","1 STIRLING ROAD, BLACKWOOD, SOUTH AUSTRALIA, 5051",Reviewed No. 1,100,-35.014300894178916,138.62052831053876,No,Lowest valid numbered address returned by the official SAGAF_PLUS street-only search; exact street and locality were already validated by the collector.,,
570,BLACKWOOD MAIN-403,BLACKWOOD MAIN,STURT AVENUE,HAWTHORNDENE,STURT AVENUE,HAWTHORNDENE,STURT AVENUE|HAWTHORNDENE,No,Accepted,Accepted,Accepted,Accepted,Active,No,,No,,"2 STURT AVENUE, HAWTHORNDENE SA","2 STURT AVENUE, HAWTHORNDENE, SOUTH AUSTRALIA, 5051",No. 2,100,-35.02459715900053,138.62410952723147,No,,,
571,CORO EAST & CHERRY-27,CORO EAST & CHERRY,STURT CLOSE,IRON BANK,STURT CLOSE,IRON BANK,STURT CLOSE|IRON BANK,No,Failed,Failed,Reviewed vicinity anchor,Reviewed resolution,Active,Yes,Moderate,Yes,ACKLAND HILL ROAD|COROMANDEL VALLEY,"2 ACKLAND HILL ROAD, COROMANDEL VALLEY SA","2 ACKLAND HILL ROAD, COROMANDEL VALLEY, SOUTH AUSTRALIA, 5051",Reviewed Directions route vicinity anchor,100,-35.0385029245131,138.63010146559213,No,Directions place Sturt Close as the fourth left from Ackland Hill Road before the golf course.,,
572,BLACKWOOD MAIN-404,BLACKWOOD MAIN,STURTBRAE CRESCENT,BELLEVUE HEIGHTS,STURTBRAE CRESCENT,BELLEVUE HEIGHTS,STURTBRAE CRESCENT|BELLEVUE HEIGHTS,No,Ambiguous,Ambiguous,Official candidate salvage,Reviewed resolution,Active,Yes,High,No,,"STURTBRAE CRESCENT, BELLEVUE HEIGHTS SA","3 STURTBRAE CRESCENT, BELLEVUE HEIGHTS, SOUTH AUSTRALIA, 5050",Reviewed street-only,100,-35.019243478413266,138.57868222397047,No,Lowest valid numbered address returned by the official SAGAF_PLUS street-only search; exact street and locality were already validated by the collector.,,
573,BLACKWOOD MAIN-405,BLACKWOOD MAIN,SUFFOLK ROAD,HAWTHORNDENE,SUFFOLK ROAD,HAWTHORNDENE,SUFFOLK ROAD|HAWTHORNDENE,No,Accepted,Accepted,Accepted,Accepted,Active,No,,No,,"1 SUFFOLK ROAD, HAWTHORNDENE SA","1 SUFFOLK ROAD, HAWTHORNDENE, SOUTH AUSTRALIA, 5051",No. 1,100,-35.019915534675185,138.63177876005844,No,,,
574,BLACKWOOD PARK-47,BLACKWOOD PARK,SUN DEW AVENUE,CRAIGBURN FARM,SUN DEW AVENUE,CRAIGBURN FARM,SUN DEW AVENUE|CRAIGBURN FARM,No,Ambiguous,Ambiguous,Official candidate salvage,Reviewed resolution,Active,Yes,High,No,,"SUN DEW AVENUE, CRAIGBURN FARM SA","3 SUN DEW AVENUE, CRAIGBURN FARM, SOUTH AUSTRALIA, 5051",Reviewed street-only,100,-35.03312131570109,138.6165194540224,No,Lowest valid numbered address returned by the official SAGAF_PLUS street-only search; exact street and locality were already validated by the collector.,,
575,BLACKWOOD MAIN-406,BLACKWOOD MAIN,SUNVALLEY DRIVE,GLENALTA,SUNVALLEY DRIVE,GLENALTA,SUNVALLEY DRIVE|GLENALTA,No,Failed,Failed,Secondary-assisted official correction,Reviewed resolution,Active,Yes,High,No,,"2 SUNVALLEY DRIVE, GLENALTA SA","2 SUN VALLEY DRIVE, GLENALTA, SOUTH AUSTRALIA, 5052",Reviewed No. 2,99.02,-35.00638599970626,138.62928549892368,No,"Reviewed spelling, street type or adjoining official locality; selected the lowest numbered matching official SAGAF_PLUS candidate for SUN VALLEY DRIVE, GLENALTA.",,
576,BLACKWOOD MAIN-407,BLACKWOOD MAIN,SURREY STREET,HAWTHORNDENE,SURREY STREET,HAWTHORNDENE,SURREY STREET|HAWTHORNDENE,No,Accepted,Accepted,Accepted,Accepted,Active,No,,No,,"1 SURREY STREET, HAWTHORNDENE SA","1 SURREY STREET, HAWTHORNDENE, SOUTH AUSTRALIA, 5051",No. 1,100,-35.025012880409754,138.6263487660417,No,,,
577,BLACKWOOD MAIN-408,BLACKWOOD MAIN,SYCAMORE CRESCENT,HAWTHORNDENE,SYCAMORE CRESCENT,HAWTHORNDENE,SYCAMORE CRESCENT|HAWTHORNDENE,No,Accepted,Accepted,Accepted,Accepted,Active,No,,No,,"1 SYCAMORE CRESCENT, HAWTHORNDENE SA","1 SYCAMORE CRESCENT, HAWTHORNDENE, SOUTH AUSTRALIA, 5051",No. 1,100,-35.02103782238201,138.6243055584651,No,,,
578,BLACKWOOD MAIN-409,BLACKWOOD MAIN,SYLVAN WAY,GLENALTA,SYLVAN WAY,GLENALTA,SYLVAN WAY|GLENALTA,No,Accepted,Accepted,Accepted,Accepted,Active,No,,No,,"1 SYLVAN WAY, GLENALTA SA","1 SYLVAN WAY, GLENALTA, SOUTH AUSTRALIA, 5052",No. 1,100,-35.00671491236594,138.62821906766635,No,,,
579,CORO STREETS-95,CORO STREETS,SYLVIA COURT,COROMANDEL VALLEY,SYLVIA COURT,COROMANDEL VALLEY,SYLVIA COURT|COROMANDEL VALLEY,No,Accepted,Accepted,Accepted,Accepted,Active,No,,No,,"2 SYLVIA COURT, COROMANDEL VALLEY SA","2 SYLVIA COURT, COROMANDEL VALLEY, SOUTH AUSTRALIA, 5051",No. 2,100,-35.04783166312807,138.6179082161285,No,,,
580,BLACKWOOD PARK-48,BLACKWOOD PARK,SYMON CRESCENT,CRAIGBURN FARM,SYMON CRESCENT,CRAIGBURN FARM,SYMON CRESCENT|CRAIGBURN FARM,No,Accepted,Accepted,Accepted,Accepted,Active,No,,No,,"1 SYMON CRESCENT, CRAIGBURN FARM SA","1 SYMON CRESCENT, CRAIGBURN FARM, SOUTH AUSTRALIA, 5051",No. 1,100,-35.04579503736242,138.609796578875,No,,,
581,BLACKWOOD MAIN-410,BLACKWOOD MAIN,TACOMA BOULEVARD,PASADENA,TACOMA BOULEVARD,PASADENA,TACOMA BOULEVARD|PASADENA,No,Ambiguous,Ambiguous,Official candidate salvage,Reviewed resolution,Active,Yes,High,No,,"TACOMA BOULEVARD, PASADENA SA","3 TACOMA BOULEVARD, PASADENA, SOUTH AUSTRALIA, 5042",Reviewed street-only,100,-35.01111583134947,138.58695538242193,No,Lowest valid numbered address returned by the official SAGAF_PLUS street-only search; exact street and locality were already validated by the collector.,,
582,BLACKWOOD MAIN-411,BLACKWOOD MAIN,TALLAROOK ROAD,HAWTHORNDENE,TALLAROOK ROAD,HAWTHORNDENE,TALLAROOK ROAD|HAWTHORNDENE,No,Accepted,Accepted,Accepted,Accepted,Active,No,,No,,"1 TALLAROOK ROAD, HAWTHORNDENE SA","1 TALLAROOK ROAD, HAWTHORNDENE, SOUTH AUSTRALIA, 5051",No. 1,100,-35.0265944717874,138.63205341724967,No,,,
583,BLACKWOOD MAIN-412,BLACKWOOD MAIN,TAPSON CRESCENT,PASADENA,TAPSON CRESCENT,PASADENA,TAPSON CRESCENT|PASADENA,No,Accepted,Accepted,Accepted,Accepted,Active,No,,No,,"1 TAPSON CRESCENT, PASADENA SA","1 TAPSON CRESCENT, PASADENA, SOUTH AUSTRALIA, 5042",No. 1,100,-35.010672359602275,138.5909313298836,No,,,
584,BLACKWOOD PARK-49,BLACKWOOD PARK,TASSIE PLACE,CRAIGBURN FARM,TASSIE PLACE,CRAIGBURN FARM,TASSIE PLACE|CRAIGBURN FARM,No,Accepted,Accepted,Accepted,Accepted,Active,No,,No,,"1 TASSIE PLACE, CRAIGBURN FARM SA","1 TASSIE PLACE, CRAIGBURN FARM, SOUTH AUSTRALIA, 5051",No. 1,100,-35.037785862895355,138.61422631551727,No,,,
585,BLACKWOOD MAIN-413,BLACKWOOD MAIN,TESTER DRIVE,BLACKWOOD,TESTER DRIVE,BLACKWOOD,TESTER DRIVE|BLACKWOOD,No,Accepted,Accepted,Accepted,Accepted,Active,No,,No,,"2 TESTER DRIVE, BLACKWOOD SA","2 TESTER DRIVE, BLACKWOOD, SOUTH AUSTRALIA, 5051",No. 2,100,-35.01493310380169,138.61297488200677,No,,,
586,BLACKWOOD MAIN-414,BLACKWOOD MAIN,THE BOULEVARD,BELLEVUE HEIGHTS,THE BOULEVARD,BELLEVUE HEIGHTS,THE BOULEVARD|BELLEVUE HEIGHTS,No,Accepted,Accepted,Accepted,Accepted,Active,No,,No,,"1 THE BOULEVARD, BELLEVUE HEIGHTS SA","1 THE BOULEVARD, BELLEVUE HEIGHTS, SOUTH AUSTRALIA, 5050",No. 1,100,-35.03443091818922,138.57803275932986,No,,,
587,BLACKWOOD PARK-50,BLACKWOOD PARK,THE FARM LANE,CRAIGBURN FARM,THE FARM LANE,CRAIGBURN FARM,THE FARM LANE|CRAIGBURN FARM,No,Ambiguous,Ambiguous,Official candidate salvage,Reviewed resolution,Active,Yes,High,No,,"2 THE FARM LANE, CRAIGBURN FARM SA","2 THE FARM LANE, CRAIGBURN FARM, SOUTH AUSTRALIA, 5051",Reviewed No. 2,100,-35.04101646474096,138.61711003813824,No,Lowest valid numbered address returned by the official SAGAF_PLUS street-only search; exact street and locality were already validated by the collector.,,
588,BLACKWOOD MAIN-415,BLACKWOOD MAIN,THE KNOLL CRESCENT,COROMANDEL VALLEY,THE KNOLL CRESCENT,COROMANDEL VALLEY,THE KNOLL CRESCENT|COROMANDEL VALLEY,Yes,Ambiguous,Ambiguous,Official candidate salvage,Reviewed resolution,Active,Yes,High,No,,"THE KNOLL CRESCENT, COROMANDEL VALLEY SA","14 THE KNOLL CRESCENT, COROMANDEL VALLEY, SOUTH AUSTRALIA, 5051",Reviewed street-only,100,-35.030931707303004,138.6270220675111,No,Lowest valid numbered address returned by the official SAGAF_PLUS street-only search; exact street and locality were already validated by the collector.,,
589,CORO STREETS-96,CORO STREETS,THE KNOLL CRESCENT,COROMANDEL VALLEY,THE KNOLL CRESCENT,COROMANDEL VALLEY,THE KNOLL CRESCENT|COROMANDEL VALLEY,Yes,Ambiguous,Ambiguous,Official candidate salvage,Reviewed resolution,Active,Yes,High,No,,"THE KNOLL CRESCENT, COROMANDEL VALLEY SA","14 THE KNOLL CRESCENT, COROMANDEL VALLEY, SOUTH AUSTRALIA, 5051",Reviewed street-only,100,-35.030931707303004,138.6270220675111,No,Lowest valid numbered address returned by the official SAGAF_PLUS street-only search; exact street and locality were already validated by the collector.,,
590,BLACKWOOD MAIN-416,BLACKWOOD MAIN,THE PARKWAY,BLACKWOOD,THE PARKWAY,BLACKWOOD,THE PARKWAY|BLACKWOOD,No,Accepted,Accepted,Accepted,Accepted,Active,No,,No,,"1 THE PARKWAY, BLACKWOOD SA","1 THE PARKWAY, BLACKWOOD, SOUTH AUSTRALIA, 5051",No. 1,100,-35.02853646178509,138.62256849404008,No,,,
591,BLACKWOOD MAIN-417,BLACKWOOD MAIN,THE RIDGEWAY,BELAIR,THE RIDGEWAY,BELAIR,THE RIDGEWAY|BELAIR,No,Accepted,Accepted,Accepted,Accepted,Active,No,,No,,"2 THE RIDGEWAY, BELAIR SA","2 THE RIDGEWAY, BELAIR, SOUTH AUSTRALIA, 5052",No. 2,100,-35.002738964904296,138.62130585366234,No,,,
592,BLACKWOOD MAIN-418,BLACKWOOD MAIN,THE RIVIERA,PASADENA,THE RIVIERA,PASADENA,THE RIVIERA|PASADENA,No,Failed,Failed,Reviewed vicinity anchor,Reviewed resolution,Active,Yes,Moderate,Yes,GULFVIEW ROAD|BLACKWOOD,"2 GULFVIEW ROAD, BLACKWOOD SA","2 GULFVIEW ROAD, BLACKWOOD, SOUTH AUSTRALIA, 5051",Reviewed Directions route vicinity anchor,100,-35.014752726604875,138.6171674955688,No,Directions reach The Riviera from the Gulfview/Grevillea/Gloucester extension; use the official Gulfview Road approach point.,,
593,BLACKWOOD MAIN-419,BLACKWOOD MAIN,THE VALLEY ROAD,BELAIR NATIONAL PARK,THE VALLEY ROAD,BELAIR NATIONAL PARK,THE VALLEY ROAD|BELAIR NATIONAL PARK,No,Failed,Failed,Reviewed vicinity anchor,Reviewed resolution,Active,Yes,Moderate,Yes,QUEENS JUBILEE DRIVE|BELAIR NATIONAL PARK,"QUEENS JUBILEE DRIVE, BELAIR NATIONAL PARK SA","LOT 599 QUEENS JUBILEE DRIVE, BELAIR, SOUTH AUSTRALIA, 5052",Reviewed Directions route vicinity anchor,55,-35.0076162646897,138.6497405220847,No,Internal park road leading toward Long Gully; use the reviewed official park-road starting point.,,
594,CORO STREETS-97,CORO STREETS,THE WALK,COROMANDEL VALLEY,THE WALK,COROMANDEL VALLEY,THE WALK|COROMANDEL VALLEY,No,Accepted,Accepted,Accepted,Accepted,Active,No,,No,,"1 THE WALK, COROMANDEL VALLEY SA","1 THE WALK, COROMANDEL VALLEY, SOUTH AUSTRALIA, 5051",No. 1,100,-35.05322519035447,138.6214220137309,No,,,
595,CORO STREETS-98,CORO STREETS,THOMAS COURT,COROMANDEL VALLEY,THOMAS COURT,COROMANDEL VALLEY,THOMAS COURT|COROMANDEL VALLEY,No,Failed,Failed,Secondary-assisted official correction,Reviewed resolution,Active,Yes,High,No,,"1 THOMAS COURT, COROMANDEL VALLEY SA","1 THOMAS COURT, CHANDLERS HILL, SOUTH AUSTRALIA, 5159",Reviewed No. 1,55,-35.05992422867301,138.61878235177466,No,"Reviewed spelling, street type or adjoining official locality; selected the lowest numbered matching official SAGAF_PLUS candidate for THOMAS COURT, CHANDLERS HILL.",,
596,CORO EAST & CHERRY-28,CORO EAST & CHERRY,THORLEY ROAD,CLARENDON,THORLEY ROAD,CLARENDON,THORLEY ROAD|CLARENDON,No,Ambiguous,Ambiguous,Official candidate salvage,Reviewed resolution,Active,Yes,High,No,,"THORLEY ROAD, CLARENDON SA","228 THORLEY ROAD, CLARENDON, SOUTH AUSTRALIA, 5157",Reviewed street-only,100,-35.08962331634063,138.660969269417,No,Lowest valid numbered address returned by the official SAGAF_PLUS street-only search; exact street and locality were already validated by the collector.,,
597,CORO STREETS-99,CORO STREETS,THORNBILL CRESCENT,COROMANDEL VALLEY,THORNBILL CRESCENT,COROMANDEL VALLEY,THORNBILL CRESCENT|COROMANDEL VALLEY,No,Accepted,Accepted,Accepted,Accepted,Active,No,,No,,"1 THORNBILL CRESCENT, COROMANDEL VALLEY SA","1 THORNBILL CRESCENT, COROMANDEL VALLEY, SOUTH AUSTRALIA, 5051",No. 1,100,-35.04322848687355,138.6285307253082,No,,,
598,BLACKWOOD MAIN-420,BLACKWOOD MAIN,THORNGATE DRIVE,BELAIR,THORNGATE DRIVE,BELAIR,THORNGATE DRIVE|BELAIR,No,Accepted,Accepted,Accepted,Accepted,Active,No,,No,,"1 THORNGATE DRIVE, BELAIR SA","1 THORNGATE DRIVE, BELAIR, SOUTH AUSTRALIA, 5052",No. 1,100,-35.003202715744635,138.6253351671586,No,,,
599,BLACKWOOD MAIN-423,BLACKWOOD MAIN,TI TREE ROAD,HAWTHORNDENE,TI TREE ROAD,HAWTHORNDENE,TI TREE ROAD|HAWTHORNDENE,No,Accepted,Accepted,Accepted,Accepted,Active,No,,No,,"1 TI TREE ROAD, HAWTHORNDENE SA","1 TI TREE ROAD, HAWTHORNDENE, SOUTH AUSTRALIA, 5051",No. 1,100,-35.01932566210649,138.6309193890152,No,,,
600,BLACKWOOD MAIN-421,BLACKWOOD MAIN,TILLEYS HILL ROAD,BROWNHILL CREEK · MITCHAM,,,,No,Ambiguous,Ambiguous authoritative locality fields,Reviewed multi-locality vicinity anchor,Reviewed resolution,Active,Yes,Moderate,Yes,JAMES ROAD|BELAIR,"2 JAMES ROAD, BELAIR SA","2 JAMES ROAD, BELAIR, SOUTH AUSTRALIA, 5052",Reviewed Directions route vicinity anchor,100,-34.99664545319125,138.6307084152919,No,The Directions entry spans multiple locality fields. A reviewed official approach point (JAMES ROAD|BELAIR) was selected without merging it with other same-name street records.,,
601,BLACKWOOD MAIN-422,BLACKWOOD MAIN,TIPARRA STREET,EDEN HILLS,TIPARRA STREET,EDEN HILLS,TIPARRA STREET|EDEN HILLS,No,Ambiguous,Ambiguous,Official candidate salvage,Reviewed resolution,Active,Yes,High,No,,"TIPARRA STREET, EDEN HILLS SA","1A TIPARRA STREET, EDEN HILLS, SOUTH AUSTRALIA, 5050",Reviewed street-only,100,-35.02758298863426,138.59771575385753,No,Lowest valid numbered address returned by the official SAGAF_PLUS street-only search; exact street and locality were already validated by the collector.,,
602,BLACKWOOD PARK-51,BLACKWOOD PARK,TOKAY COURT,CRAIGBURN FARM,TOKAY COURT,CRAIGBURN FARM,TOKAY COURT|CRAIGBURN FARM,No,Accepted,Accepted,Accepted,Accepted,Active,No,,No,,"1 TOKAY COURT, CRAIGBURN FARM SA","1 TOKAY COURT, CRAIGBURN FARM, SOUTH AUSTRALIA, 5051",No. 1,100,-35.03961863040902,138.61486990989408,No,,,
603,BLACKWOOD MAIN-424,BLACKWOOD MAIN,TOOLANGIE PLACE,BELLEVUE HEIGHTS,TOOLANGIE PLACE,BELLEVUE HEIGHTS,TOOLANGIE PLACE|BELLEVUE HEIGHTS,No,Accepted,Accepted,Accepted,Accepted,Active,No,,No,,"1 TOOLANGIE PLACE, BELLEVUE HEIGHTS SA","1 TOOLANGIE PLACE, BELLEVUE HEIGHTS, SOUTH AUSTRALIA, 5050",No. 1,100,-35.023721600260124,138.5851711779997,No,,,
604,BLACKWOOD MAIN-425,BLACKWOOD MAIN,TOORAK AVENUE,BELLEVUE HEIGHTS,TOORAK AVENUE,BELLEVUE HEIGHTS,TOORAK AVENUE|BELLEVUE HEIGHTS,No,Accepted,Accepted,Accepted,Accepted,Active,No,,No,,"1 TOORAK AVENUE, BELLEVUE HEIGHTS SA","1 TOORAK AVENUE, BELLEVUE HEIGHTS, SOUTH AUSTRALIA, 5050",No. 1,100,-35.03245068253342,138.58631499000717,No,,,
605,BLACKWOOD MAIN-426,BLACKWOOD MAIN,TREETOP TERRACE,BELAIR,TREETOP TERRACE,BELAIR,TREETOP TERRACE|BELAIR,No,Accepted,Accepted,Accepted,Accepted,Active,No,,No,,"1 TREETOP TERRACE, BELAIR SA","1 TREETOP TERRACE, BELAIR, SOUTH AUSTRALIA, 5052",No. 1,100,-35.0044121679746,138.6111963699616,No,,,
606,BLACKWOOD MAIN-427,BLACKWOOD MAIN,TREVILYAN COURT,COROMANDEL VALLEY,TREVILYAN COURT,COROMANDEL VALLEY,TREVILYAN COURT|COROMANDEL VALLEY,Yes,Accepted,Accepted,Accepted,Accepted,Active,No,,No,,"1 TREVILYAN COURT, COROMANDEL VALLEY SA","1 TREVILYAN COURT, COROMANDEL VALLEY, SOUTH AUSTRALIA, 5051",No. 1,100,-35.031787164837056,138.62711794848653,No,,,
607,CORO STREETS-100,CORO STREETS,TREVILYAN COURT,COROMANDEL VALLEY,TREVILYAN COURT,COROMANDEL VALLEY,TREVILYAN COURT|COROMANDEL VALLEY,Yes,Accepted,Accepted,Accepted,Accepted,Active,No,,No,,"1 TREVILYAN COURT, COROMANDEL VALLEY SA","1 TREVILYAN COURT, COROMANDEL VALLEY, SOUTH AUSTRALIA, 5051",No. 1,100,-35.031787164837056,138.62711794848653,No,,,
608,BLACKWOOD MAIN-428,BLACKWOOD MAIN,TREVOR TERRACE,BLACKWOOD,TREVOR TERRACE,BLACKWOOD,TREVOR TERRACE|BLACKWOOD,No,Accepted,Accepted,Accepted,Accepted,Active,No,,No,,"1 TREVOR TERRACE, BLACKWOOD SA","1 TREVOR TERRACE, BLACKWOOD, SOUTH AUSTRALIA, 5051",No. 1,100,-35.026233539506954,138.60978857396984,No,,,
609,CORO STREETS-101,CORO STREETS,TURNERS AVENUE,COROMANDEL VALLEY,TURNERS AVENUE,COROMANDEL VALLEY,TURNERS AVENUE|COROMANDEL VALLEY,No,Ambiguous,Ambiguous,Official candidate salvage,Reviewed resolution,Active,Yes,High,No,,"TURNERS AVENUE, COROMANDEL VALLEY SA","14 TURNERS AVENUE, COROMANDEL VALLEY, SOUTH AUSTRALIA, 5051",Reviewed street-only,100,-35.03085628330749,138.62742498107204,No,Lowest valid numbered address returned by the official SAGAF_PLUS street-only search; exact street and locality were already validated by the collector.,,
610,BLACKWOOD MAIN-429,BLACKWOOD MAIN,TURNERS AVENUE,HAWTHORNDENE,TURNERS AVENUE,HAWTHORNDENE,TURNERS AVENUE|HAWTHORNDENE,No,Accepted,Accepted,Accepted,Accepted,Active,No,,No,,"2 TURNERS AVENUE, HAWTHORNDENE SA","2 TURNERS AVENUE, HAWTHORNDENE, SOUTH AUSTRALIA, 5051",No. 2,100,-35.029691658546575,138.62581225950757,No,,,
611,BLACKWOOD MAIN-430,BLACKWOOD MAIN,UNIVERSITY WAY,BELLEVUE HEIGHTS,UNIVERSITY WAY,BELLEVUE HEIGHTS,UNIVERSITY WAY|BELLEVUE HEIGHTS,No,Accepted,Accepted,Accepted,Accepted,Active,No,,No,,"2 UNIVERSITY WAY, BELLEVUE HEIGHTS SA","2 UNIVERSITY WAY, BELLEVUE HEIGHTS, SOUTH AUSTRALIA, 5050",No. 2,100,-35.030199703195606,138.58586244603407,No,,,
612,BLACKWOOD MAIN-431,BLACKWOOD MAIN,UPPER STURT ROAD,BELAIR,UPPER STURT ROAD,BELAIR,UPPER STURT ROAD|BELAIR,No,Accepted,Accepted,Accepted,Accepted,Active,No,,No,,"2 UPPER STURT ROAD, BELAIR SA","2 UPPER STURT ROAD, BELAIR, SOUTH AUSTRALIA, 5052",No. 2,100,-34.998930586791175,138.63197212299033,No,,,
613,BLACKWOOD MAIN-432,BLACKWOOD MAIN,UPPER STURT ROAD,GLENALTA,UPPER STURT ROAD,GLENALTA,UPPER STURT ROAD|GLENALTA,No,Ambiguous,Ambiguous,Official candidate salvage,Reviewed resolution,Active,Yes,High,No,,"UPPER STURT ROAD, GLENALTA SA","70 UPPER STURT ROAD, GLENALTA, SOUTH AUSTRALIA, 5052",Reviewed street-only,100,-35.00628833986301,138.6326722853638,No,Lowest valid numbered address returned by the official SAGAF_PLUS street-only search; exact street and locality were already validated by the collector.,,
614,BLACKWOOD MAIN-433,BLACKWOOD MAIN,UPPER STURT ROAD HAWTHORNDENE,,UPPER STURT ROAD,HAWTHORNDENE,UPPER STURT ROAD|HAWTHORNDENE,No,Failed,Failed,Reviewed vicinity anchor,Reviewed resolution,Active,Yes,Moderate,Yes,RANKEYS HILL ROAD|HAWTHORNDENE,"1 RANKEYS HILL ROAD, HAWTHORNDENE SA","1 RANKEYS HILL ROAD, HAWTHORNDENE, SOUTH AUSTRALIA, 5051",Reviewed Directions route vicinity anchor,100,-35.01678045803144,138.6385845304462,No,The explicit 192 Upper Sturt Road lookup did not return an exact official candidate; Rankeys Hill Road is the final confirmed approach in the Directions entry and is close to the requested section.,,
615,BLACKWOOD MAIN-434,BLACKWOOD MAIN,URALLA COURT,BLACKWOOD,URALLA COURT,BLACKWOOD,URALLA COURT|BLACKWOOD,No,Accepted,Accepted,Accepted,Accepted,Active,No,,No,,"1 URALLA COURT, BLACKWOOD SA","1 URALLA COURT, BLACKWOOD, SOUTH AUSTRALIA, 5051",No. 1,100,-35.01154738468231,138.6128667268434,No,,,
616,BLACKWOOD MAIN-435,BLACKWOOD MAIN,VALE ROAD,HAWTHORNDENE,VALE ROAD,HAWTHORNDENE,VALE ROAD|HAWTHORNDENE,No,Accepted,Accepted,Accepted,Accepted,Active,No,,No,,"1 VALE ROAD, HAWTHORNDENE SA","1 VALE ROAD, HAWTHORNDENE, SOUTH AUSTRALIA, 5051",No. 1,100,-35.01793085184981,138.63866013232848,No,,,
617,BLACKWOOD MAIN-436,BLACKWOOD MAIN,VAUCLUSE CRESCENT,BELLEVUE HEIGHTS,VAUCLUSE CRESCENT,BELLEVUE HEIGHTS,VAUCLUSE CRESCENT|BELLEVUE HEIGHTS,No,Accepted,Accepted,Accepted,Accepted,Active,No,,No,,"1 VAUCLUSE CRESCENT, BELLEVUE HEIGHTS SA","1 VAUCLUSE CRESCENT, BELLEVUE HEIGHTS, SOUTH AUSTRALIA, 5050",No. 1,100,-35.027583522294606,138.58802074635858,No,,,
618,CORO STREETS-102,CORO STREETS,VAWSER COURT,COROMANDEL VALLEY,VAWSER COURT,COROMANDEL VALLEY,VAWSER COURT|COROMANDEL VALLEY,No,Accepted,Accepted,Accepted,Accepted,Active,No,,No,,"2 VAWSER COURT, COROMANDEL VALLEY SA","2 VAWSER COURT, COROMANDEL VALLEY, SOUTH AUSTRALIA, 5051",No. 2,100,-35.04665672093379,138.61838975564706,No,,,
619,BLACKWOOD PARK-52,BLACKWOOD PARK,VERCO PLACE,CRAIGBURN FARM,VERCO PLACE,CRAIGBURN FARM,VERCO PLACE|CRAIGBURN FARM,No,Accepted,Accepted,Accepted,Accepted,Active,No,,No,,"2 VERCO PLACE, CRAIGBURN FARM SA","2 VERCO PLACE, CRAIGBURN FARM, SOUTH AUSTRALIA, 5051",No. 2,100,-35.040860813806816,138.60870951275098,No,,,
620,BLACKWOOD PARK-53,BLACKWOOD PARK,VERDELHO AVENUE,CRAIGBURN FARM,VERDELHO AVENUE,CRAIGBURN FARM,VERDELHO AVENUE|CRAIGBURN FARM,No,Failed,Failed,Secondary-assisted official correction,Reviewed resolution,Active,Yes,High,No,,"1 VERDELHO AVENUE, CRAIGBURN FARM SA","1 VERDELHO STREET, CRAIGBURN FARM, SOUTH AUSTRALIA, 5051",Reviewed No. 1,89.24,-35.03411356817037,138.61519633213882,No,"Reviewed spelling, street type or adjoining official locality; selected the lowest numbered matching official SAGAF_PLUS candidate for VERDELHO STREET, CRAIGBURN FARM.",,
621,BLACKWOOD MAIN-437,BLACKWOOD MAIN,VIADUCT ROAD,EDEN HILLS,VIADUCT ROAD,EDEN HILLS,VIADUCT ROAD|EDEN HILLS,No,Accepted,Accepted,Accepted,Accepted,Active,No,,No,,"1 VIADUCT ROAD, EDEN HILLS SA","1 VIADUCT ROAD, EDEN HILLS, SOUTH AUSTRALIA, 5050",No. 1,100,-35.02094745589683,138.6083452006217,No,,,
622,CORO EAST & CHERRY-29,CORO EAST & CHERRY,VICKS ROAD,CHERRY GARDENS · IRON BANK,,,,No,Ambiguous,Ambiguous authoritative locality fields,Reviewed multi-locality vicinity anchor,Reviewed resolution,Active,Yes,Moderate,Yes,CHERRY GARDENS ROAD|CHERRY GARDENS,"CHERRY GARDENS ROAD, CHERRY GARDENS SA","11 CHERRY GARDENS ROAD, CHERRY GARDENS, SOUTH AUSTRALIA, 5157",Reviewed Directions route vicinity anchor,100,-35.07102578695614,138.62775175909036,No,The Directions entry spans multiple locality fields. A reviewed official approach point (CHERRY GARDENS ROAD|CHERRY GARDENS) was selected without merging it with other same-name street records.,,
623,BLACKWOOD MAIN-438,BLACKWOOD MAIN,VIEW ROAD,BLACKWOOD,VIEW ROAD,BLACKWOOD,VIEW ROAD|BLACKWOOD,No,Accepted,Accepted,Accepted,Accepted,Active,No,,No,,"1 VIEW ROAD, BLACKWOOD SA","1 VIEW ROAD, BLACKWOOD, SOUTH AUSTRALIA, 5051",No. 1,100,-35.014280437199005,138.6174608308721,No,,,
624,BLACKWOOD MAIN-439,BLACKWOOD MAIN,VINE STREET,HAWTHORNDENE,VINE STREET,HAWTHORNDENE,VINE STREET|HAWTHORNDENE,No,Failed,Failed,Reviewed vicinity anchor,Reviewed resolution,Active,Yes,Moderate,Yes,HAWTHORNDENE DRIVE|HAWTHORNDENE,"HAWTHORNDENE DRIVE, HAWTHORNDENE SA","8 HAWTHORNDENE DRIVE, HAWTHORNDENE, SOUTH AUSTRALIA, 5051",Reviewed Directions route vicinity anchor,100,-35.01740448486227,138.6215732174955,No,Directions place Vine Street as the second right from Hawthorndene Drive.,,
625,BLACKWOOD MAIN-440,BLACKWOOD MAIN,WADE STREET,EDEN HILLS,WADE STREET,EDEN HILLS,WADE STREET|EDEN HILLS,No,Accepted,Accepted,Accepted,Accepted,Active,No,,No,,"2 WADE STREET, EDEN HILLS SA","2 WADE STREET, EDEN HILLS, SOUTH AUSTRALIA, 5050",No. 2,100,-35.024496297195185,138.60500715515983,No,,,
626,BLACKWOOD MAIN-441,BLACKWOOD MAIN,WAITE STREET,BLACKWOOD,WAITE STREET,BLACKWOOD,WAITE STREET|BLACKWOOD,No,Ambiguous,Ambiguous,Official candidate salvage,Reviewed resolution,Active,Yes,High,No,,"WAITE STREET, BLACKWOOD SA","17A WAITE STREET, BLACKWOOD, SOUTH AUSTRALIA, 5051",Reviewed street-only,100,-35.019140126192994,138.6139326244404,No,Lowest valid numbered address returned by the official SAGAF_PLUS street-only search; exact street and locality were already validated by the collector.,,
627,CORO STREETS-103,CORO STREETS,WALSH COURT,COROMANDEL VALLEY,WALSH COURT,COROMANDEL VALLEY,WALSH COURT|COROMANDEL VALLEY,No,Accepted,Accepted,Accepted,Accepted,Active,No,,No,,"1 WALSH COURT, COROMANDEL VALLEY SA","1 WALSH COURT, COROMANDEL VALLEY, SOUTH AUSTRALIA, 5051",No. 1,100,-35.047885740709766,138.62278000142373,No,,,
628,BLACKWOOD MAIN-442,BLACKWOOD MAIN,WARATAH CLOSE,BELAIR,WARATAH CLOSE,BELAIR,WARATAH CLOSE|BELAIR,No,Accepted,Accepted,Accepted,Accepted,Active,No,,No,,"1 WARATAH CLOSE, BELAIR SA","1 WARATAH CLOSE, BELAIR, SOUTH AUSTRALIA, 5052",No. 1,100,-35.00747608990558,138.61331197745844,No,,,
629,BLACKWOOD MAIN-443,BLACKWOOD MAIN,WARD AVENUE,EDEN HILLS,WARD AVENUE,EDEN HILLS,WARD AVENUE|EDEN HILLS,No,Accepted,Accepted,Accepted,Accepted,Active,No,,No,,"1 WARD AVENUE, EDEN HILLS SA","1 WARD AVENUE, EDEN HILLS, SOUTH AUSTRALIA, 5050",No. 1,100,-35.022155662919296,138.58473784579908,No,,,
630,BLACKWOOD PARK-54,BLACKWOOD PARK,WARRIPARINGA AVENUE,CRAIGBURN FARM,WARRIPARINGA AVENUE,CRAIGBURN FARM,WARRIPARINGA AVENUE|CRAIGBURN FARM,No,Accepted,Accepted,Accepted,Accepted,Active,No,,No,,"1 WARRIPARINGA AVENUE, CRAIGBURN FARM SA","1 WARRIPARINGA AVENUE, CRAIGBURN FARM, SOUTH AUSTRALIA, 5051",No. 1,100,-35.040588647030546,138.61711448530778,No,,,
631,BLACKWOOD MAIN-444,BLACKWOOD MAIN,WATAHAUNA AVENUE,HAWTHORNDENE,WATAHAUNA AVENUE,HAWTHORNDENE,WATAHAUNA AVENUE|HAWTHORNDENE,No,Failed,Failed,Secondary-assisted official correction,Reviewed resolution,Active,Yes,High,No,,"WATAHAUNA AVENUE, HAWTHORNDENE SA","LOT 2 WATAHUNA AVENUE, HAWTHORNDENE, SOUTH AUSTRALIA, 5051",Reviewed street-only,98.21,-35.02028215933262,138.6232672333193,No,"Reviewed spelling, street type or adjoining official locality; selected the lowest numbered matching official SAGAF_PLUS candidate for WATAHUNA AVENUE, HAWTHORNDENE.",,
632,BLACKWOOD MAIN-445,BLACKWOOD MAIN,WATCHMAN DRIVE,COROMANDEL VALLEY,WATCHMAN DRIVE,COROMANDEL VALLEY,WATCHMAN DRIVE|COROMANDEL VALLEY,Yes,Accepted,Accepted,Accepted,Accepted,Active,No,,No,,"1 WATCHMAN DRIVE, COROMANDEL VALLEY SA","1 WATCHMAN DRIVE, COROMANDEL VALLEY, SOUTH AUSTRALIA, 5051",No. 1,100,-35.038910107356806,138.62406754595094,No,,,
633,CORO STREETS-104,CORO STREETS,WATCHMAN DRIVE,COROMANDEL VALLEY,WATCHMAN DRIVE,COROMANDEL VALLEY,WATCHMAN DRIVE|COROMANDEL VALLEY,Yes,Accepted,Accepted,Accepted,Accepted,Active,No,,No,,"1 WATCHMAN DRIVE, COROMANDEL VALLEY SA","1 WATCHMAN DRIVE, COROMANDEL VALLEY, SOUTH AUSTRALIA, 5051",No. 1,100,-35.038910107356806,138.62406754595094,No,,,
634,BLACKWOOD PARK-55,BLACKWOOD PARK,WATERHOUSE COURT,CRAIGBURN FARM,WATERHOUSE COURT,CRAIGBURN FARM,WATERHOUSE COURT|CRAIGBURN FARM,No,Accepted,Accepted,Accepted,Accepted,Active,No,,No,,"1 WATERHOUSE COURT, CRAIGBURN FARM SA","1 WATERHOUSE COURT, CRAIGBURN FARM, SOUTH AUSTRALIA, 5051",No. 1,100,-35.037345593110224,138.60699201587198,No,,,
635,BLACKWOOD MAIN-446,BLACKWOOD MAIN,WATTLE AVENUE,HAWTHORNDENE,WATTLE AVENUE,HAWTHORNDENE,WATTLE AVENUE|HAWTHORNDENE,No,Accepted,Accepted,Accepted,Accepted,Active,No,,No,,"2 WATTLE AVENUE, HAWTHORNDENE SA","2 WATTLE AVENUE, HAWTHORNDENE, SOUTH AUSTRALIA, 5051",No. 2,100,-35.022103719979015,138.6221011854641,No,,,
636,BLACKWOOD MAIN-447,BLACKWOOD MAIN,WATTLE GROVE,BELAIR,WATTLE GROVE,BELAIR,WATTLE GROVE|BELAIR,No,Accepted,Accepted,Accepted,Accepted,Active,No,,No,,"2 WATTLE GROVE, BELAIR SA","2 WATTLE GROVE, BELAIR, SOUTH AUSTRALIA, 5052",No. 2,100,-34.999413193630396,138.61975023375484,No,,,
637,BLACKWOOD PARK-56,BLACKWOOD PARK,WATTLEWOOD COURT,CRAIGBURN FARM,WATTLEWOOD COURT,CRAIGBURN FARM,WATTLEWOOD COURT|CRAIGBURN FARM,No,Accepted,Accepted,Accepted,Accepted,Active,No,,No,,"1 WATTLEWOOD COURT, CRAIGBURN FARM SA","1 WATTLEWOOD COURT, CRAIGBURN FARM, SOUTH AUSTRALIA, 5051",No. 1,100,-35.042791063276916,138.61257107901193,No,,,
638,BLACKWOOD PARK-57,BLACKWOOD PARK,WATTS TERRACE,CRAIGBURN FARM,WATTS TERRACE,CRAIGBURN FARM,WATTS TERRACE|CRAIGBURN FARM,No,Accepted,Accepted,Accepted,Accepted,Active,No,,No,,"1 WATTS TERRACE, CRAIGBURN FARM SA","1 WATTS TERRACE, CRAIGBURN FARM, SOUTH AUSTRALIA, 5051",No. 1,100,-35.03692951592742,138.6194366193584,No,,,
639,BLACKWOOD MAIN-448,BLACKWOOD MAIN,WEEMALA DRIVE,MITCHAM,WEEMALA DRIVE,MITCHAM,WEEMALA DRIVE|MITCHAM,No,Accepted,Accepted,Accepted,Accepted,Active,No,,No,,"1 WEEMALA DRIVE, MITCHAM SA","1 WEEMALA DRIVE, MITCHAM, SOUTH AUSTRALIA, 5062",No. 1,100,-34.986144974344064,138.61945849943257,No,,,
640,BLACKWOOD MAIN-449,BLACKWOOD MAIN,WENTWORTH CLOSE,BLACKWOOD,WENTWORTH CLOSE,BLACKWOOD,WENTWORTH CLOSE|BLACKWOOD,No,Accepted,Accepted,Accepted,Accepted,Active,No,,No,,"1 WENTWORTH CLOSE, BLACKWOOD SA","1 WENTWORTH CLOSE, BLACKWOOD, SOUTH AUSTRALIA, 5051",No. 1,100,-35.02045969034093,138.61113090762586,No,,,
641,BLACKWOOD MAIN-450,BLACKWOOD MAIN,WESTERN AVENUE,BLACKWOOD,WESTERN AVENUE,BLACKWOOD,WESTERN AVENUE|BLACKWOOD,No,Accepted,Accepted,Accepted,Accepted,Active,No,,No,,"1 WESTERN AVENUE, BLACKWOOD SA","1 WESTERN AVENUE, BLACKWOOD, SOUTH AUSTRALIA, 5051",No. 1,100,-35.00681470685058,138.620645537928,No,,,
642,CORO EAST & CHERRY-31,CORO EAST & CHERRY,WEYMOUTH ROAD,CHERRY GARDENS,WEYMOUTH ROAD,CHERRY GARDENS,WEYMOUTH ROAD|CHERRY GARDENS,No,Ambiguous,Ambiguous,Official candidate salvage,Reviewed resolution,Active,Yes,High,No,,"WEYMOUTH ROAD, CHERRY GARDENS SA","206 WEYMOUTH ROAD, CHERRY GARDENS, SOUTH AUSTRALIA, 5157",Reviewed street-only,100,-35.06110984407421,138.65010341111972,No,Lowest valid numbered address returned by the official SAGAF_PLUS street-only search; exact street and locality were already validated by the collector.,,
643,CORO EAST & CHERRY-30,CORO EAST & CHERRY,WEYMOUTH ROAD,CORO EAST,WEYMOUTH ROAD,CORO EAST,WEYMOUTH ROAD|CORO EAST,No,Failed,Failed,Secondary-assisted official correction,Reviewed resolution,Active,Yes,High,No,,"WEYMOUTH ROAD, CORO EAST SA","LOT 2 WEYMOUTH ROAD, COROMANDEL EAST, SOUTH AUSTRALIA, 5157",Reviewed street-only,100,-35.05836594046381,138.6317664858705,No,"Reviewed spelling, street type or adjoining official locality; selected the lowest numbered matching official SAGAF_PLUS candidate for WEYMOUTH ROAD, COROMANDEL EAST.",,
644,CORO EAST & CHERRY-32,CORO EAST & CHERRY,WILDHEATH ROAD,CORO EAST,WILDHEATH ROAD,CORO EAST,WILDHEATH ROAD|CORO EAST,No,Failed,Failed,Secondary-assisted official correction,Reviewed resolution,Active,Yes,High,No,,"WILDHEATH ROAD, CORO EAST SA","10 WILDHEATH RISE, COROMANDEL EAST, SOUTH AUSTRALIA, 5157",Reviewed street-only,82.07,-35.03857888216895,138.63170636013822,No,"Reviewed spelling, street type or adjoining official locality; selected the lowest numbered matching official SAGAF_PLUS candidate for WILDHEATH RISE, COROMANDEL EAST.",,
645,CORO STREETS-105,CORO STREETS,WILDHEATH ROAD,Formerly PRIVATE ROAD · COROMANDEL VALLEY,,,,No,Ambiguous,Ambiguous authoritative locality fields,Reviewed multi-locality vicinity anchor,Reviewed resolution,Active,Yes,Moderate,Yes,WILDHEATH ROAD|CORO EAST,"WILDHEATH ROAD, CORO EAST SA","10 WILDHEATH RISE, COROMANDEL EAST, SOUTH AUSTRALIA, 5157",Reviewed Directions route vicinity anchor,82.07,-35.03857888216895,138.63170636013822,No,The Directions entry spans multiple locality fields. A reviewed official approach point (WILDHEATH ROAD|CORO EAST) was selected without merging it with other same-name street records.,,
646,BLACKWOOD PARK-58,BLACKWOOD PARK,WILLIAM RUFUS PLACE,CRAIGBURN FARM,WILLIAM RUFUS PLACE,CRAIGBURN FARM,WILLIAM RUFUS PLACE|CRAIGBURN FARM,No,Ambiguous,Ambiguous,Official candidate salvage,Reviewed resolution,Active,Yes,High,No,,"WILLIAM RUFUS PLACE, CRAIGBURN FARM SA","3 WILLIAM RUFUS PLACE, CRAIGBURN FARM, SOUTH AUSTRALIA, 5051",Reviewed street-only,100,-35.04498333997672,138.61178179536074,No,Lowest valid numbered address returned by the official SAGAF_PLUS street-only search; exact street and locality were already validated by the collector.,,
647,BLACKWOOD MAIN-451,BLACKWOOD MAIN,WILLORA ROAD,EDEN HILLS,WILLORA ROAD,EDEN HILLS,WILLORA ROAD|EDEN HILLS,No,Accepted,Accepted,Accepted,Accepted,Active,No,,No,,"1 WILLORA ROAD, EDEN HILLS SA","1 WILLORA ROAD, EDEN HILLS, SOUTH AUSTRALIA, 5050",No. 1,100,-35.0260723740826,138.5909185220353,No,,,
648,BLACKWOOD MAIN-452,BLACKWOOD MAIN,WILLOW AVENUE,HAWTHORNDENE,WILLOW AVENUE,HAWTHORNDENE,WILLOW AVENUE|HAWTHORNDENE,No,Accepted,Accepted,Accepted,Accepted,Active,No,,No,,"1 WILLOW AVENUE, HAWTHORNDENE SA","1 WILLOW AVENUE, HAWTHORNDENE, SOUTH AUSTRALIA, 5051",No. 1,100,-35.01762328560396,138.61931707944098,No,,,
649,BLACKWOOD MAIN-453,BLACKWOOD MAIN,WILLOWIE STREET,EDEN HILLS,WILLOWIE STREET,EDEN HILLS,WILLOWIE STREET|EDEN HILLS,No,Accepted,Accepted,Accepted,Accepted,Active,No,,No,,"1 WILLOWIE STREET, EDEN HILLS SA","1 WILLOWIE STREET, EDEN HILLS, SOUTH AUSTRALIA, 5050",No. 1,100,-35.022815267106495,138.59475571780715,No,,,
650,BLACKWOOD MAIN-454,BLACKWOOD MAIN,WILLUNGA CLOSE,EDEN HILLS,WILLUNGA CLOSE,EDEN HILLS,WILLUNGA CLOSE|EDEN HILLS,No,Accepted,Accepted,Accepted,Accepted,Active,No,,No,,"1 WILLUNGA CLOSE, EDEN HILLS SA","1 WILLUNGA CLOSE, EDEN HILLS, SOUTH AUSTRALIA, 5050",No. 1,100,-35.02563583991988,138.59784312079336,No,,,
651,BLACKWOOD MAIN-455,BLACKWOOD MAIN,WILLUNGA STREET,EDEN HILLS,WILLUNGA STREET,EDEN HILLS,WILLUNGA STREET|EDEN HILLS,No,Accepted,Accepted,Accepted,Accepted,Active,No,,No,,"1 WILLUNGA STREET, EDEN HILLS SA","1 WILLUNGA STREET, EDEN HILLS, SOUTH AUSTRALIA, 5050",No. 1,100,-35.026346497613446,138.60082272438976,No,,,
652,BLACKWOOD MAIN-456,BLACKWOOD MAIN,WILPENA COURT,EDEN HILLS,WILPENA COURT,EDEN HILLS,WILPENA COURT|EDEN HILLS,No,Failed,Failed,Secondary-assisted official correction,Reviewed resolution,Active,Yes,High,No,,"1 WILPENA COURT, EDEN HILLS SA","1 WILPENA CLOSE, EDEN HILLS, SOUTH AUSTRALIA, 5050",Reviewed No. 1,89.24,-35.0218297743349,138.6063274308549,No,"Reviewed spelling, street type or adjoining official locality; selected the lowest numbered matching official SAGAF_PLUS candidate for WILPENA CLOSE, EDEN HILLS.",,
653,BLACKWOOD MAIN-457,BLACKWOOD MAIN,WILPENA STREET,EDEN HILLS,WILPENA STREET,EDEN HILLS,WILPENA STREET|EDEN HILLS,No,Accepted,Accepted,Accepted,Accepted,Active,No,,No,,"1 WILPENA STREET, EDEN HILLS SA","1 WILPENA STREET, EDEN HILLS, SOUTH AUSTRALIA, 5050",No. 1,100,-35.02198578104262,138.60785690140546,No,,,
654,BLACKWOOD PARK-59,BLACKWOOD PARK,WIN GILCHRIST AVENUE,CRAIGBURN FARM,WIN GILCHRIST AVENUE,CRAIGBURN FARM,WIN GILCHRIST AVENUE|CRAIGBURN FARM,No,Accepted,Accepted,Accepted,Accepted,Active,No,,No,,"1 WIN GILCHRIST AVENUE, CRAIGBURN FARM SA","1 WIN GILCHRIST AVENUE, CRAIGBURN FARM, SOUTH AUSTRALIA, 5051",No. 1,100,-35.04040382266417,138.60976082363186,No,,,
655,BLACKWOOD MAIN-458,BLACKWOOD MAIN,WINDARA COURT,BELAIR,WINDARA COURT,BELAIR,WINDARA COURT|BELAIR,No,Failed,Failed,Secondary-assisted official correction,Reviewed resolution,Active,Yes,High,No,,"1 WINDARA COURT, BELAIR SA","1 WINDARRA COURT, BELAIR, SOUTH AUSTRALIA, 5052",Reviewed No. 1,98.8,-35.00849395807144,138.60591170944565,No,"Reviewed spelling, street type or adjoining official locality; selected the lowest numbered matching official SAGAF_PLUS candidate for WINDARRA COURT, BELAIR.",,
656,BLACKWOOD MAIN-459,BLACKWOOD MAIN,WINDING WAY,BELAIR,WINDING WAY,BELAIR,WINDING WAY|BELAIR,No,Accepted,Accepted,Accepted,Accepted,Active,No,,No,,"1 WINDING WAY, BELAIR SA","1 WINDING WAY, BELAIR, SOUTH AUSTRALIA, 5052",No. 1,100,-34.99690143227036,138.62027695651597,No,,,
657,BLACKWOOD MAIN-460,BLACKWOOD MAIN,WINNS ROAD,COROMANDEL VALLEY,WINNS ROAD,COROMANDEL VALLEY,WINNS ROAD|COROMANDEL VALLEY,Yes,Ambiguous,Ambiguous,Official candidate salvage,Reviewed resolution,Active,Yes,High,No,,"WINNS ROAD, COROMANDEL VALLEY SA","14 WINNS ROAD, COROMANDEL VALLEY, SOUTH AUSTRALIA, 5051",Reviewed street-only,100,-35.03160127314998,138.62152198610232,No,Lowest valid numbered address returned by the official SAGAF_PLUS street-only search; exact street and locality were already validated by the collector.,,
658,CORO STREETS-106,CORO STREETS,WINNS ROAD,COROMANDEL VALLEY,WINNS ROAD,COROMANDEL VALLEY,WINNS ROAD|COROMANDEL VALLEY,Yes,Ambiguous,Ambiguous,Official candidate salvage,Reviewed resolution,Active,Yes,High,No,,"WINNS ROAD, COROMANDEL VALLEY SA","14 WINNS ROAD, COROMANDEL VALLEY, SOUTH AUSTRALIA, 5051",Reviewed street-only,100,-35.03160127314998,138.62152198610232,No,Lowest valid numbered address returned by the official SAGAF_PLUS street-only search; exact street and locality were already validated by the collector.,,
659,BLACKWOOD MAIN-461,BLACKWOOD MAIN,WITTA WIRRA WAY,EDEN HILLS,WITTA WIRRA WAY,EDEN HILLS,WITTA WIRRA WAY|EDEN HILLS,No,Accepted,Accepted,Accepted,Accepted,Active,No,,No,,"1 WITTA WIRRA WAY, EDEN HILLS SA","1 WITTA WIRRA WAY, EDEN HILLS, SOUTH AUSTRALIA, 5050",No. 1,100,-35.01732336848973,138.60743388663815,No,,,
660,BLACKWOOD MAIN-462,BLACKWOOD MAIN,WOLSELEY ROAD,BLACKWOOD,WOLSELEY ROAD,BLACKWOOD,WOLSELEY ROAD|BLACKWOOD,No,Accepted,Accepted,Accepted,Accepted,Active,No,,No,,"1 WOLSELEY ROAD, BLACKWOOD SA","1 WOLSELEY ROAD, BLACKWOOD, SOUTH AUSTRALIA, 5051",No. 1,100,-35.02805883577575,138.61711252855318,No,,,
661,BLACKWOOD MAIN-463,BLACKWOOD MAIN,WONNA STREET,EDEN HILLS,WONNA STREET,EDEN HILLS,WONNA STREET|EDEN HILLS,No,Failed,Failed,Reviewed vicinity anchor,Reviewed resolution,Active,Yes,Moderate,Yes,WILPENA STREET|EDEN HILLS,"1 WILPENA STREET, EDEN HILLS SA","1 WILPENA STREET, EDEN HILLS, SOUTH AUSTRALIA, 5050",Reviewed Directions route vicinity anchor,100,-35.02198578104262,138.60785690140546,No,Directions place Wonna Street directly from Wilpena Street after Kooringa Street.,,
662,BLACKWOOD MAIN-464,BLACKWOOD MAIN,WONOKA STREET,EDEN HILLS,WONOKA STREET,EDEN HILLS,WONOKA STREET|EDEN HILLS,No,Accepted,Accepted,Accepted,Accepted,Active,No,,No,,"2 WONOKA STREET, EDEN HILLS SA","2 WONOKA STREET, EDEN HILLS, SOUTH AUSTRALIA, 5050",No. 2,100,-35.02062174519921,138.60307423738797,No,,,
663,BLACKWOOD MAIN-465,BLACKWOOD MAIN,WOODBURN AVENUE,HAWTHORNDENE,WOODBURN AVENUE,HAWTHORNDENE,WOODBURN AVENUE|HAWTHORNDENE,No,Accepted,Accepted,Accepted,Accepted,Active,No,,No,,"1 WOODBURN AVENUE, HAWTHORNDENE SA","1 WOODBURN AVENUE, HAWTHORNDENE, SOUTH AUSTRALIA, 5051",No. 1,100,-35.02165170966625,138.63415568323785,No,,,
664,CORO EAST & CHERRY-33,CORO EAST & CHERRY,WOODCUTTERS ROAD,CORO EAST,WOODCUTTERS ROAD,CORO EAST,WOODCUTTERS ROAD|CORO EAST,No,Failed,Failed,Secondary-assisted official correction,Reviewed resolution,Active,Yes,High,No,,"WOODCUTTERS ROAD, CORO EAST SA","3 WOODCUTTERS ROAD, COROMANDEL EAST, SOUTH AUSTRALIA, 5157",Reviewed street-only,100,-35.04582172037968,138.66590527184047,No,"Reviewed spelling, street type or adjoining official locality; selected the lowest numbered matching official SAGAF_PLUS candidate for WOODCUTTERS ROAD, COROMANDEL EAST.",,
665,BLACKWOOD PARK-60,BLACKWOOD PARK,WOODLAKE DRIVE,CRAIGBURN FARM,WOODLAKE DRIVE,CRAIGBURN FARM,WOODLAKE DRIVE|CRAIGBURN FARM,No,Ambiguous,Ambiguous,Official candidate salvage,Reviewed resolution,Active,Yes,High,No,,"WOODLAKE DRIVE, CRAIGBURN FARM SA","6 WOODLAKE DRIVE, CRAIGBURN FARM, SOUTH AUSTRALIA, 5051",Reviewed street-only,100,-35.03653300629064,138.61459382960862,No,Lowest valid numbered address returned by the official SAGAF_PLUS street-only search; exact street and locality were already validated by the collector.,,
666,BLACKWOOD MAIN-466,BLACKWOOD MAIN,WOODLARK GROVE,GLENALTA,WOODLARK GROVE,GLENALTA,WOODLARK GROVE|GLENALTA,No,Accepted,Accepted,Accepted,Accepted,Active,No,,No,,"1 WOODLARK GROVE, GLENALTA SA","1 WOODLARK GROVE, GLENALTA, SOUTH AUSTRALIA, 5052",No. 1,100,-35.00953210533046,138.6325612840119,No,,,
667,BLACKWOOD MAIN-467,BLACKWOOD MAIN,WOODLEIGH ROAD,BLACKWOOD,WOODLEIGH ROAD,BLACKWOOD,WOODLEIGH ROAD|BLACKWOOD,No,Accepted,Accepted,Accepted,Accepted,Active,No,,No,,"2 WOODLEIGH ROAD, BLACKWOOD SA","2 WOODLEIGH ROAD, BLACKWOOD, SOUTH AUSTRALIA, 5051",No. 2,100,-35.02181340875099,138.61281638488413,No,,,
668,BLACKWOOD PARK-61,BLACKWOOD PARK,WOODS VIEW,CRAIGBURN FARM,WOODS VIEW,CRAIGBURN FARM,WOODS VIEW|CRAIGBURN FARM,No,Accepted,Accepted,Accepted,Accepted,Active,No,,No,,"1 WOODS VIEW, CRAIGBURN FARM SA","1 WOODS VIEW, CRAIGBURN FARM, SOUTH AUSTRALIA, 5051",No. 1,100,-35.03686529879918,138.60456119299766,No,,,
669,BLACKWOOD MAIN-468,BLACKWOOD MAIN,WOODWORTH STREET,BLACKWOOD,WOODWORTH STREET,BLACKWOOD,WOODWORTH STREET|BLACKWOOD,No,Accepted,Accepted,Accepted,Accepted,Active,No,,No,,"2 WOODWORTH STREET, BLACKWOOD SA","2 WOODWORTH STREET, BLACKWOOD, SOUTH AUSTRALIA, 5051",No. 2,100,-35.026041777556095,138.61313675897827,No,,,
670,BLACKWOOD PARK-62,BLACKWOOD PARK,WREN COURT,CRAIGBURN FARM,WREN COURT,CRAIGBURN FARM,WREN COURT|CRAIGBURN FARM,No,Accepted,Accepted,Accepted,Accepted,Active,No,,No,,"1 WREN COURT, CRAIGBURN FARM SA","1 WREN COURT, CRAIGBURN FARM, SOUTH AUSTRALIA, 5051",No. 1,100,-35.034072120550185,138.6144821167096,No,,,
671,BLACKWOOD MAIN-469,BLACKWOOD MAIN,WYLY LANE,CRAFERS WEST,WYLY LANE,CRAFERS WEST,WYLY LANE|CRAFERS WEST,No,Accepted,Accepted,Accepted,Accepted,Active,No,,No,,"2 WYLY LANE, CRAFERS WEST SA","2 WYLY LANE, CRAFERS WEST, SOUTH AUSTRALIA, 5152",No. 2,100,-34.99733351926353,138.68827435677446,No,,,
672,CORO STREETS-107,CORO STREETS,WYNDHAM DRIVE,COROMANDEL VALLEY,WYNDHAM DRIVE,COROMANDEL VALLEY,WYNDHAM DRIVE|COROMANDEL VALLEY,No,Accepted,Accepted,Accepted,Accepted,Active,No,,No,,"1 WYNDHAM DRIVE, COROMANDEL VALLEY SA","1 WYNDHAM DRIVE, COROMANDEL VALLEY, SOUTH AUSTRALIA, 5051",No. 1,100,-35.04836390037944,138.61488431872343,No,,,
673,BLACKWOOD MAIN-470,BLACKWOOD MAIN,WYOMING CRESCENT,GLENALTA,WYOMING CRESCENT,GLENALTA,WYOMING CRESCENT|GLENALTA,No,Accepted,Accepted,Accepted,Accepted,Active,No,,No,,"2 WYOMING CRESCENT, GLENALTA SA","2 WYOMING CRESCENT, GLENALTA, SOUTH AUSTRALIA, 5052",No. 2,100,-35.00766500566793,138.63089910992207,No,,,
674,BLACKWOOD MAIN-471,BLACKWOOD MAIN,YALANDA STREET,EDEN HILLS,YALANDA STREET,EDEN HILLS,YALANDA STREET|EDEN HILLS,No,Accepted,Accepted,Accepted,Accepted,Active,No,,No,,"1 YALANDA STREET, EDEN HILLS SA","1 YALANDA STREET, EDEN HILLS, SOUTH AUSTRALIA, 5050",No. 1,100,-35.023213021950745,138.6029530964895,No,,,
675,BLACKWOOD MAIN-472,BLACKWOOD MAIN,YALPARA STREET,EDEN HILLS,YALPARA STREET,EDEN HILLS,YALPARA STREET|EDEN HILLS,No,Accepted,Accepted,Accepted,Accepted,Active,No,,No,,"1 YALPARA STREET, EDEN HILLS SA","1 YALPARA STREET, EDEN HILLS, SOUTH AUSTRALIA, 5050",No. 1,100,-35.01985736569751,138.59824354393936,No,,,
676,BLACKWOOD MAIN-473,BLACKWOOD MAIN,YORKE AVENUE,BELAIR,YORKE AVENUE,BELAIR,YORKE AVENUE|BELAIR,No,Accepted,Accepted,Accepted,Accepted,Active,No,,No,,"1 YORKE AVENUE, BELAIR SA","1 YORKE AVENUE, BELAIR, SOUTH AUSTRALIA, 5052",No. 1,100,-35.0025053995597,138.61898567636632,No,,,
677,BLACKWOOD MAIN-474,BLACKWOOD MAIN,YOUNG STREET,BLACKWOOD,YOUNG STREET,BLACKWOOD,YOUNG STREET|BLACKWOOD,No,Accepted,Accepted,Accepted,Accepted,Active,No,,No,,"2 YOUNG STREET, BLACKWOOD SA","2 YOUNG STREET, BLACKWOOD, SOUTH AUSTRALIA, 5051",No. 2,100,-35.019266603694895,138.61504299373286,No,,,
678,BLACKWOOD MAIN-475,BLACKWOOD MAIN,YURILLA DRIVE,BELLEVUE HEIGHTS,YURILLA DRIVE,BELLEVUE HEIGHTS,YURILLA DRIVE|BELLEVUE HEIGHTS,No,Accepted,Accepted,Accepted,Accepted,Active,No,,No,,"1 YURILLA DRIVE, BELLEVUE HEIGHTS SA","1 YURILLA DRIVE, BELLEVUE HEIGHTS, SOUTH AUSTRALIA, 5050",No. 1,100,-35.02410121065266,138.58157964387365,No,,,
