Entry number,Entry ID,Source,Street field,Authoritative locality field(s),Lookup street,Lookup locality,Lookup key,Duplicate lookup reused,Original collector category,Original collector status,Review category,Status,Hydrants pill,Reviewed resolution,Resolution confidence,Approximate vicinity anchor,Anchor key,Query attempted,Matched official address,Method used,Score,Latitude,Longitude,Manual override,Notes / unresolved reason,Secondary evidence,Fallback address when grey
1,BLACKWOOD MAIN-1,BLACKWOOD MAIN,ACACIA ROAD,HAWTHORNDENE,ACACIA ROAD,HAWTHORNDENE,ACACIA ROAD|HAWTHORNDENE,No,Ambiguous,Ambiguous,Official candidate salvage,Reviewed resolution,Active,Yes,High,No,,"ACACIA ROAD, HAWTHORNDENE SA","6 ACACIA ROAD, HAWTHORNDENE, SOUTH AUSTRALIA, 5051",Reviewed street-only,100,-35.01778267216052,138.62171926254342,No,Lowest valid numbered address returned by the official SAGAF_PLUS street-only search; exact street and locality were already validated by the collector.,,
4,CORO EAST & CHERRY-1,CORO EAST & CHERRY,ACKLAND HILL ROAD,COROMANDEL VALLEY · CHERRY GARDENS · IRON BANK · CORO EAST,,,,No,Ambiguous,Ambiguous authoritative locality fields,Reviewed multi-locality vicinity anchor,Reviewed resolution,Active,Yes,Moderate,Yes,ACKLAND HILL ROAD|COROMANDEL VALLEY,"2 ACKLAND HILL ROAD, COROMANDEL VALLEY SA","2 ACKLAND HILL ROAD, COROMANDEL VALLEY, SOUTH AUSTRALIA, 5051",Reviewed Directions route vicinity anchor,100,-35.0385029245131,138.63010146559213,No,The Directions entry spans multiple locality fields. A reviewed official approach point (ACKLAND HILL ROAD|COROMANDEL VALLEY) was selected without merging it with other same-name street records.,,
6,BLACKWOOD MAIN-4,BLACKWOOD MAIN,ACORN ROAD,HAWTHORNDENE,ACORN ROAD,HAWTHORNDENE,ACORN ROAD|HAWTHORNDENE,No,Ambiguous,Ambiguous,Official candidate salvage,Reviewed resolution,Active,Yes,High,No,,"ACORN ROAD, HAWTHORNDENE SA","3 ACORN ROAD, HAWTHORNDENE, SOUTH AUSTRALIA, 5051",Reviewed street-only,100,-35.020175427263496,138.62149779349997,No,Lowest valid numbered address returned by the official SAGAF_PLUS street-only search; exact street and locality were already validated by the collector.,,
15,BLACKWOOD MAIN-12,BLACKWOOD MAIN,ALISON AVENUE,BLACKWOOD,ALISON AVENUE,BLACKWOOD,ALISON AVENUE|BLACKWOOD,No,Ambiguous,Ambiguous,Official candidate salvage,Reviewed resolution,Active,Yes,High,No,,"ALISON AVENUE, BLACKWOOD SA","31 ALISON AVENUE, BLACKWOOD, SOUTH AUSTRALIA, 5051",Reviewed street-only,100,-35.03219452556752,138.61113980196495,No,Lowest valid numbered address returned by the official SAGAF_PLUS street-only search; exact street and locality were already validated by the collector.,,
20,BLACKWOOD MAIN-16,BLACKWOOD MAIN,AMBROSE STREET,BELAIR,AMBROSE STREET,BELAIR,AMBROSE STREET|BELAIR,No,Failed,Failed,Reviewed vicinity anchor,Reviewed resolution,Active,Yes,Moderate,Yes,LINDSAY TERRACE|BELAIR,"1 LINDSAY TERRACE, BELAIR SA","1 LINDSAY TERRACE, BELAIR, SOUTH AUSTRALIA, 5052",Reviewed Directions route vicinity anchor,100,-34.99863618416719,138.6313628607624,No,Ambrose Street is a small lane off the Upper Sturt Road/Lindsay Terrace area; use the reviewed official Lindsay Terrace approach point.,https://www.homely.com.au/ambrose-street-belair-mitcham-adelaide-greater-south-australia | https://www.realestate.com.au/sold/property-house-sa-belair-143686908,
24,CORO STREETS-4,CORO STREETS,ANNETTE WAY,COROMANDEL VALLEY,ANNETTE WAY,COROMANDEL VALLEY,ANNETTE WAY|COROMANDEL VALLEY,No,Ambiguous,Ambiguous,Official candidate salvage,Reviewed resolution,Active,Yes,High,No,,"ANNETTE WAY, COROMANDEL VALLEY SA","3 ANNETTE WAY, COROMANDEL VALLEY, SOUTH AUSTRALIA, 5051",Reviewed street-only,100,-35.04923127632786,138.61865089344283,No,Lowest valid numbered address returned by the official SAGAF_PLUS street-only search; exact street and locality were already validated by the collector.,,
35,BLACKWOOD MAIN-24,BLACKWOOD MAIN,ASH AVENUE,BELAIR,ASH AVENUE,BELAIR,ASH AVENUE|BELAIR,No,Ambiguous,Ambiguous,Official candidate salvage,Reviewed resolution,Active,Yes,High,No,,"ASH AVENUE, BELAIR SA","17 ASH AVENUE, BELAIR, SOUTH AUSTRALIA, 5052",Reviewed street-only,100,-35.005827257324405,138.61444404893828,No,Lowest valid numbered address returned by the official SAGAF_PLUS street-only search; exact street and locality were already validated by the collector.,,
43,BLACKWOOD MAIN-30,BLACKWOOD MAIN,AYLIFFES ROAD,PASADENA,AYLIFFES ROAD,PASADENA,AYLIFFES ROAD|PASADENA,No,Failed,Failed,Secondary-assisted official correction,Reviewed resolution,Active,Yes,High,No,,"1 AYLIFFES ROAD, PASADENA SA","1 AYLIFFES ROAD, ST MARYS, SOUTH AUSTRALIA, 5042",Reviewed No. 1,55,-35.010780870539215,138.57759391263897,No,"Reviewed spelling, street type or adjoining official locality; selected the lowest numbered matching official SAGAF_PLUS candidate for AYLIFFES ROAD, ST MARYS.",,
44,BLACKWOOD MAIN-31,BLACKWOOD MAIN,BABBAGE STREET,BELAIR,BABBAGE STREET,BELAIR,BABBAGE STREET|BELAIR,No,Ambiguous,Ambiguous,Official candidate salvage,Reviewed resolution,Active,Yes,High,No,,"BABBAGE STREET, BELAIR SA","3A BABBAGE STREET, BELAIR, SOUTH AUSTRALIA, 5052",Reviewed street-only,100,-35.00655517003581,138.61289856857735,No,Lowest valid numbered address returned by the official SAGAF_PLUS street-only search; exact street and locality were already validated by the collector.,,
45,BLACKWOOD MAIN-32,BLACKWOOD MAIN,BAECKEA PLACE,EDEN HILLS,BAECKEA PLACE,EDEN HILLS,BAECKEA PLACE|EDEN HILLS,No,Ambiguous,Ambiguous,Official candidate salvage,Reviewed resolution,Active,Yes,High,No,,"BAECKEA PLACE, EDEN HILLS SA","4 BAECKEA PLACE, EDEN HILLS, SOUTH AUSTRALIA, 5050",Reviewed street-only,100,-35.01693041658858,138.6044519705136,No,Lowest valid numbered address returned by the official SAGAF_PLUS street-only search; exact street and locality were already validated by the collector.,,
47,BLACKWOOD MAIN-34,BLACKWOOD MAIN,BALY COURT,BELAIR,BALY COURT,BELAIR,BALY COURT|BELAIR,No,Failed,Failed,Reviewed vicinity anchor,Reviewed resolution,Active,Yes,Moderate,Yes,ADAMSON AVENUE|BELAIR,"1 ADAMSON AVENUE, BELAIR SA","1 ADAMSON AVENUE, BELAIR, SOUTH AUSTRALIA, 5052",Reviewed Directions route vicinity anchor,100,-34.997909338776445,138.6141023284303,No,The Directions route places the former/unmatched court as the third right from Adamson Avenue.,,
49,BLACKWOOD MAIN-35,BLACKWOOD MAIN,BANKSIA CRESCENT,BLACKWOOD,BANKSIA CRESCENT,BLACKWOOD,BANKSIA CRESCENT|BLACKWOOD,No,Failed,Failed,Secondary-assisted official correction,Reviewed resolution,Active,Yes,High,No,,"1 BANKSIA CRESCENT, BLACKWOOD SA","1 BANKSIA CRESCENT, BELAIR, SOUTH AUSTRALIA, 5052",Reviewed No. 1,55,-35.01123074621058,138.60507848775936,No,"Reviewed spelling, street type or adjoining official locality; selected the lowest numbered matching official SAGAF_PLUS candidate for BANKSIA CRESCENT, BELAIR.",,
59,BLACKWOOD MAIN-43,BLACKWOOD MAIN,BEALE AVENUE,GLENALTA,BEALE AVENUE,GLENALTA,BEALE AVENUE|GLENALTA,No,Ambiguous,Ambiguous,Official candidate salvage,Reviewed resolution,Active,Yes,High,No,,"BEALE AVENUE, GLENALTA SA","LOT 1 BEALE AVENUE, GLENALTA, SOUTH AUSTRALIA, 5052",Reviewed street-only,100,-35.01579425371274,138.62603319489065,No,Lowest valid numbered address returned by the official SAGAF_PLUS street-only search; exact street and locality were already validated by the collector.,,
60,BLACKWOOD MAIN-44,BLACKWOOD MAIN,BELAIR ROAD,BELAIR · LYNTON,,,,No,Ambiguous,Ambiguous authoritative locality fields,Reviewed multi-locality vicinity anchor,Reviewed resolution,Active,Yes,Moderate,Yes,UPPER STURT ROAD|BELAIR,"2 UPPER STURT ROAD, BELAIR SA","2 UPPER STURT ROAD, BELAIR, SOUTH AUSTRALIA, 5052",Reviewed Directions route vicinity anchor,100,-34.998930586791175,138.63197212299033,No,The Directions entry spans multiple locality fields. A reviewed official approach point (UPPER STURT ROAD|BELAIR) was selected without merging it with other same-name street records.,,
61,BLACKWOOD MAIN-45,BLACKWOOD MAIN,BELLEVUE DRIVE,BELLEVUE HEIGHTS,BELLEVUE DRIVE,BELLEVUE HEIGHTS,BELLEVUE DRIVE|BELLEVUE HEIGHTS,No,Ambiguous,Ambiguous,Official candidate salvage,Reviewed resolution,Active,Yes,High,No,,"BELLEVUE DRIVE, BELLEVUE HEIGHTS SA","LOT 1 BELLEVUE DRIVE, BELLEVUE HEIGHTS, SOUTH AUSTRALIA, 5050",Reviewed street-only,100,-35.01805092542758,138.57675197450035,No,Lowest valid numbered address returned by the official SAGAF_PLUS street-only search; exact street and locality were already validated by the collector.,,
62,CORO EAST & CHERRY-3,CORO EAST & CHERRY,BEN LOMAN ROAD,COROMANDEL EAST,BEN LOMAN ROAD,COROMANDEL EAST,BEN LOMAN ROAD|COROMANDEL EAST,No,Ambiguous,Ambiguous,Official candidate salvage,Reviewed resolution,Active,Yes,High,No,,"BEN LOMAN ROAD, COROMANDEL EAST SA","46 BEN LOMAN ROAD, COROMANDEL EAST, SOUTH AUSTRALIA, 5157",Reviewed street-only,100,-35.052533744433326,138.63371470190557,No,Lowest valid numbered address returned by the official SAGAF_PLUS street-only search; exact street and locality were already validated by the collector.,,
63,CORO STREETS-11,CORO STREETS,BEN LOMMAN ROAD,COROMANDEL VALLEY EAST,BEN LOMMAN ROAD,COROMANDEL VALLEY EAST,BEN LOMMAN ROAD|COROMANDEL VALLEY EAST,No,Failed,Failed,Secondary-assisted official correction,Reviewed resolution,Active,Yes,High,No,,"BEN LOMMAN ROAD, COROMANDEL VALLEY EAST SA","26 BEN LOMAN ROAD, COROMANDEL EAST, SOUTH AUSTRALIA, 5157",Reviewed street-only,98.37,-35.051378369785056,138.63626951186689,No,"Reviewed spelling, street type or adjoining official locality; selected the lowest numbered matching official SAGAF_PLUS candidate for BEN LOMAN ROAD, COROMANDEL EAST.",,
66,BLACKWOOD MAIN-48,BLACKWOOD MAIN,BERMUDA WAY,GLENALTA,BERMUDA WAY,GLENALTA,BERMUDA WAY|GLENALTA,No,Ambiguous,Ambiguous,Official candidate salvage,Reviewed resolution,Active,Yes,High,No,,"BERMUDA WAY, GLENALTA SA","17 BERMUDA WAY, GLENALTA, SOUTH AUSTRALIA, 5052",Reviewed street-only,100,-35.00976851686358,138.63016817313533,No,Lowest valid numbered address returned by the official SAGAF_PLUS street-only search; exact street and locality were already validated by the collector.,,
71,CORO STREETS-12,CORO STREETS,BLACK ROAD,ABERFOYLE PARK · FLAGSTAFF HILL,,,,No,Ambiguous,Ambiguous authoritative locality fields,Reviewed multi-locality vicinity anchor,Reviewed resolution,Active,Yes,Moderate,Yes,GLENDALE AVENUE|FLAGSTAFF HILL,"2 GLENDALE AVENUE, FLAGSTAFF HILL SA","2 GLENDALE AVENUE, FLAGSTAFF HILL, SOUTH AUSTRALIA, 5159",Reviewed Directions route vicinity anchor,100,-35.05750496843955,138.6146694314909,No,The Directions entry spans multiple locality fields. A reviewed official approach point (GLENDALE AVENUE|FLAGSTAFF HILL) was selected without merging it with other same-name street records.,,
72,BLACKWOOD MAIN-53,BLACKWOOD MAIN,BLACKTHORNE AVENUE,HAWTHORNDENE,BLACKTHORNE AVENUE,HAWTHORNDENE,BLACKTHORNE AVENUE|HAWTHORNDENE,No,Failed,Failed,Secondary-assisted official correction,Reviewed resolution,Active,Yes,High,No,,"1 BLACKTHORNE AVENUE, HAWTHORNDENE SA","1 BLACKTHORN AVENUE, HAWTHORNDENE, SOUTH AUSTRALIA, 5051",Reviewed No. 1,99.1,-35.018316154619356,138.62450906094355,No,"Reviewed spelling, street type or adjoining official locality; selected the lowest numbered matching official SAGAF_PLUS candidate for BLACKTHORN AVENUE, HAWTHORNDENE.",,
74,BLACKWOOD PARK-6,BLACKWOOD PARK,BLUE BELL COURT,CRAIGBURN FARM,BLUE BELL COURT,CRAIGBURN FARM,BLUE BELL COURT|CRAIGBURN FARM,No,Failed,Failed,Secondary-assisted official correction,Reviewed resolution,Active,Yes,High,No,,"1 BLUE BELL COURT, CRAIGBURN FARM SA","1 BLUEBELL COURT, CRAIGBURN FARM, SOUTH AUSTRALIA, 5051",Reviewed No. 1,98.92,-35.03414469835719,138.61778031553234,No,"Reviewed spelling, street type or adjoining official locality; selected the lowest numbered matching official SAGAF_PLUS candidate for BLUEBELL COURT, CRAIGBURN FARM.",,
75,BLACKWOOD MAIN-54,BLACKWOOD MAIN,BLYTHEWOOD ROAD,MITCHAM,BLYTHEWOOD ROAD,MITCHAM,BLYTHEWOOD ROAD|MITCHAM,No,Ambiguous,Ambiguous,Official candidate salvage,Reviewed resolution,Active,Yes,High,No,,"BLYTHEWOOD ROAD, MITCHAM SA","LOT 10 BLYTHEWOOD ROAD, MITCHAM, SOUTH AUSTRALIA, 5062",Reviewed street-only,100,-34.98288021823634,138.6225507053619,No,Lowest valid numbered address returned by the official SAGAF_PLUS street-only search; exact street and locality were already validated by the collector.,,
76,CORO EAST & CHERRY-4,CORO EAST & CHERRY,BOKO ROAD,CHERRY GARDENS,BOKO ROAD,CHERRY GARDENS,BOKO ROAD|CHERRY GARDENS,No,Ambiguous,Ambiguous,Official candidate salvage,Reviewed resolution,Active,Yes,High,No,,"BOKO ROAD, CHERRY GARDENS SA","6 BOKO ROAD, CHERRY GARDENS, SOUTH AUSTRALIA, 5157",Reviewed street-only,100,-35.06862057977845,138.62920313734367,No,Lowest valid numbered address returned by the official SAGAF_PLUS street-only search; exact street and locality were already validated by the collector.,,
79,BLACKWOOD PARK-7,BLACKWOOD PARK,BONYTHON WAY,CRAIGBURN FARM,BONYTHON WAY,CRAIGBURN FARM,BONYTHON WAY|CRAIGBURN FARM,No,Ambiguous,Ambiguous,Official candidate salvage,Reviewed resolution,Active,Yes,High,No,,"BONYTHON WAY, CRAIGBURN FARM SA","50 BONYTHON WAY, CRAIGBURN FARM, SOUTH AUSTRALIA, 5051",Reviewed street-only,100,-35.03604488496117,138.60507261749555,No,Lowest valid numbered address returned by the official SAGAF_PLUS street-only search; exact street and locality were already validated by the collector.,,
87,CORO EAST & CHERRY-5,CORO EAST & CHERRY,BRANDWOOD DRIVE,CHERRY GARDENS,BRANDWOOD DRIVE,CHERRY GARDENS,BRANDWOOD DRIVE|CHERRY GARDENS,No,Ambiguous,Ambiguous,Official candidate salvage,Reviewed resolution,Active,Yes,High,No,,"BRANDWOOD DRIVE, CHERRY GARDENS SA","27 BRANDWOOD DRIVE, CHERRY GARDENS, SOUTH AUSTRALIA, 5157",Reviewed street-only,100,-35.052744718156625,138.6713237032164,No,Lowest valid numbered address returned by the official SAGAF_PLUS street-only search; exact street and locality were already validated by the collector.,,
96,BLACKWOOD MAIN-67,BLACKWOOD MAIN,BROWNHILL CREEK ROAD,BROWNHILL CREEK · MITCHAM,,,,No,Ambiguous,Ambiguous authoritative locality fields,Reviewed multi-locality vicinity anchor,Reviewed resolution,Active,Yes,Moderate,Yes,JAMES ROAD|BELAIR,"2 JAMES ROAD, BELAIR SA","2 JAMES ROAD, BELAIR, SOUTH AUSTRALIA, 5052",Reviewed Directions route vicinity anchor,100,-34.99664545319125,138.6307084152919,No,The Directions entry spans multiple locality fields. A reviewed official approach point (JAMES ROAD|BELAIR) was selected without merging it with other same-name street records.,,
97,CORO EAST & CHERRY-6,CORO EAST & CHERRY,BRUMBY STREET,CHERRY GARDENS,BRUMBY STREET,CHERRY GARDENS,BRUMBY STREET|CHERRY GARDENS,No,Ambiguous,Ambiguous,Official candidate salvage,Reviewed resolution,Active,Yes,High,No,,"BRUMBY STREET, CHERRY GARDENS SA","4 BRUMBY STREET, CHERRY GARDENS, SOUTH AUSTRALIA, 5157",Reviewed street-only,100,-35.07143190247916,138.63779240060651,No,Lowest valid numbered address returned by the official SAGAF_PLUS street-only search; exact street and locality were already validated by the collector.,,
112,BLACKWOOD MAIN-79,BLACKWOOD MAIN,CEZANNE COURT,BELAIR · TORRENS PARK,,,,No,Ambiguous,Ambiguous authoritative locality fields,Reviewed multi-locality vicinity anchor,Reviewed resolution,Active,Yes,Moderate,Yes,UPPER STURT ROAD|BELAIR,"2 UPPER STURT ROAD, BELAIR SA","2 UPPER STURT ROAD, BELAIR, SOUTH AUSTRALIA, 5052",Reviewed Directions route vicinity anchor,100,-34.998930586791175,138.63197212299033,No,The Directions entry spans multiple locality fields. A reviewed official approach point (UPPER STURT ROAD|BELAIR) was selected without merging it with other same-name street records.,,
115,BLACKWOOD MAIN-81,BLACKWOOD MAIN,CHAPMAN STREET,BLACKWOOD,CHAPMAN STREET,BLACKWOOD,CHAPMAN STREET|BLACKWOOD,No,Ambiguous,Ambiguous,Official candidate salvage,Reviewed resolution,Active,Yes,High,No,,"1 CHAPMAN STREET, BLACKWOOD SA","1 CHAPMAN STREET, BLACKWOOD, SOUTH AUSTRALIA, 5051",Reviewed No. 1,100,-35.01702451869617,138.615850243949,No,Lowest valid numbered address returned by the official SAGAF_PLUS street-only search; exact street and locality were already validated by the collector.,,
119,CORO EAST & CHERRY-7,CORO EAST & CHERRY,CHERRY GARDENS ROAD,CHERRY GARDENS,CHERRY GARDENS ROAD,CHERRY GARDENS,CHERRY GARDENS ROAD|CHERRY GARDENS,No,Ambiguous,Ambiguous,Official candidate salvage,Reviewed resolution,Active,Yes,High,No,,"CHERRY GARDENS ROAD, CHERRY GARDENS SA","11 CHERRY GARDENS ROAD, CHERRY GARDENS, SOUTH AUSTRALIA, 5157",Reviewed street-only,100,-35.07102578695614,138.62775175909036,No,Lowest valid numbered address returned by the official SAGAF_PLUS street-only search; exact street and locality were already validated by the collector.,,
120,BLACKWOOD MAIN-84,BLACKWOOD MAIN,CHERRY PLANTATION ROAD,BELAIR NATIONAL PARK,CHERRY PLANTATION ROAD,BELAIR NATIONAL PARK,CHERRY PLANTATION ROAD|BELAIR NATIONAL PARK,No,Failed,Failed,Reviewed vicinity anchor,Reviewed resolution,Active,Yes,Moderate,Yes,QUEENS JUBILEE DRIVE|BELAIR NATIONAL PARK,"QUEENS JUBILEE DRIVE, BELAIR NATIONAL PARK SA","LOT 599 QUEENS JUBILEE DRIVE, BELAIR, SOUTH AUSTRALIA, 5052",Reviewed Directions route vicinity anchor,55,-35.0076162646897,138.6497405220847,No,Internal park road; use the nearest reviewed official Belair National Park road candidate as a safe live-map starting point.,https://www.walkingsa.org.au/walk/find-a-place-to-walk/rsl-walk-belair-national-park/,
122,BLACKWOOD MAIN-86,BLACKWOOD MAIN,CHOWILLA STREET,EDEN HILLS,CHOWILLA STREET,EDEN HILLS,CHOWILLA STREET|EDEN HILLS,No,Ambiguous,Ambiguous,Official candidate salvage,Reviewed resolution,Active,Yes,High,No,,"CHOWILLA STREET, EDEN HILLS SA","15 CHOWILLA STREET, EDEN HILLS, SOUTH AUSTRALIA, 5050",Reviewed street-only,100,-35.02628566033404,138.5947530495054,No,Lowest valid numbered address returned by the official SAGAF_PLUS street-only search; exact street and locality were already validated by the collector.,,
123,BLACKWOOD MAIN-87,BLACKWOOD MAIN,CHRISTINE AVENUE,BELAIR,CHRISTINE AVENUE,BELAIR,CHRISTINE AVENUE|BELAIR,No,Ambiguous,Ambiguous,Official candidate salvage,Reviewed resolution,Active,Yes,High,No,,"CHRISTINE AVENUE, BELAIR SA","3 CHRISTINE AVENUE, BELAIR, SOUTH AUSTRALIA, 5052",Reviewed street-only,100,-35.00607487572477,138.61179282434122,No,Lowest valid numbered address returned by the official SAGAF_PLUS street-only search; exact street and locality were already validated by the collector.,,
126,BLACKWOOD MAIN-90,BLACKWOOD MAIN,CLEMATIS DRIVE,BLACKWOOD,CLEMATIS DRIVE,BLACKWOOD,CLEMATIS DRIVE|BLACKWOOD,No,Ambiguous,Ambiguous,Official candidate salvage,Reviewed resolution,Active,Yes,High,No,,"CLEMATIS DRIVE, BLACKWOOD SA","7 CLEMATIS DRIVE, BLACKWOOD, SOUTH AUSTRALIA, 5051",Reviewed street-only,100,-35.030314795943475,138.60875469599358,No,Lowest valid numbered address returned by the official SAGAF_PLUS street-only search; exact street and locality were already validated by the collector.,,
129,BLACKWOOD MAIN-92,BLACKWOOD MAIN,COLEBROOK DRIVE,EDEN HILLS,COLEBROOK DRIVE,EDEN HILLS,COLEBROOK DRIVE|EDEN HILLS,No,Ambiguous,Ambiguous,Official candidate salvage,Reviewed resolution,Active,Yes,High,No,,"COLEBROOK DRIVE, EDEN HILLS SA","LOT 2 COLEBROOK DRIVE, EDEN HILLS, SOUTH AUSTRALIA, 5050",Reviewed street-only,100,-35.02995475309696,138.5974090770456,No,Lowest valid numbered address returned by the official SAGAF_PLUS street-only search; exact street and locality were already validated by the collector.,,
132,BLACKWOOD MAIN-95,BLACKWOOD MAIN,COLTON ROAD,BLACKWOOD,COLTON ROAD,BLACKWOOD,COLTON ROAD|BLACKWOOD,No,Ambiguous,Ambiguous,Official candidate salvage,Reviewed resolution,Active,Yes,High,No,,"1 COLTON ROAD, BLACKWOOD SA","1 COLTON ROAD, BLACKWOOD, SOUTH AUSTRALIA, 5051",Reviewed No. 1,100,-35.01519744355956,138.6185893446163,No,Lowest valid numbered address returned by the official SAGAF_PLUS street-only search; exact street and locality were already validated by the collector.,,
133,BLACKWOOD MAIN-96,BLACKWOOD MAIN,COOPER STREET,EDEN HILLS,COOPER STREET,EDEN HILLS,COOPER STREET|EDEN HILLS,No,Ambiguous,Ambiguous,Official candidate salvage,Reviewed resolution,Active,Yes,High,No,,"COOPER STREET, EDEN HILLS SA","4 COOPER STREET, EDEN HILLS, SOUTH AUSTRALIA, 5050",Reviewed street-only,100,-35.018147340063365,138.57949320980904,No,Lowest valid numbered address returned by the official SAGAF_PLUS street-only search; exact street and locality were already validated by the collector.,,
137,BLACKWOOD MAIN-99,BLACKWOOD MAIN,COROMANDEL PARADE,BLACKWOOD · COROMANDEL VALLEY,,,,No,Ambiguous,Ambiguous authoritative locality fields,Reviewed multi-locality vicinity anchor,Reviewed resolution,Active,Yes,Moderate,Yes,BORONIA AVENUE|COROMANDEL VALLEY,"1 BORONIA AVENUE, COROMANDEL VALLEY SA","1 BORONIA AVENUE, COROMANDEL VALLEY, SOUTH AUSTRALIA, 5051",Reviewed Directions route vicinity anchor,100,-35.0384349717624,138.62090952191232,No,The Directions entry spans multiple locality fields. A reviewed official approach point (BORONIA AVENUE|COROMANDEL VALLEY) was selected without merging it with other same-name street records.,,
138,CORO STREETS-20,CORO STREETS,COROMANDEL PARADE,BLACKWOOD · COROMANDEL VALLEY,,,,No,Ambiguous,Ambiguous authoritative locality fields,Reviewed multi-locality vicinity anchor,Reviewed resolution,Active,Yes,Moderate,Yes,BORONIA AVENUE|COROMANDEL VALLEY,"1 BORONIA AVENUE, COROMANDEL VALLEY SA","1 BORONIA AVENUE, COROMANDEL VALLEY, SOUTH AUSTRALIA, 5051",Reviewed Directions route vicinity anchor,100,-35.0384349717624,138.62090952191232,No,The Directions entry spans multiple locality fields. A reviewed official approach point (BORONIA AVENUE|COROMANDEL VALLEY) was selected without merging it with other same-name street records.,,
139,BLACKWOOD PARK-13,BLACKWOOD PARK,COROMANDEL PARADE,CRAIGBURN FARM,COROMANDEL PARADE,CRAIGBURN FARM,COROMANDEL PARADE|CRAIGBURN FARM,No,Ambiguous,Ambiguous,Official candidate salvage,Reviewed resolution,Active,Yes,High,No,,"COROMANDEL PARADE, CRAIGBURN FARM SA","LOT 4 COROMANDEL PARADE, CRAIGBURN FARM, SOUTH AUSTRALIA, 5051",Reviewed street-only,100,-35.04336172407317,138.59457035978042,No,Lowest valid numbered address returned by the official SAGAF_PLUS street-only search; exact street and locality were already validated by the collector.,,
144,BLACKWOOD PARK-15,BLACKWOOD PARK,CRAIGBURN ROAD,CRAIGBURN FARM,CRAIGBURN ROAD,CRAIGBURN FARM,CRAIGBURN ROAD|CRAIGBURN FARM,No,Ambiguous,Ambiguous,Official candidate salvage,Reviewed resolution,Active,Yes,High,No,,"CRAIGBURN ROAD, CRAIGBURN FARM SA","41 CRAIGBURN ROAD, CRAIGBURN FARM, SOUTH AUSTRALIA, 5051",Reviewed street-only,100,-35.03420162212739,138.60606006702173,No,Lowest valid numbered address returned by the official SAGAF_PLUS street-only search; exact street and locality were already validated by the collector.,,
150,CORO STREETS-24,CORO STREETS,CRANE AVENUE,CORMANDEL VALLEY,CRANE AVENUE,CORMANDEL VALLEY,CRANE AVENUE|CORMANDEL VALLEY,No,Failed,Failed,Secondary-assisted official correction,Reviewed resolution,Active,Yes,High,No,,"2 CRANE AVENUE, CORMANDEL VALLEY SA","2 CRANE AVENUE, COROMANDEL VALLEY, SOUTH AUSTRALIA, 5051",Reviewed No. 2,55,-35.043344291168545,138.62598854530842,No,"Reviewed spelling, street type or adjoining official locality; selected the lowest numbered matching official SAGAF_PLUS candidate for CRANE AVENUE, COROMANDEL VALLEY.",,
151,BLACKWOOD MAIN-105,BLACKWOOD MAIN,CREEK ROAD,BELAIR NATIONAL PARK,CREEK ROAD,BELAIR NATIONAL PARK,CREEK ROAD|BELAIR NATIONAL PARK,No,Failed,Failed,Reviewed vicinity anchor,Reviewed resolution,Active,Yes,Moderate,Yes,QUEENS JUBILEE DRIVE|BELAIR NATIONAL PARK,"QUEENS JUBILEE DRIVE, BELAIR NATIONAL PARK SA","LOT 599 QUEENS JUBILEE DRIVE, BELAIR, SOUTH AUSTRALIA, 5052",Reviewed Directions route vicinity anchor,55,-35.0076162646897,138.6497405220847,No,Internal park road reached from The Valley Road; use the reviewed official park-road starting point.,https://friendsofbelairnationalpark.com/wp-content/uploads/2023/06/2020novwalkbrochure.pdf,
153,CORO STREETS-25,CORO STREETS,CROWS NEST COURT,CORMANDEL VALLEY,CROWS NEST COURT,CORMANDEL VALLEY,CROWS NEST COURT|CORMANDEL VALLEY,No,Failed,Failed,Secondary-assisted official correction,Reviewed resolution,Active,Yes,High,No,,"2 CROWS NEST COURT, CORMANDEL VALLEY SA","2 CROWSNEST COURT, COROMANDEL VALLEY, SOUTH AUSTRALIA, 5051",Reviewed No. 2,54.02,-35.04880079031572,138.6259659536871,No,"Reviewed spelling, street type or adjoining official locality; selected the lowest numbered matching official SAGAF_PLUS candidate for CROWSNEST COURT, COROMANDEL VALLEY.",,
154,BLACKWOOD MAIN-106,BLACKWOOD MAIN,CULLEY ROAD,BELAIR,CULLEY ROAD,BELAIR,CULLEY ROAD|BELAIR,No,Failed,Failed,Secondary-assisted official correction,Reviewed resolution,Active,Yes,High,No,,"1 CULLEY ROAD, BELAIR SA","1 CULLEY AVENUE, BELAIR, SOUTH AUSTRALIA, 5052",Reviewed No. 1,89.24,-34.997906314701154,138.62101180681188,No,"Reviewed spelling, street type or adjoining official locality; selected the lowest numbered matching official SAGAF_PLUS candidate for CULLEY AVENUE, BELAIR.",,
155,CORO STREETS-26,CORO STREETS,CULLIN GROVE,FLAGSTAFF HILL,CULLIN GROVE,FLAGSTAFF HILL,CULLIN GROVE|FLAGSTAFF HILL,No,Failed,Failed,Secondary-assisted official correction,Reviewed resolution,Active,Yes,High,No,,"CULLIN GROVE, FLAGSTAFF HILL SA","18 CUILLIN GROVE, FLAGSTAFF HILL, SOUTH AUSTRALIA, 5159",Reviewed street-only,97.76,-35.05511666050613,138.61321929844507,No,"Reviewed spelling, street type or adjoining official locality; selected the lowest numbered matching official SAGAF_PLUS candidate for CUILLIN GROVE, FLAGSTAFF HILL.",,
156,BLACKWOOD MAIN-107,BLACKWOOD MAIN,CUMMING STREET,BLACKWOOD,CUMMING STREET,BLACKWOOD,CUMMING STREET|BLACKWOOD,No,Ambiguous,Ambiguous,Official candidate salvage,Reviewed resolution,Active,Yes,High,No,,"CUMMING STREET, BLACKWOOD SA","64 CUMMING STREET, BLACKWOOD, SOUTH AUSTRALIA, 5051",Reviewed street-only,100,-35.032470072192645,138.61254884316418,No,Lowest valid numbered address returned by the official SAGAF_PLUS street-only search; exact street and locality were already validated by the collector.,,
158,BLACKWOOD MAIN-108,BLACKWOOD MAIN,CUNARD DRIVE,HAWTHORNDENE,CUNARD DRIVE,HAWTHORNDENE,CUNARD DRIVE|HAWTHORNDENE,No,Ambiguous,Ambiguous,Official candidate salvage,Reviewed resolution,Active,Yes,High,No,,"CUNARD DRIVE, HAWTHORNDENE SA","9 CUNARD DRIVE, HAWTHORNDENE, SOUTH AUSTRALIA, 5051",Reviewed street-only,100,-35.02152612159825,138.6373871745174,No,Lowest valid numbered address returned by the official SAGAF_PLUS street-only search; exact street and locality were already validated by the collector.,,
159,BLACKWOOD MAIN-109,BLACKWOOD MAIN,CURRAWONG AVENUE,GLENALTA,CURRAWONG AVENUE,GLENALTA,CURRAWONG AVENUE|GLENALTA,No,Ambiguous,Ambiguous,Official candidate salvage,Reviewed resolution,Active,Yes,High,No,,"CURRAWONG AVENUE, GLENALTA SA","3 CURRAWONG AVENUE, GLENALTA, SOUTH AUSTRALIA, 5052",Reviewed street-only,100,-35.01181012345913,138.63260717880163,No,Lowest valid numbered address returned by the official SAGAF_PLUS street-only search; exact street and locality were already validated by the collector.,,
160,CORO STREETS-27,CORO STREETS,CURRAWONG CRESCENT,CORMANDEL VALLEY,CURRAWONG CRESCENT,CORMANDEL VALLEY,CURRAWONG CRESCENT|CORMANDEL VALLEY,No,Failed,Failed,Secondary-assisted official correction,Reviewed resolution,Active,Yes,High,No,,"1 CURRAWONG CRESCENT, CORMANDEL VALLEY SA","1 CURRAWONG CRESCENT, COROMANDEL VALLEY, SOUTH AUSTRALIA, 5051",Reviewed No. 1,55,-35.04408910312424,138.6286513325463,No,"Reviewed spelling, street type or adjoining official locality; selected the lowest numbered matching official SAGAF_PLUS candidate for CURRAWONG CRESCENT, COROMANDEL VALLEY.",,
162,CORO STREETS-28,CORO STREETS,DAINA COURT,CORMANDEL VALLEY,DAINA COURT,CORMANDEL VALLEY,DAINA COURT|CORMANDEL VALLEY,No,Failed,Failed,Secondary-assisted official correction,Reviewed resolution,Active,Yes,High,No,,"2 DAINA COURT, CORMANDEL VALLEY SA","2 DAINA COURT, COROMANDEL VALLEY, SOUTH AUSTRALIA, 5051",Reviewed No. 2,55,-35.03657196349585,138.6262112595593,No,"Reviewed spelling, street type or adjoining official locality; selected the lowest numbered matching official SAGAF_PLUS candidate for DAINA COURT, COROMANDEL VALLEY.",,
163,BLACKWOOD PARK-18,BLACKWOOD PARK,DAIRY COURT,CRAIGBURN PARK,DAIRY COURT,CRAIGBURN PARK,DAIRY COURT|CRAIGBURN PARK,No,Failed,Failed,Secondary-assisted official correction,Reviewed resolution,Active,Yes,High,No,,"1 DAIRY COURT, CRAIGBURN PARK SA","1 DAIRY COURT, CRAIGBURN FARM, SOUTH AUSTRALIA, 5051",Reviewed No. 1,55,-35.04219798874614,138.6132159185962,No,"Reviewed spelling, street type or adjoining official locality; selected the lowest numbered matching official SAGAF_PLUS candidate for DAIRY COURT, CRAIGBURN FARM.",,
166,CORO STREETS-29,CORO STREETS,DAVID STREET,CORMANDEL VALLEY,DAVID STREET,CORMANDEL VALLEY,DAVID STREET|CORMANDEL VALLEY,No,Failed,Failed,Secondary-assisted official correction,Reviewed resolution,Active,Yes,High,No,,"1 DAVID STREET, CORMANDEL VALLEY SA","1 DAVID STREET, COROMANDEL VALLEY, SOUTH AUSTRALIA, 5051",Reviewed No. 1,55,-35.051619762148064,138.6132474045566,No,"Reviewed spelling, street type or adjoining official locality; selected the lowest numbered matching official SAGAF_PLUS candidate for DAVID STREET, COROMANDEL VALLEY.",,
167,BLACKWOOD PARK-19,BLACKWOOD PARK,DAWBINEY AVENUE,CRAIGBURN PARK,DAWBINEY AVENUE,CRAIGBURN PARK,DAWBINEY AVENUE|CRAIGBURN PARK,No,Failed,Failed,Secondary-assisted official correction,Reviewed resolution,Active,Yes,High,No,,"1 DAWBINEY AVENUE, CRAIGBURN PARK SA","1 DAWBINEY AVENUE, CRAIGBURN FARM, SOUTH AUSTRALIA, 5051",Reviewed No. 1,55,-35.038810668645745,138.6140089378698,No,"Reviewed spelling, street type or adjoining official locality; selected the lowest numbered matching official SAGAF_PLUS candidate for DAWBINEY AVENUE, CRAIGBURN FARM.",,
171,BLACKWOOD MAIN-116,BLACKWOOD MAIN,DEPINDO ROAD,EDEN HILLS,DEPINDO ROAD,EDEN HILLS,DEPINDO ROAD|EDEN HILLS,No,Failed,Failed,Secondary-assisted official correction,Reviewed resolution,Active,Yes,High,No,,"1 DEPINDO ROAD, EDEN HILLS SA","1 DEPINDO AVENUE, EDEN HILLS, SOUTH AUSTRALIA, 5050",Reviewed No. 1,89.24,-35.0184815893265,138.58204143795942,No,"Reviewed spelling, street type or adjoining official locality; selected the lowest numbered matching official SAGAF_PLUS candidate for DEPINDO AVENUE, EDEN HILLS.",,
172,CORO STREETS-30,CORO STREETS,DEVON DRIVE,CORMANDEL VALLEY,DEVON DRIVE,CORMANDEL VALLEY,DEVON DRIVE|CORMANDEL VALLEY,No,Failed,Failed,Secondary-assisted official correction,Reviewed resolution,Active,Yes,High,No,,"1 DEVON DRIVE, CORMANDEL VALLEY SA","1 DEVON DRIVE, COROMANDEL VALLEY, SOUTH AUSTRALIA, 5051",Reviewed No. 1,55,-35.03101300156232,138.6237222677073,No,"Reviewed spelling, street type or adjoining official locality; selected the lowest numbered matching official SAGAF_PLUS candidate for DEVON DRIVE, COROMANDEL VALLEY.",,
175,BLACKWOOD MAIN-119,BLACKWOOD MAIN,DIANELLA COURT,PASADENA,DIANELLA COURT,PASADENA,DIANELLA COURT|PASADENA,No,Failed,Failed,Secondary-assisted official correction,Reviewed resolution,Active,Yes,High,No,,"2 DIANELLA COURT, PASADENA SA","2 DIANNELLA COURT, PASADENA, SOUTH AUSTRALIA, 5042",Reviewed No. 2,98.92,-35.01149775427016,138.58704432581285,No,"Reviewed spelling, street type or adjoining official locality; selected the lowest numbered matching official SAGAF_PLUS candidate for DIANNELLA COURT, PASADENA.",,
176,CORO STREETS-31,CORO STREETS,DIOSMA DRIVE,CORMANDEL VALLEY,DIOSMA DRIVE,CORMANDEL VALLEY,DIOSMA DRIVE|CORMANDEL VALLEY,No,Failed,Failed,Secondary-assisted official correction,Reviewed resolution,Active,Yes,High,No,,"1 DIOSMA DRIVE, CORMANDEL VALLEY SA","1 DIOSMA DRIVE, COROMANDEL VALLEY, SOUTH AUSTRALIA, 5051",Reviewed No. 1,55,-35.039474008455336,138.61961201572532,No,"Reviewed spelling, street type or adjoining official locality; selected the lowest numbered matching official SAGAF_PLUS candidate for DIOSMA DRIVE, COROMANDEL VALLEY.",,
179,BLACKWOOD MAIN-122,BLACKWOOD MAIN,DORHAM ROAD,BLACKWOOD,DORHAM ROAD,BLACKWOOD,DORHAM ROAD|BLACKWOOD,No,Ambiguous,Ambiguous,Official candidate salvage,Reviewed resolution,Active,Yes,High,No,,"DORHAM ROAD, BLACKWOOD SA","10 DORHAM ROAD, BLACKWOOD, SOUTH AUSTRALIA, 5051",Reviewed street-only,100,-35.02644593632452,138.62287019002213,No,Lowest valid numbered address returned by the official SAGAF_PLUS street-only search; exact street and locality were already validated by the collector.,,
180,BLACKWOOD PARK-20,BLACKWOOD PARK,DOROTHY LANE,CRAIGBURN FARM,DOROTHY LANE,CRAIGBURN FARM,DOROTHY LANE|CRAIGBURN FARM,No,Ambiguous,Ambiguous,Official candidate salvage,Reviewed resolution,Active,Yes,High,No,,"DOROTHY LANE, CRAIGBURN FARM SA","6 DOROTHY LANE, CRAIGBURN FARM, SOUTH AUSTRALIA, 5051",Reviewed street-only,100,-35.04727309863299,138.6089114142484,No,Lowest valid numbered address returned by the official SAGAF_PLUS street-only search; exact street and locality were already validated by the collector.,,
181,CORO EAST & CHERRY-8,CORO EAST & CHERRY,DORSET VALE ROAD,CHERRY GARDENS · DORSET VALE,,,,No,Ambiguous,Ambiguous authoritative locality fields,Reviewed multi-locality vicinity anchor,Reviewed resolution,Active,Yes,Moderate,Yes,CHERRY GARDENS ROAD|CHERRY GARDENS,"CHERRY GARDENS ROAD, CHERRY GARDENS SA","11 CHERRY GARDENS ROAD, CHERRY GARDENS, SOUTH AUSTRALIA, 5157",Reviewed Directions route vicinity anchor,100,-35.07102578695614,138.62775175909036,No,The Directions entry spans multiple locality fields. A reviewed official approach point (CHERRY GARDENS ROAD|CHERRY GARDENS) was selected without merging it with other same-name street records.,,
184,CORO STREETS-32,CORO STREETS,DRISCOLL ROAD,CORMANDEL VALLEY/EAST,DRISCOLL ROAD,CORMANDEL VALLEY/EAST,DRISCOLL ROAD|CORMANDEL VALLEY EAST,No,Failed,Failed,Secondary-assisted official correction,Reviewed resolution,Active,Yes,High,No,,"2 DRISCOLL ROAD, CORMANDEL VALLEY/EAST SA","2 DRISCOLL ROAD, COROMANDEL VALLEY, SOUTH AUSTRALIA, 5051",Reviewed No. 2,55,-35.03853974707693,138.6294384815561,No,"Reviewed spelling, street type or adjoining official locality; selected the lowest numbered matching official SAGAF_PLUS candidate for DRISCOLL ROAD, COROMANDEL VALLEY.",,
185,BLACKWOOD MAIN-125,BLACKWOOD MAIN,DRYANDRA DRIVE,BELAIR,DRYANDRA DRIVE,BELAIR,DRYANDRA DRIVE|BELAIR,No,Ambiguous,Ambiguous,Official candidate salvage,Reviewed resolution,Active,Yes,High,No,,"DRYANDRA DRIVE, BELAIR SA","3 DRYANDRA DRIVE, BELAIR, SOUTH AUSTRALIA, 5052",Reviewed street-only,100,-35.01090129989056,138.60607838936028,No,Lowest valid numbered address returned by the official SAGAF_PLUS street-only search; exact street and locality were already validated by the collector.,,
187,BLACKWOOD MAIN-126,BLACKWOOD MAIN,DUNN AVENUE,GLENALTA,DUNN AVENUE,GLENALTA,DUNN AVENUE|GLENALTA,No,Ambiguous,Ambiguous,Official candidate salvage,Reviewed resolution,Active,Yes,High,No,,"DUNN AVENUE, GLENALTA SA","13 DUNN AVENUE, GLENALTA, SOUTH AUSTRALIA, 5052",Reviewed street-only,100,-35.00837174985231,138.6261838649949,No,Lowest valid numbered address returned by the official SAGAF_PLUS street-only search; exact street and locality were already validated by the collector.,,
189,BLACKWOOD MAIN-127,BLACKWOOD MAIN,EAGLE ROAD,EAGLE ON THE HILL · LEAWOOD GARDENS,,,,No,Ambiguous,Ambiguous authoritative locality fields,Reviewed multi-locality vicinity anchor,Reviewed resolution,Active,Yes,Moderate,Yes,JAMES ROAD|BELAIR,"2 JAMES ROAD, BELAIR SA","2 JAMES ROAD, BELAIR, SOUTH AUSTRALIA, 5052",Reviewed Directions route vicinity anchor,100,-34.99664545319125,138.6307084152919,No,The Directions entry spans multiple locality fields. A reviewed official approach point (JAMES ROAD|BELAIR) was selected without merging it with other same-name street records.,,
193,BLACKWOOD MAIN-130,BLACKWOOD MAIN,EDEN ROAD,EDEN HILLS,EDEN ROAD,EDEN HILLS,EDEN ROAD|EDEN HILLS,No,Failed,Failed,Reviewed vicinity anchor,Reviewed resolution,Active,Yes,Moderate,Yes,MOUNTAIN ROAD|EDEN HILLS,"1 MOUNTAIN ROAD, EDEN HILLS SA","1 MOUNTAIN ROAD, EDEN HILLS, SOUTH AUSTRALIA, 5050",Reviewed Directions route vicinity anchor,100,-35.02084944028001,138.6056550188194,No,Directions place Eden Road as the second right from Mountain Road.,,
195,BLACKWOOD MAIN-132,BLACKWOOD MAIN,EDGECUMBE PARADE,BLACKWOOD · HAWTHORNDENE,,,,No,Ambiguous,Ambiguous authoritative locality fields,Reviewed multi-locality vicinity anchor,Reviewed resolution,Active,Yes,Moderate,Yes,HEWITT AVENUE|HAWTHORNDENE,"1 HEWITT AVENUE, HAWTHORNDENE SA","1 HEWETT AVENUE, HAWTHORNDENE, SOUTH AUSTRALIA, 5051",Reviewed Directions route vicinity anchor,98.46,-35.02237766562309,138.62192596698395,No,The Directions entry spans multiple locality fields. A reviewed official approach point (HEWITT AVENUE|HAWTHORNDENE) was selected without merging it with other same-name street records.,,
196,CORO EAST & CHERRY-9,CORO EAST & CHERRY,EDIALTA ROAD,CHERRY GARDENS,EDIALTA ROAD,CHERRY GARDENS,EDIALTA ROAD|CHERRY GARDENS,No,Ambiguous,Ambiguous,Official candidate salvage,Reviewed resolution,Active,Yes,High,No,,"EDIALTA ROAD, CHERRY GARDENS SA","76 EDIALTA ROAD, CHERRY GARDENS, SOUTH AUSTRALIA, 5157",Reviewed street-only,100,-35.054681905211226,138.6719712111024,No,Lowest valid numbered address returned by the official SAGAF_PLUS street-only search; exact street and locality were already validated by the collector.,,
203,BLACKWOOD MAIN-139,BLACKWOOD MAIN,EMMETT ROAD,BROWNHILL CREEK · CRAFERS WEST,,,,No,Ambiguous,Ambiguous authoritative locality fields,Reviewed multi-locality vicinity anchor,Reviewed resolution,Active,Yes,Moderate,Yes,UPPER STURT ROAD|BELAIR,"2 UPPER STURT ROAD, BELAIR SA","2 UPPER STURT ROAD, BELAIR, SOUTH AUSTRALIA, 5052",Reviewed Directions route vicinity anchor,100,-34.998930586791175,138.63197212299033,No,The Directions entry spans multiple locality fields. A reviewed official approach point (UPPER STURT ROAD|BELAIR) was selected without merging it with other same-name street records.,,
210,CORO STREETS-34,CORO STREETS,EWERS AVENUE,CORMANDEL VALLEY,EWERS AVENUE,CORMANDEL VALLEY,EWERS AVENUE|CORMANDEL VALLEY,No,Failed,Failed,Secondary-assisted official correction,Reviewed resolution,Active,Yes,High,No,,"2 EWERS AVENUE, CORMANDEL VALLEY SA","2 EWERS AVENUE, COROMANDEL VALLEY, SOUTH AUSTRALIA, 5051",Reviewed No. 2,55,-35.036922578342924,138.62063041755155,No,"Reviewed spelling, street type or adjoining official locality; selected the lowest numbered matching official SAGAF_PLUS candidate for EWERS AVENUE, COROMANDEL VALLEY.",,
218,BLACKWOOD MAIN-151,BLACKWOOD MAIN,FIVEASH DRIVE,PASADENA,FIVEASH DRIVE,PASADENA,FIVEASH DRIVE|PASADENA,No,Ambiguous,Ambiguous,Official candidate salvage,Reviewed resolution,Active,Yes,High,No,,"FIVEASH DRIVE, PASADENA SA","65 FIVEASH DRIVE, PASADENA, SOUTH AUSTRALIA, 5042",Reviewed street-only,100,-35.00737736274164,138.58763348683442,No,Lowest valid numbered address returned by the official SAGAF_PLUS street-only search; exact street and locality were already validated by the collector.,,
219,CORO STREETS-35,CORO STREETS,FLAMINGO CRESCENT,CORMANDEL VALLEY,FLAMINGO CRESCENT,CORMANDEL VALLEY,FLAMINGO CRESCENT|CORMANDEL VALLEY,No,Failed,Failed,Reviewed vicinity anchor,Reviewed resolution,Active,Yes,Moderate,Yes,CRANE AVENUE|CORMANDEL VALLEY,"2 CRANE AVENUE, CORMANDEL VALLEY SA","2 CRANE AVENUE, COROMANDEL VALLEY, SOUTH AUSTRALIA, 5051",Reviewed Directions route vicinity anchor,55,-35.043344291168545,138.62598854530842,No,Directions place Flamingo Crescent as the third right from Crane Avenue.,,
221,BLACKWOOD MAIN-153,BLACKWOOD MAIN,FOOTS HILL ROAD,HAWTHORNDENE,FOOTS HILL ROAD,HAWTHORNDENE,FOOTS HILL ROAD|HAWTHORNDENE,No,Failed,Failed,Secondary-assisted official correction,Reviewed resolution,Active,Yes,High,No,,"1 FOOTS HILL ROAD, HAWTHORNDENE SA","1 FOOTTS HILL ROAD, HAWTHORNDENE, SOUTH AUSTRALIA, 5051",Reviewed No. 1,99.1,-35.018514498381144,138.6477864357858,No,"Reviewed spelling, street type or adjoining official locality; selected the lowest numbered matching official SAGAF_PLUS candidate for FOOTTS HILL ROAD, HAWTHORNDENE.",,
222,CORO EAST & CHERRY-10,CORO EAST & CHERRY,FOOTT LANE,COROMANDEL EAST,FOOTT LANE,COROMANDEL EAST,FOOTT LANE|COROMANDEL EAST,No,Ambiguous,Ambiguous,Official candidate salvage,Reviewed resolution,Active,Yes,High,No,,"FOOTT LANE, COROMANDEL EAST SA","6 FOOTT LANE, COROMANDEL EAST, SOUTH AUSTRALIA, 5157",Reviewed street-only,100,-35.049297272323926,138.64218104540214,No,Lowest valid numbered address returned by the official SAGAF_PLUS street-only search; exact street and locality were already validated by the collector.,,
224,BLACKWOOD MAIN-155,BLACKWOOD MAIN,FOREST AVENUE,HAWTHORNDENE,FOREST AVENUE,HAWTHORNDENE,FOREST AVENUE|HAWTHORNDENE,No,Ambiguous,Ambiguous,Official candidate salvage,Reviewed resolution,Active,Yes,High,No,,"FOREST AVENUE, HAWTHORNDENE SA","3 FOREST AVENUE, HAWTHORNDENE, SOUTH AUSTRALIA, 5051",Reviewed street-only,100,-35.01920380966091,138.62410543583547,No,Lowest valid numbered address returned by the official SAGAF_PLUS street-only search; exact street and locality were already validated by the collector.,,
226,BLACKWOOD MAIN-157,BLACKWOOD MAIN,FRANCIS STREET,BELAIR,FRANCIS STREET,BELAIR,FRANCIS STREET|BELAIR,No,Ambiguous,Ambiguous,Official candidate salvage,Reviewed resolution,Active,Yes,High,No,,"FRANCIS STREET, BELAIR SA","LOT 1 FRANCIS STREET, BELAIR, SOUTH AUSTRALIA, 5052",Reviewed street-only,100,-34.994556350824915,138.63467671362196,No,Lowest valid numbered address returned by the official SAGAF_PLUS street-only search; exact street and locality were already validated by the collector.,,
227,CORO EAST & CHERRY-11,CORO EAST & CHERRY,FRITH ROAD,CHERRY GARDENS,FRITH ROAD,CHERRY GARDENS,FRITH ROAD|CHERRY GARDENS,No,Ambiguous,Ambiguous,Official candidate salvage,Reviewed resolution,Active,Yes,High,No,,"FRITH ROAD, CHERRY GARDENS SA","LOT 10 FRITH ROAD, CHERRY GARDENS, SOUTH AUSTRALIA, 5157",Reviewed street-only,100,-35.08285863779957,138.6592761430271,No,Lowest valid numbered address returned by the official SAGAF_PLUS street-only search; exact street and locality were already validated by the collector.,,
228,BLACKWOOD MAIN-158,BLACKWOOD MAIN,FULLARTON ROAD,MITCHAM,FULLARTON ROAD,MITCHAM,FULLARTON ROAD|MITCHAM,No,Ambiguous,Ambiguous,Official candidate salvage,Reviewed resolution,Active,Yes,High,No,,"FULLARTON ROAD, MITCHAM SA","553 FULLARTON ROAD, MITCHAM, SOUTH AUSTRALIA, 5062",Reviewed street-only,100,-34.97541840139712,138.62688135906663,No,Lowest valid numbered address returned by the official SAGAF_PLUS street-only search; exact street and locality were already validated by the collector.,,
233,BLACKWOOD MAIN-163,BLACKWOOD MAIN,GARNET AVENUE,BLACKWOOD,GARNET AVENUE,BLACKWOOD,GARNET AVENUE|BLACKWOOD,No,Ambiguous,Ambiguous,Official candidate salvage,Reviewed resolution,Active,Yes,High,No,,"GARNET AVENUE, BLACKWOOD SA","49 GARNET AVENUE, BLACKWOOD, SOUTH AUSTRALIA, 5051",Reviewed street-only,100,-35.03033062786706,138.6120109135358,No,Lowest valid numbered address returned by the official SAGAF_PLUS street-only search; exact street and locality were already validated by the collector.,,
235,BLACKWOOD PARK-26,BLACKWOOD PARK,GARTRELL LANE,CRAIGBURN FARM,GARTRELL LANE,CRAIGBURN FARM,GARTRELL LANE|CRAIGBURN FARM,No,Failed,Failed,Secondary-assisted official correction,Reviewed resolution,Active,Yes,High,No,,"1 GARTRELL LANE, CRAIGBURN FARM SA","1 GARTRELL BOULEVARD, CRAIGBURN FARM, SOUTH AUSTRALIA, 5051",Reviewed No. 1,89.24,-35.03874751883815,138.60957902334079,No,"Reviewed spelling, street type or adjoining official locality; selected the lowest numbered matching official SAGAF_PLUS candidate for GARTRELL BOULEVARD, CRAIGBURN FARM.",,
237,BLACKWOOD MAIN-165,BLACKWOOD MAIN,GLADSTONE ROAD,BLACKWOOD,GLADSTONE ROAD,BLACKWOOD,GLADSTONE ROAD|BLACKWOOD,No,Ambiguous,Ambiguous,Official candidate salvage,Reviewed resolution,Active,Yes,High,No,,"GLADSTONE ROAD, BLACKWOOD SA","4 GLADSTONE ROAD, BLACKWOOD, SOUTH AUSTRALIA, 5051",Reviewed street-only,100,-35.022181634389455,138.61532174232005,No,Lowest valid numbered address returned by the official SAGAF_PLUS street-only search; exact street and locality were already validated by the collector.,,
244,BLACKWOOD MAIN-171,BLACKWOOD MAIN,GLENGARRY AVENUE,GLENALTA,GLENGARRY AVENUE,GLENALTA,GLENGARRY AVENUE|GLENALTA,No,Ambiguous,Ambiguous,Official candidate salvage,Reviewed resolution,Active,Yes,High,No,,"GLENGARRY AVENUE, GLENALTA SA","14 GLENGARRY AVENUE, GLENALTA, SOUTH AUSTRALIA, 5052",Reviewed street-only,100,-35.008908612160006,138.62489383005274,No,Lowest valid numbered address returned by the official SAGAF_PLUS street-only search; exact street and locality were already validated by the collector.,,
246,BLACKWOOD MAIN-173,BLACKWOOD MAIN,GLENGYLE AVENUE,BLACKWOOD,GLENGYLE AVENUE,BLACKWOOD,GLENGYLE AVENUE|BLACKWOOD,No,Ambiguous,Ambiguous,Official candidate salvage,Reviewed resolution,Active,Yes,High,No,,"GLENGYLE AVENUE, BLACKWOOD SA","26A GLENGYLE AVENUE, BLACKWOOD, SOUTH AUSTRALIA, 5051",Reviewed street-only,100,-35.01347496585068,138.61379600739193,No,Lowest valid numbered address returned by the official SAGAF_PLUS street-only search; exact street and locality were already validated by the collector.,,
248,BLACKWOOD MAIN-175,BLACKWOOD MAIN,GLOUCESTER AVENUE,BELAIR · BLACKWOOD,,,,No,Ambiguous,Ambiguous authoritative locality fields,Reviewed multi-locality vicinity anchor,Reviewed resolution,Active,Yes,Moderate,Yes,UPPER STURT ROAD|BELAIR,"2 UPPER STURT ROAD, BELAIR SA","2 UPPER STURT ROAD, BELAIR, SOUTH AUSTRALIA, 5052",Reviewed Directions route vicinity anchor,100,-34.998930586791175,138.63197212299033,No,The Directions entry spans multiple locality fields. A reviewed official approach point (UPPER STURT ROAD|BELAIR) was selected without merging it with other same-name street records.,,
252,BLACKWOOD MAIN-178,BLACKWOOD MAIN,GOOCH ROAD,BELAIR NATIONAL PARK,GOOCH ROAD,BELAIR NATIONAL PARK,GOOCH ROAD|BELAIR NATIONAL PARK,No,Failed,Failed,Reviewed vicinity anchor,Reviewed resolution,Active,Yes,Moderate,Yes,UPPER STURT ROAD|BELAIR,"2 UPPER STURT ROAD, BELAIR SA","2 UPPER STURT ROAD, BELAIR, SOUTH AUSTRALIA, 5052",Reviewed Directions route vicinity anchor,100,-34.998930586791175,138.63197212299033,No,Directions identify Gooch Road as the Belair National Park entrance from Upper Sturt Road.,,
261,BLACKWOOD MAIN-184,BLACKWOOD MAIN,GRASKE GROVE,EDEN HILLS,GRASKE GROVE,EDEN HILLS,GRASKE GROVE|EDEN HILLS,No,Failed,Failed,Reviewed vicinity anchor,Reviewed resolution,Active,Yes,Moderate,Yes,PASADENA CRESCENT|PASADENA,"1 PASADENA CRESCENT, PASADENA SA","1 PASADENA CRESCENT, PASADENA, SOUTH AUSTRALIA, 5042",Reviewed Directions route vicinity anchor,100,-35.01116065881851,138.58586084505305,No,Directions place Graske Grove directly from Pasadena Crescent.,,
263,CORO STREETS-39,CORO STREETS,GRASSMERE CLOSE,COROMANDLE VALLEY,GRASSMERE CLOSE,COROMANDLE VALLEY,GRASSMERE CLOSE|COROMANDLE VALLEY,No,Failed,Failed,Secondary-assisted official correction,Reviewed resolution,Active,Yes,High,No,,"2 GRASSMERE CLOSE, COROMANDLE VALLEY SA","2 GRASSMERE CLOSE, COROMANDEL VALLEY, SOUTH AUSTRALIA, 5051",Reviewed No. 2,55,-35.05689979760761,138.61909525462397,No,"Reviewed spelling, street type or adjoining official locality; selected the lowest numbered matching official SAGAF_PLUS candidate for GRASSMERE CLOSE, COROMANDEL VALLEY.",,
264,BLACKWOOD MAIN-185,BLACKWOOD MAIN,GRATTON STREET,BELAIR · BLACKWOOD,,,,No,Ambiguous,Ambiguous authoritative locality fields,Reviewed multi-locality vicinity anchor,Reviewed resolution,Active,Yes,Moderate,Yes,CEDAR AVENUE|BLACKWOOD,"1 CEDAR AVENUE, BLACKWOOD SA","1 CEDAR AVENUE, BLACKWOOD, SOUTH AUSTRALIA, 5051",Reviewed Directions route vicinity anchor,100,-35.01012286733308,138.6190940094165,No,The Directions entry spans multiple locality fields. A reviewed official approach point (CEDAR AVENUE|BLACKWOOD) was selected without merging it with other same-name street records.,,
270,BLACKWOOD MAIN-189,BLACKWOOD MAIN,GREVILLEA WAY,BELAIR · BLACKWOOD,,,,No,Ambiguous,Ambiguous authoritative locality fields,Reviewed multi-locality vicinity anchor,Reviewed resolution,Active,Yes,Moderate,Yes,GULFVIEW ROAD|BLACKWOOD,"2 GULFVIEW ROAD, BLACKWOOD SA","2 GULFVIEW ROAD, BLACKWOOD, SOUTH AUSTRALIA, 5051",Reviewed Directions route vicinity anchor,100,-35.014752726604875,138.6171674955688,No,The Directions entry spans multiple locality fields. A reviewed official approach point (GULFVIEW ROAD|BLACKWOOD) was selected without merging it with other same-name street records.,,
273,BLACKWOOD MAIN-192,BLACKWOOD MAIN,GUM GROVE,BELAIR · BLACKWOOD,,,,No,Ambiguous,Ambiguous authoritative locality fields,Reviewed multi-locality vicinity anchor,Reviewed resolution,Active,Yes,Moderate,Yes,GULFVIEW ROAD|BLACKWOOD,"2 GULFVIEW ROAD, BLACKWOOD SA","2 GULFVIEW ROAD, BLACKWOOD, SOUTH AUSTRALIA, 5051",Reviewed Directions route vicinity anchor,100,-35.014752726604875,138.6171674955688,No,The Directions entry spans multiple locality fields. A reviewed official approach point (GULFVIEW ROAD|BLACKWOOD) was selected without merging it with other same-name street records.,,
274,BLACKWOOD MAIN-193,BLACKWOOD MAIN,GUM ROAD,HAWTHORNDENE,GUM ROAD,HAWTHORNDENE,GUM ROAD|HAWTHORNDENE,No,Failed,Failed,Reviewed vicinity anchor,Reviewed resolution,Active,Yes,Moderate,Yes,BLACKWOOD CFS|16A GORSE AVENUE HAWTHORNDENE,"16A GORSE AVENUE, HAWTHORNDENE SA","16A GORSE AVENUE, HAWTHORNDENE, SOUTH AUSTRALIA, 5051",Reviewed Directions route vicinity anchor,100,-35.02315147312423,138.62864279398076,No,This Directions entry is the Blackwood CFS station itself; the official 16A Gorse Avenue station coordinate is the correct operational starting point.,https://www.homely.com.au/find-street-by-suburb/hawthorndene-mitcham-adelaide-greater-south-australia,
277,BLACKWOOD MAIN-194,BLACKWOOD MAIN,HAKEA COURT,COROMANDEL VALLEY,HAKEA COURT,COROMANDEL VALLEY,HAKEA COURT|COROMANDEL VALLEY,Yes,Ambiguous,Ambiguous,Official candidate salvage,Reviewed resolution,Active,Yes,High,No,,"HAKEA COURT, COROMANDEL VALLEY SA","3 HAKEA COURT, COROMANDEL VALLEY, SOUTH AUSTRALIA, 5051",Reviewed street-only,100,-35.04065642189444,138.62161591032313,No,Lowest valid numbered address returned by the official SAGAF_PLUS street-only search; exact street and locality were already validated by the collector.,,
278,CORO STREETS-42,CORO STREETS,HAKEA COURT,COROMANDEL VALLEY,HAKEA COURT,COROMANDEL VALLEY,HAKEA COURT|COROMANDEL VALLEY,Yes,Ambiguous,Ambiguous,Official candidate salvage,Reviewed resolution,Active,Yes,High,No,,"HAKEA COURT, COROMANDEL VALLEY SA","3 HAKEA COURT, COROMANDEL VALLEY, SOUTH AUSTRALIA, 5051",Reviewed street-only,100,-35.04065642189444,138.62161591032313,No,Lowest valid numbered address returned by the official SAGAF_PLUS street-only search; exact street and locality were already validated by the collector.,,
282,BLACKWOOD MAIN-198,BLACKWOOD MAIN,HAWKER AVENUE,BELAIR,HAWKER AVENUE,BELAIR,HAWKER AVENUE|BELAIR,No,Ambiguous,Ambiguous,Official candidate salvage,Reviewed resolution,Active,Yes,High,No,,"HAWKER AVENUE, BELAIR SA","32 HAWKER AVENUE, BELAIR, SOUTH AUSTRALIA, 5052",Reviewed street-only,100,-35.00543572851749,138.60731399094718,No,Lowest valid numbered address returned by the official SAGAF_PLUS street-only search; exact street and locality were already validated by the collector.,,
283,BLACKWOOD MAIN-199,BLACKWOOD MAIN,HAWTHORNDENE DRIVE,HAWTHORNDENE,HAWTHORNDENE DRIVE,HAWTHORNDENE,HAWTHORNDENE DRIVE|HAWTHORNDENE,No,Ambiguous,Ambiguous,Official candidate salvage,Reviewed resolution,Active,Yes,High,No,,"HAWTHORNDENE DRIVE, HAWTHORNDENE SA","8 HAWTHORNDENE DRIVE, HAWTHORNDENE, SOUTH AUSTRALIA, 5051",Reviewed street-only,100,-35.01740448486227,138.6215732174955,No,Lowest valid numbered address returned by the official SAGAF_PLUS street-only search; exact street and locality were already validated by the collector.,,
284,BLACKWOOD PARK-32,BLACKWOOD PARK,HAYMAN RETREAT,CRAIGBURN FARM,HAYMAN RETREAT,CRAIGBURN FARM,HAYMAN RETREAT|CRAIGBURN FARM,No,Ambiguous,Ambiguous,Official candidate salvage,Reviewed resolution,Active,Yes,High,No,,"HAYMAN RETREAT, CRAIGBURN FARM SA","5 HAYMAN RETREAT, CRAIGBURN FARM, SOUTH AUSTRALIA, 5051",Reviewed street-only,100,-35.03580544935277,138.60469389653693,No,Lowest valid numbered address returned by the official SAGAF_PLUS street-only search; exact street and locality were already validated by the collector.,,
288,BLACKWOOD MAIN-201,BLACKWOOD MAIN,HEWITT AVENUE,HAWTHORNDENE,HEWITT AVENUE,HAWTHORNDENE,HEWITT AVENUE|HAWTHORNDENE,No,Failed,Failed,Secondary-assisted official correction,Reviewed resolution,Active,Yes,High,No,,"1 HEWITT AVENUE, HAWTHORNDENE SA","1 HEWETT AVENUE, HAWTHORNDENE, SOUTH AUSTRALIA, 5051",Reviewed No. 1,98.46,-35.02237766562309,138.62192596698395,No,"Reviewed spelling, street type or adjoining official locality; selected the lowest numbered matching official SAGAF_PLUS candidate for HEWETT AVENUE, HAWTHORNDENE.",,
289,CORO EAST & CHERRY-12,CORO EAST & CHERRY,HICKS HILL ROAD,CHERRY GARDENS,HICKS HILL ROAD,CHERRY GARDENS,HICKS HILL ROAD|CHERRY GARDENS,No,Ambiguous,Ambiguous,Official candidate salvage,Reviewed resolution,Active,Yes,High,No,,"HICKS HILL ROAD, CHERRY GARDENS SA","60 HICKS HILL ROAD, CHERRY GARDENS, SOUTH AUSTRALIA, 5157",Reviewed street-only,100,-35.069949927699405,138.6436171253922,No,Lowest valid numbered address returned by the official SAGAF_PLUS street-only search; exact street and locality were already validated by the collector.,,
291,BLACKWOOD PARK-33,BLACKWOOD PARK,HIGHFIELD DRIVE,CRAIGBURN FARM,HIGHFIELD DRIVE,CRAIGBURN FARM,HIGHFIELD DRIVE|CRAIGBURN FARM,No,Ambiguous,Ambiguous,Official candidate salvage,Reviewed resolution,Active,Yes,High,No,,"HIGHFIELD DRIVE, CRAIGBURN FARM SA","45 HIGHFIELD DRIVE, CRAIGBURN FARM, SOUTH AUSTRALIA, 5051",Reviewed street-only,100,-35.037098864143765,138.60603445132514,No,Lowest valid numbered address returned by the official SAGAF_PLUS street-only search; exact street and locality were already validated by the collector.,,
302,BLACKWOOD MAIN-210,BLACKWOOD MAIN,HILLTOP DRIVE,HAWTHORNDENE,HILLTOP DRIVE,HAWTHORNDENE,HILLTOP DRIVE|HAWTHORNDENE,No,Failed,Failed,Secondary-assisted official correction,Reviewed resolution,Active,Yes,High,No,,"2 HILLTOP DRIVE, HAWTHORNDENE SA","2 HILLTOP DRIVE, UPPER STURT, SOUTH AUSTRALIA, 5156",Reviewed No. 2,55,-35.02757018078595,138.670028153784,No,"Reviewed spelling, street type or adjoining official locality; selected the lowest numbered matching official SAGAF_PLUS candidate for HILLTOP DRIVE, UPPER STURT.",,
305,BLACKWOOD PARK-34,BLACKWOOD PARK,HOLLYHOCK COURT,CRAIGBURN FARM,HOLLYHOCK COURT,CRAIGBURN FARM,HOLLYHOCK COURT|CRAIGBURN FARM,No,Failed,Failed,Secondary-assisted official correction,Reviewed resolution,Active,Yes,High,No,,"HOLLYHOCK COURT, CRAIGBURN FARM SA","13 HOLLY HOCK COURT, CRAIGBURN FARM, SOUTH AUSTRALIA, 5051",Reviewed street-only,98.37,-35.04323417925057,138.6110519258947,No,"Reviewed spelling, street type or adjoining official locality; selected the lowest numbered matching official SAGAF_PLUS candidate for HOLLY HOCK COURT, CRAIGBURN FARM.",,
311,BLACKWOOD MAIN-217,BLACKWOOD MAIN,HUNTINGDON DRIVE,GLENALTA,HUNTINGDON DRIVE,GLENALTA,HUNTINGDON DRIVE|GLENALTA,No,Ambiguous,Ambiguous,Official candidate salvage,Reviewed resolution,Active,Yes,High,No,,"HUNTINGDON DRIVE, GLENALTA SA","3 HUNTINGDON DRIVE, GLENALTA, SOUTH AUSTRALIA, 5052",Reviewed street-only,100,-35.0157063776425,138.62123309796854,No,Lowest valid numbered address returned by the official SAGAF_PLUS street-only search; exact street and locality were already validated by the collector.,,
317,CORO EAST & CHERRY-13,CORO EAST & CHERRY,JACOBS ROAD,CHERRY GARDENS,JACOBS ROAD,CHERRY GARDENS,JACOBS ROAD|CHERRY GARDENS,No,Ambiguous,Ambiguous,Official candidate salvage,Reviewed resolution,Active,Yes,High,No,,"JACOBS ROAD, CHERRY GARDENS SA","20 JACOBS ROAD, CHERRY GARDENS, SOUTH AUSTRALIA, 5157",Reviewed street-only,100,-35.06511887847727,138.65530499850854,No,Lowest valid numbered address returned by the official SAGAF_PLUS street-only search; exact street and locality were already validated by the collector.,,
325,BLACKWOOD MAIN-226,BLACKWOOD MAIN,JOHNSON PARADE,BLACKWOOD,JOHNSON PARADE,BLACKWOOD,JOHNSON PARADE|BLACKWOOD,No,Ambiguous,Ambiguous,Official candidate salvage,Reviewed resolution,Active,Yes,High,No,,"1 JOHNSON PARADE, BLACKWOOD SA","1 JOHNSON PARADE, BLACKWOOD, SOUTH AUSTRALIA, 5051",Reviewed No. 1,100,-35.02525729684803,138.61821044577093,No,Lowest valid numbered address returned by the official SAGAF_PLUS street-only search; exact street and locality were already validated by the collector.,,
326,BLACKWOOD MAIN-227,BLACKWOOD MAIN,JUBILEE DRIVE,BELAIR NATIONAL PARK,JUBILEE DRIVE,BELAIR NATIONAL PARK,JUBILEE DRIVE|BELAIR NATIONAL PARK,No,Failed,Failed,Reviewed vicinity anchor,Reviewed resolution,Active,Yes,Moderate,Yes,QUEENS JUBILEE DRIVE|BELAIR NATIONAL PARK,"QUEENS JUBILEE DRIVE, BELAIR NATIONAL PARK SA","LOT 599 QUEENS JUBILEE DRIVE, BELAIR, SOUTH AUSTRALIA, 5052",Reviewed Directions route vicinity anchor,55,-35.0076162646897,138.6497405220847,No,Directions and park naming indicate the reviewed Queens Jubilee Drive official candidate is the best live-map starting point.,,
332,BLACKWOOD MAIN-232,BLACKWOOD MAIN,KENT AVENUE,GLENALTA,KENT AVENUE,GLENALTA,KENT AVENUE|GLENALTA,No,Ambiguous,Ambiguous,Official candidate salvage,Reviewed resolution,Active,Yes,High,No,,"KENT AVENUE, GLENALTA SA","3 KENT AVENUE, GLENALTA, SOUTH AUSTRALIA, 5052",Reviewed street-only,100,-35.01564678557057,138.6250818563812,No,Lowest valid numbered address returned by the official SAGAF_PLUS street-only search; exact street and locality were already validated by the collector.,,
337,BLACKWOOD MAIN-235,BLACKWOOD MAIN,KINNANE CRESCENT,PASADENA,KINNANE CRESCENT,PASADENA,KINNANE CRESCENT|PASADENA,No,Ambiguous,Ambiguous,Official candidate salvage,Reviewed resolution,Active,Yes,High,No,,"KINNANE CRESCENT, PASADENA SA","4 KINNANE CRESCENT, PASADENA, SOUTH AUSTRALIA, 5042",Reviewed street-only,100,-35.01048593425487,138.59102329734984,No,Lowest valid numbered address returned by the official SAGAF_PLUS street-only search; exact street and locality were already validated by the collector.,,
343,BLACKWOOD MAIN-240,BLACKWOOD MAIN,KROWALLE COURT,HAWTHORNDENE,KROWALLE COURT,HAWTHORNDENE,KROWALLE COURT|HAWTHORNDENE,No,Failed,Failed,Secondary-assisted official correction,Reviewed resolution,Active,Yes,High,No,,"1 KROWALLE COURT, HAWTHORNDENE SA","1 KROWALLE CRESCENT, HAWTHORNDENE, SOUTH AUSTRALIA, 5051",Reviewed No. 1,89.24,-35.029223104763126,138.6323602719484,No,"Reviewed spelling, street type or adjoining official locality; selected the lowest numbered matching official SAGAF_PLUS candidate for KROWALLE CRESCENT, HAWTHORNDENE.",,
344,BLACKWOOD MAIN-241,BLACKWOOD MAIN,LAFFERS ROAD,BELAIR · GLENALTA,,,,No,Ambiguous,Ambiguous authoritative locality fields,Reviewed multi-locality vicinity anchor,Reviewed resolution,Active,Yes,Moderate,Yes,UPPER STURT ROAD|BELAIR,"2 UPPER STURT ROAD, BELAIR SA","2 UPPER STURT ROAD, BELAIR, SOUTH AUSTRALIA, 5052",Reviewed Directions route vicinity anchor,100,-34.998930586791175,138.63197212299033,No,The Directions entry spans multiple locality fields. A reviewed official approach point (UPPER STURT ROAD|BELAIR) was selected without merging it with other same-name street records.,,
345,CORO EAST & CHERRY-15,CORO EAST & CHERRY,LAFFERTY ROAD,CHANDLERS HILL,LAFFERTY ROAD,CHANDLERS HILL,LAFFERTY ROAD|CHANDLERS HILL,No,Ambiguous,Ambiguous,Official candidate salvage,Reviewed resolution,Active,Yes,High,No,,"1 LAFFERTY ROAD, CHANDLERS HILL SA","1 LAFFERTY ROAD, CHANDLERS HILL, SOUTH AUSTRALIA, 5159",Reviewed No. 1,100,-35.09569939514907,138.6259278859158,No,Lowest valid numbered address returned by the official SAGAF_PLUS street-only search; exact street and locality were already validated by the collector.,,
346,CORO EAST & CHERRY-14,CORO EAST & CHERRY,LAFFERTY ROAD,CHERRY GARDENS,LAFFERTY ROAD,CHERRY GARDENS,LAFFERTY ROAD|CHERRY GARDENS,No,Failed,Failed,Secondary-assisted official correction,Reviewed resolution,Active,Yes,High,No,,"1 LAFFERTY ROAD, CHERRY GARDENS SA","1 LAFFERTY ROAD, CHANDLERS HILL, SOUTH AUSTRALIA, 5159",Reviewed No. 1,55,-35.09569939514907,138.6259278859158,No,"Reviewed spelling, street type or adjoining official locality; selected the lowest numbered matching official SAGAF_PLUS candidate for LAFFERTY ROAD, CHANDLERS HILL.",,
347,BLACKWOOD MAIN-242,BLACKWOOD MAIN,LALOR COURT,BELAIR,LALOR COURT,BELAIR,LALOR COURT|BELAIR,No,Failed,Failed,Reviewed vicinity anchor,Reviewed resolution,Active,Yes,Moderate,Yes,HORSELL ROAD|BELAIR,"1 HORSELL ROAD, BELAIR SA","1 HORSELL ROAD, BELAIR, SOUTH AUSTRALIA, 5052",Reviewed Directions route vicinity anchor,100,-34.995440626017626,138.64034187396433,No,Directions place Lalor Court as the first left from Horsell Road.,,
353,CORO EAST & CHERRY-16,CORO EAST & CHERRY,LEWIS STREET,CHERRY GARDENS,LEWIS STREET,CHERRY GARDENS,LEWIS STREET|CHERRY GARDENS,No,Ambiguous,Ambiguous,Official candidate salvage,Reviewed resolution,Active,Yes,High,No,,"1 LEWIS STREET, CHERRY GARDENS SA","1 LEWIS STREET, CHERRY GARDENS, SOUTH AUSTRALIA, 5157",Reviewed No. 1,100,-35.07379032543326,138.64364345263593,No,Lowest valid numbered address returned by the official SAGAF_PLUS street-only search; exact street and locality were already validated by the collector.,,
356,BLACKWOOD MAIN-247,BLACKWOOD MAIN,LIND AVENUE,BELAIR,LIND AVENUE,BELAIR,LIND AVENUE|BELAIR,No,Ambiguous,Ambiguous,Official candidate salvage,Reviewed resolution,Active,Yes,High,No,,"LIND AVENUE, BELAIR SA","10 LIND AVENUE, BELAIR, SOUTH AUSTRALIA, 5052",Reviewed street-only,100,-35.0089666032509,138.60133414888767,No,Lowest valid numbered address returned by the official SAGAF_PLUS street-only search; exact street and locality were already validated by the collector.,,
361,BLACKWOOD MAIN-252,BLACKWOOD MAIN,LITTLE JOHN STREET,GLENALTA,LITTLE JOHN STREET,GLENALTA,LITTLE JOHN STREET|GLENALTA,No,Failed,Failed,Reviewed vicinity anchor,Reviewed resolution,Active,Yes,Moderate,Yes,HUNTINGDON DRIVE|GLENALTA,"HUNTINGDON DRIVE, GLENALTA SA","3 HUNTINGDON DRIVE, GLENALTA, SOUTH AUSTRALIA, 5052",Reviewed Directions route vicinity anchor,100,-35.0157063776425,138.62123309796854,No,Directions place Little John Street as the first right from Huntingdon Drive.,,
362,BLACKWOOD MAIN-253,BLACKWOOD MAIN,LONGVIEW AVENUE,BELAIR,LONGVIEW AVENUE,BELAIR,LONGVIEW AVENUE|BELAIR,No,Ambiguous,Ambiguous,Official candidate salvage,Reviewed resolution,Active,Yes,High,No,,"LONGVIEW AVENUE, BELAIR SA","36 LONGVIEW AVENUE, BELAIR, SOUTH AUSTRALIA, 5052",Reviewed street-only,100,-35.00711693649298,138.616496150854,No,Lowest valid numbered address returned by the official SAGAF_PLUS street-only search; exact street and locality were already validated by the collector.,,
368,CORO EAST & CHERRY-17,CORO EAST & CHERRY,MAHAR ROAD,CHERRY GARDENS,MAHAR ROAD,CHERRY GARDENS,MAHAR ROAD|CHERRY GARDENS,No,Ambiguous,Ambiguous,Official candidate salvage,Reviewed resolution,Active,Yes,High,No,,"MAHAR ROAD, CHERRY GARDENS SA","24 MAHAR ROAD, CHERRY GARDENS, SOUTH AUSTRALIA, 5157",Reviewed street-only,100,-35.07189814373446,138.6625837698493,No,Lowest valid numbered address returned by the official SAGAF_PLUS street-only search; exact street and locality were already validated by the collector.,,
369,BLACKWOOD MAIN-259,BLACKWOOD MAIN,MAIN RD,"BLACKWOOD · COROMANDEL AREA · 357 ABOVE, & 358 ABOVE",,,,No,Ambiguous,Ambiguous authoritative locality fields,Reviewed multi-locality vicinity anchor,Reviewed resolution,Active,Yes,Moderate,Yes,HEWITT AVENUE|HAWTHORNDENE,"1 HEWITT AVENUE, HAWTHORNDENE SA","1 HEWETT AVENUE, HAWTHORNDENE, SOUTH AUSTRALIA, 5051",Reviewed Directions route vicinity anchor,98.46,-35.02237766562309,138.62192596698395,No,The Directions entry spans multiple locality fields. A reviewed official approach point (HEWITT AVENUE|HAWTHORNDENE) was selected without merging it with other same-name street records.,,
370,CORO EAST & CHERRY-18,CORO EAST & CHERRY,MAIN ROAD,CHERRY GARDENS · CHANDLERS HILL,,,,No,Ambiguous,Ambiguous authoritative locality fields,Reviewed multi-locality vicinity anchor,Reviewed resolution,Active,Yes,Moderate,Yes,ACKLAND HILL ROAD|COROMANDEL VALLEY,"2 ACKLAND HILL ROAD, COROMANDEL VALLEY SA","2 ACKLAND HILL ROAD, COROMANDEL VALLEY, SOUTH AUSTRALIA, 5051",Reviewed Directions route vicinity anchor,100,-35.0385029245131,138.63010146559213,No,The Directions entry spans multiple locality fields. A reviewed official approach point (ACKLAND HILL ROAD|COROMANDEL VALLEY) was selected without merging it with other same-name street records.,,
371,CORO STREETS-59,CORO STREETS,MAIN ROAD,COROMANDEL VALLEY · CHERRY GARDENS · CHANDLERS HILL,,,,No,Ambiguous,Ambiguous authoritative locality fields,Reviewed multi-locality vicinity anchor,Reviewed resolution,Active,Yes,Moderate,Yes,ACKLAND HILL ROAD|COROMANDEL VALLEY,"2 ACKLAND HILL ROAD, COROMANDEL VALLEY SA","2 ACKLAND HILL ROAD, COROMANDEL VALLEY, SOUTH AUSTRALIA, 5051",Reviewed Directions route vicinity anchor,100,-35.0385029245131,138.63010146559213,No,The Directions entry spans multiple locality fields. A reviewed official approach point (ACKLAND HILL ROAD|COROMANDEL VALLEY) was selected without merging it with other same-name street records.,,
372,BLACKWOOD PARK-38,BLACKWOOD PARK,MALBEC STREET,CRAIGBURN FARM,MALBEC STREET,CRAIGBURN FARM,MALBEC STREET|CRAIGBURN FARM,No,Ambiguous,Ambiguous,Official candidate salvage,Reviewed resolution,Active,Yes,High,No,,"MALBEC STREET, CRAIGBURN FARM SA","6 MALBEC STREET, CRAIGBURN FARM, SOUTH AUSTRALIA, 5051",Reviewed street-only,100,-35.03946813819154,138.6140875638274,No,Lowest valid numbered address returned by the official SAGAF_PLUS street-only search; exact street and locality were already validated by the collector.,,
373,BLACKWOOD MAIN-260,BLACKWOOD MAIN,MALCOLM STREET,BEDFORD PARK,MALCOLM STREET,BEDFORD PARK,MALCOLM STREET|BEDFORD PARK,No,Ambiguous,Ambiguous,Official candidate salvage,Reviewed resolution,Active,Yes,High,No,,"MALCOLM STREET, BEDFORD PARK SA","14 MALCOLM STREET, BEDFORD PARK, SOUTH AUSTRALIA, 5042",Reviewed street-only,100,-35.02535887020048,138.56478143928763,No,Lowest valid numbered address returned by the official SAGAF_PLUS street-only search; exact street and locality were already validated by the collector.,,
380,CORO EAST & CHERRY-19,CORO EAST & CHERRY,MARSHALL ROAD,CHERRY GARDENS,MARSHALL ROAD,CHERRY GARDENS,MARSHALL ROAD|CHERRY GARDENS,No,Ambiguous,Ambiguous,Official candidate salvage,Reviewed resolution,Active,Yes,High,No,,"MARSHALL ROAD, CHERRY GARDENS SA","55 MARSHALL ROAD, CHERRY GARDENS, SOUTH AUSTRALIA, 5157",Reviewed street-only,100,-35.074653609985674,138.63201214751626,No,Lowest valid numbered address returned by the official SAGAF_PLUS street-only search; exact street and locality were already validated by the collector.,,
384,CORO EAST & CHERRY-20,CORO EAST & CHERRY,MATTHEWS ROAD,DORSET VALE,MATTHEWS ROAD,DORSET VALE,MATTHEWS ROAD|DORSET VALE,No,Failed,Failed,Reviewed vicinity anchor,Reviewed resolution,Active,Yes,Moderate,Yes,CHERRY GARDENS ROAD|CHERRY GARDENS,"CHERRY GARDENS ROAD, CHERRY GARDENS SA","11 CHERRY GARDENS ROAD, CHERRY GARDENS, SOUTH AUSTRALIA, 5157",Reviewed Directions route vicinity anchor,100,-35.07102578695614,138.62775175909036,No,Directions reach Matthews Road via Cherry Gardens Road and Dorset Vale Road; use the reviewed official Cherry Gardens Road approach area.,,
393,BLACKWOOD MAIN-269,BLACKWOOD MAIN,MELIA GROVE,PASADENA,MELIA GROVE,PASADENA,MELIA GROVE|PASADENA,No,Failed,Failed,Reviewed vicinity anchor,Reviewed resolution,Active,Yes,Moderate,Yes,PRITCHARD GROVE|PASADENA,"PRITCHARD GROVE, PASADENA SA","3 PRITCHARD GROVE, PASADENA, SOUTH AUSTRALIA, 5042",Reviewed Directions route vicinity anchor,100,-35.008813976392055,138.59262997076374,No,Directions place Melia Grove immediately from Pritchard Grove.,,
395,BLACKWOOD MAIN-271,BLACKWOOD MAIN,MELVILLE GULLY ROAD,BELAIR NATIONAL PARK,MELVILLE GULLY ROAD,BELAIR NATIONAL PARK,MELVILLE GULLY ROAD|BELAIR NATIONAL PARK,No,Failed,Failed,Reviewed vicinity anchor,Reviewed resolution,Active,Yes,Moderate,Yes,QUEENS JUBILEE DRIVE|BELAIR NATIONAL PARK,"QUEENS JUBILEE DRIVE, BELAIR NATIONAL PARK SA","LOT 599 QUEENS JUBILEE DRIVE, BELAIR, SOUTH AUSTRALIA, 5052",Reviewed Directions route vicinity anchor,55,-35.0076162646897,138.6497405220847,No,Internal park road from the Long Gully area; use the reviewed official park-road starting point.,,
398,CORO STREETS-66,CORO STREETS,MEWS WAY,COROMANDEL VALLEY,MEWS WAY,COROMANDEL VALLEY,MEWS WAY|COROMANDEL VALLEY,No,Ambiguous,Ambiguous,Official candidate salvage,Reviewed resolution,Active,Yes,High,No,,"MEWS WAY, COROMANDEL VALLEY SA","3 MEWS WAY, COROMANDEL VALLEY, SOUTH AUSTRALIA, 5051",Reviewed street-only,100,-35.05419591852314,138.62167407930082,No,Lowest valid numbered address returned by the official SAGAF_PLUS street-only search; exact street and locality were already validated by the collector.,,
407,BLACKWOOD MAIN-281,BLACKWOOD MAIN,MITCHELL CRESCENT,PASADENA,MITCHELL CRESCENT,PASADENA,MITCHELL CRESCENT|PASADENA,No,Ambiguous,Ambiguous,Official candidate salvage,Reviewed resolution,Active,Yes,High,No,,"MITCHELL CRESCENT, PASADENA SA","3 MITCHELL CRESCENT, PASADENA, SOUTH AUSTRALIA, 5042",Reviewed street-only,100,-35.01108932621897,138.59155215475235,No,Lowest valid numbered address returned by the official SAGAF_PLUS street-only search; exact street and locality were already validated by the collector.,,
409,BLACKWOOD MAIN-282,BLACKWOOD MAIN,MONALTA DRIVE,BELAIR,MONALTA DRIVE,BELAIR,MONALTA DRIVE|BELAIR,No,Ambiguous,Ambiguous,Official candidate salvage,Reviewed resolution,Active,Yes,High,No,,"MONALTA DRIVE, BELAIR SA","3 MONALTA DRIVE, BELAIR, SOUTH AUSTRALIA, 5052",Reviewed street-only,100,-35.00308602201574,138.62606877224704,No,Lowest valid numbered address returned by the official SAGAF_PLUS street-only search; exact street and locality were already validated by the collector.,,
412,BLACKWOOD MAIN-285,BLACKWOOD MAIN,MOUNT BARKER ROAD,EAGLE ON THE HILL · LEAWOOD GARDENS,,,,No,Ambiguous,Ambiguous authoritative locality fields,Reviewed multi-locality vicinity anchor,Reviewed resolution,Active,Yes,Moderate,Yes,JAMES ROAD|BELAIR,"2 JAMES ROAD, BELAIR SA","2 JAMES ROAD, BELAIR, SOUTH AUSTRALIA, 5052",Reviewed Directions route vicinity anchor,100,-34.99664545319125,138.6307084152919,No,The Directions entry spans multiple locality fields. A reviewed official approach point (JAMES ROAD|BELAIR) was selected without merging it with other same-name street records.,,
414,BLACKWOOD MAIN-287,BLACKWOOD MAIN,MOUNTBATTEN ROAD,BELLEVUE HEIGHTS,MOUNTBATTEN ROAD,BELLEVUE HEIGHTS,MOUNTBATTEN ROAD|BELLEVUE HEIGHTS,No,Ambiguous,Ambiguous,Official candidate salvage,Reviewed resolution,Active,Yes,High,No,,"MOUNTBATTEN ROAD, BELLEVUE HEIGHTS SA","34 MOUNTBATTEN ROAD, BELLEVUE HEIGHTS, SOUTH AUSTRALIA, 5050",Reviewed street-only,100,-35.032007210786205,138.59428520726908,No,Lowest valid numbered address returned by the official SAGAF_PLUS street-only search; exact street and locality were already validated by the collector.,,
417,BLACKWOOD MAIN-290,BLACKWOOD MAIN,MURRAY STREET,BLACKWOOD,MURRAY STREET,BLACKWOOD,MURRAY STREET|BLACKWOOD,No,Ambiguous,Ambiguous,Official candidate salvage,Reviewed resolution,Active,Yes,High,No,,"MURRAY STREET, BLACKWOOD SA","5 MURRAY STREET, BLACKWOOD, SOUTH AUSTRALIA, 5051",Reviewed street-only,100,-35.02307409237411,138.61867455238485,No,Lowest valid numbered address returned by the official SAGAF_PLUS street-only search; exact street and locality were already validated by the collector.,,
418,CORO STREETS-69,CORO STREETS,MURRAY'S HILL ROAD,COROMANDEL VALLEY · FLAGSTAFF HILL,,,,No,Ambiguous,Ambiguous authoritative locality fields,Reviewed multi-locality vicinity anchor,Reviewed resolution,Active,Yes,Moderate,Yes,GLENDALE AVENUE|FLAGSTAFF HILL,"2 GLENDALE AVENUE, FLAGSTAFF HILL SA","2 GLENDALE AVENUE, FLAGSTAFF HILL, SOUTH AUSTRALIA, 5159",Reviewed Directions route vicinity anchor,100,-35.05750496843955,138.6146694314909,No,The Directions entry spans multiple locality fields. A reviewed official approach point (GLENDALE AVENUE|FLAGSTAFF HILL) was selected without merging it with other same-name street records.,,
419,BLACKWOOD MAIN-291,BLACKWOOD MAIN,MURRAYS HILL ROAD,COROMANDEL VALLEY,MURRAYS HILL ROAD,COROMANDEL VALLEY,MURRAYS HILL ROAD|COROMANDEL VALLEY,No,Ambiguous,Ambiguous,Official candidate salvage,Reviewed resolution,Active,Yes,High,No,,"MURRAYS HILL ROAD, COROMANDEL VALLEY SA","60 MURRAYS HILL ROAD, COROMANDEL VALLEY, SOUTH AUSTRALIA, 5051",Reviewed street-only,100,-35.05303431783751,138.61142424292916,No,Lowest valid numbered address returned by the official SAGAF_PLUS street-only search; exact street and locality were already validated by the collector.,,
425,BLACKWOOD MAIN-296,BLACKWOOD MAIN,NARDU CRESCENT,BELAIR,NARDU CRESCENT,BELAIR,NARDU CRESCENT|BELAIR,No,Failed,Failed,Reviewed vicinity anchor,Reviewed resolution,Active,Yes,Moderate,Yes,ADAMSON AVENUE|BELAIR,"1 ADAMSON AVENUE, BELAIR SA","1 ADAMSON AVENUE, BELAIR, SOUTH AUSTRALIA, 5052",Reviewed Directions route vicinity anchor,100,-34.997909338776445,138.6141023284303,No,Directions place Nardu Crescent as the second right from Adamson Avenue.,,
427,BLACKWOOD MAIN-298,BLACKWOOD MAIN,NERLI STREET,EDEN HILLS,NERLI STREET,EDEN HILLS,NERLI STREET|EDEN HILLS,No,Failed,Failed,Reviewed vicinity anchor,Reviewed resolution,Active,Yes,Moderate,Yes,EURILPA STREET|EDEN HILLS,"1 EURILPA STREET, EDEN HILLS SA","1 EURILPA STREET, EDEN HILLS, SOUTH AUSTRALIA, 5050",Reviewed Directions route vicinity anchor,100,-35.019248815016724,138.59795679044697,No,Directions place Nerli Street as the second left from Eurilpa Street.,,
429,BLACKWOOD PARK-40,BLACKWOOD PARK,NEWLAND COURT,CRAIGBURN FARM,NEWLAND COURT,CRAIGBURN FARM,NEWLAND COURT|CRAIGBURN FARM,No,Ambiguous,Ambiguous,Official candidate salvage,Reviewed resolution,Active,Yes,High,No,,"NEWLAND COURT, CRAIGBURN FARM SA","3 NEWLAND COURT, CRAIGBURN FARM, SOUTH AUSTRALIA, 5051",Reviewed street-only,100,-35.03502968509703,138.6155480143066,No,Lowest valid numbered address returned by the official SAGAF_PLUS street-only search; exact street and locality were already validated by the collector.,,
430,BLACKWOOD MAIN-299,BLACKWOOD MAIN,NICOLE AVENUE,HAWTHORNDENE,NICOLE AVENUE,HAWTHORNDENE,NICOLE AVENUE|HAWTHORNDENE,No,Failed,Failed,Secondary-assisted official correction,Reviewed resolution,Active,Yes,High,No,,"1 NICOLE AVENUE, HAWTHORNDENE SA","1 NICOLLE AVENUE, HAWTHORNDENE, SOUTH AUSTRALIA, 5051",Reviewed No. 1,98.66,-35.01718123695101,138.63478949384168,No,"Reviewed spelling, street type or adjoining official locality; selected the lowest numbered matching official SAGAF_PLUS candidate for NICOLLE AVENUE, HAWTHORNDENE.",,
435,BLACKWOOD MAIN-302,BLACKWOOD MAIN,NORTHCOTE STREET,EDEN HILLS,NORTHCOTE STREET,EDEN HILLS,NORTHCOTE STREET|EDEN HILLS,No,Failed,Failed,Reviewed vicinity anchor,Reviewed resolution,Active,Yes,Moderate,Yes,SHAFTSBURY STREET|EDEN HILLS,"1 SHAFTSBURY STREET, EDEN HILLS SA","1 SHAFTSBURY STREET, EDEN HILLS, SOUTH AUSTRALIA, 5050",Reviewed Directions route vicinity anchor,100,-35.02867770388989,138.6042605643363,No,The old/unmatched Northcote Street route is in the Shaftsbury Street area off Shepherds Hill Road.,,
438,BLACKWOOD MAIN-305,BLACKWOOD MAIN,OAK CRESCENT,HAWTHORNDENE,OAK CRESCENT,HAWTHORNDENE,OAK CRESCENT|HAWTHORNDENE,No,Ambiguous,Ambiguous,Official candidate salvage,Reviewed resolution,Active,Yes,High,No,,"OAK CRESCENT, HAWTHORNDENE SA","3 OAK CRESCENT, HAWTHORNDENE, SOUTH AUSTRALIA, 5051",Reviewed street-only,100,-35.02209642662095,138.62898558180945,No,Lowest valid numbered address returned by the official SAGAF_PLUS street-only search; exact street and locality were already validated by the collector.,,
439,CORO STREETS-74,CORO STREETS,OAKDENE CRESCENT,COROMANDEL VALLEY,OAKDENE CRESCENT,COROMANDEL VALLEY,OAKDENE CRESCENT|COROMANDEL VALLEY,No,Ambiguous,Ambiguous,Official candidate salvage,Reviewed resolution,Active,Yes,High,No,,"OAKDENE CRESCENT, COROMANDEL VALLEY SA","5 OAKDENE CRESCENT, COROMANDEL VALLEY, SOUTH AUSTRALIA, 5051",Reviewed street-only,100,-35.040817231545255,138.62687157529365,No,Lowest valid numbered address returned by the official SAGAF_PLUS street-only search; exact street and locality were already validated by the collector.,,
441,BLACKWOOD MAIN-307,BLACKWOOD MAIN,OFFLER AVENUE,BELLEVUE HEIGHTS,OFFLER AVENUE,BELLEVUE HEIGHTS,OFFLER AVENUE|BELLEVUE HEIGHTS,No,Ambiguous,Ambiguous,Official candidate salvage,Reviewed resolution,Active,Yes,High,No,,"OFFLER AVENUE, BELLEVUE HEIGHTS SA","LOT 7 OFFLER AVENUE, BELLEVUE HEIGHTS, SOUTH AUSTRALIA, 5050",Reviewed street-only,100,-35.03019561179962,138.5838395175506,No,Lowest valid numbered address returned by the official SAGAF_PLUS street-only search; exact street and locality were already validated by the collector.,,
442,BLACKWOOD MAIN-308,BLACKWOOD MAIN,OLAVE HILL ROAD,HAWTHORNDENE · UPPER STURT,,,,No,Ambiguous,Ambiguous authoritative locality fields,Reviewed multi-locality vicinity anchor,Reviewed resolution,Active,Yes,Moderate,Yes,RANKEYS HILL ROAD|HAWTHORNDENE,"1 RANKEYS HILL ROAD, HAWTHORNDENE SA","1 RANKEYS HILL ROAD, HAWTHORNDENE, SOUTH AUSTRALIA, 5051",Reviewed Directions route vicinity anchor,100,-35.01678045803144,138.6385845304462,No,The Directions entry spans multiple locality fields. A reviewed official approach point (RANKEYS HILL ROAD|HAWTHORNDENE) was selected without merging it with other same-name street records.,,
443,BLACKWOOD MAIN-309,BLACKWOOD MAIN,OLD BELAIR ROAD,BELAIR · MITCHAM,,,,No,Ambiguous,Ambiguous authoritative locality fields,Reviewed multi-locality vicinity anchor,Reviewed resolution,Active,Yes,Moderate,Yes,SHEOAK ROAD|BELAIR,"1 SHEOAK ROAD, BELAIR SA","1 SHEOAK ROAD, BELAIR, SOUTH AUSTRALIA, 5052",Reviewed Directions route vicinity anchor,100,-34.99760924377543,138.62290665681243,No,The Directions entry spans multiple locality fields. A reviewed official approach point (SHEOAK ROAD|BELAIR) was selected without merging it with other same-name street records.,,
445,CORO EAST & CHERRY-21,CORO EAST & CHERRY,ORCHARD ROAD,CHERRY GARDENS,ORCHARD ROAD,CHERRY GARDENS,ORCHARD ROAD|CHERRY GARDENS,No,Ambiguous,Ambiguous,Official candidate salvage,Reviewed resolution,Active,Yes,High,No,,"ORCHARD ROAD, CHERRY GARDENS SA","5 ORCHARD ROAD, CHERRY GARDENS, SOUTH AUSTRALIA, 5157",Reviewed street-only,100,-35.07145200368553,138.63803735070516,No,Lowest valid numbered address returned by the official SAGAF_PLUS street-only search; exact street and locality were already validated by the collector.,,
458,BLACKWOOD MAIN-320,BLACKWOOD MAIN,PEKINA STREET,EDEN HILLS,PEKINA STREET,EDEN HILLS,PEKINA STREET|EDEN HILLS,No,Ambiguous,Ambiguous,Official candidate salvage,Reviewed resolution,Active,Yes,High,No,,"PEKINA STREET, EDEN HILLS SA","53 PEKINA STREET, EDEN HILLS, SOUTH AUSTRALIA, 5050",Reviewed street-only,100,-35.01859703784794,138.59621492307886,No,Lowest valid numbered address returned by the official SAGAF_PLUS street-only search; exact street and locality were already validated by the collector.,,
459,BLACKWOOD MAIN-321,BLACKWOOD MAIN,PENDELBURY WAY,BELLEVUE HEIGHTS,PENDELBURY WAY,BELLEVUE HEIGHTS,PENDELBURY WAY|BELLEVUE HEIGHTS,No,Failed,Failed,Reviewed vicinity anchor,Reviewed resolution,Active,Yes,Moderate,Yes,FLINDERS ROAD|BELLEVUE HEIGHTS,"1 FLINDERS ROAD, BELLEVUE HEIGHTS SA","1 FLINDERS ROAD, BELLEVUE HEIGHTS, SOUTH AUSTRALIA, 5050",Reviewed Directions route vicinity anchor,100,-35.032540871131815,138.58195196090813,No,Directions place Pendelbury Way as the first right from Flinders Road.,,
461,BLACKWOOD MAIN-323,BLACKWOOD MAIN,PENNO PARADE NORTH,BELAIR,PENNO PARADE NORTH,BELAIR,PENNO PARADE NORTH|BELAIR,No,Failed,Failed,Secondary-assisted official correction,Reviewed resolution,Active,Yes,High,No,,"1 PENNO PARADE NORTH, BELAIR SA","1 PENNO PARADE NORTH, BELAIR, SOUTH AUSTRALIA, 5052",Reviewed No. 1,100,-35.00107892545586,138.62301819182466,No,"Reviewed spelling, street type or adjoining official locality; selected the lowest numbered matching official SAGAF_PLUS candidate for PENNO PARADE, BELAIR.",,
462,BLACKWOOD MAIN-324,BLACKWOOD MAIN,PENNO PARADE SOUTH,BLACKWOOD,PENNO PARADE SOUTH,BLACKWOOD,PENNO PARADE SOUTH|BLACKWOOD,No,Failed,Failed,Secondary-assisted official correction,Reviewed resolution,Active,Yes,High,No,,"1 PENNO PARADE SOUTH, BLACKWOOD SA","1 PENNO PARADE SOUTH, BLACKWOOD, SOUTH AUSTRALIA, 5051",Reviewed No. 1,100,-35.011639885808876,138.62238722740935,No,"Reviewed spelling, street type or adjoining official locality; selected the lowest numbered matching official SAGAF_PLUS candidate for PENNO PARADE, BLACKWOOD.",,
465,BLACKWOOD MAIN-327,BLACKWOOD MAIN,PETHERICK STREET,GLENALTA,PETHERICK STREET,GLENALTA,PETHERICK STREET|GLENALTA,No,Ambiguous,Ambiguous,Official candidate salvage,Reviewed resolution,Active,Yes,High,No,,"PETHERICK STREET, GLENALTA SA","3 PETHERICK STREET, GLENALTA, SOUTH AUSTRALIA, 5052",Reviewed street-only,100,-35.015072211265114,138.6340541098854,No,Lowest valid numbered address returned by the official SAGAF_PLUS street-only search; exact street and locality were already validated by the collector.,,
471,BLACKWOOD MAIN-333,BLACKWOOD MAIN,PINES OVAL ROAD,BELAIR NATIONAL PARK,PINES OVAL ROAD,BELAIR NATIONAL PARK,PINES OVAL ROAD|BELAIR NATIONAL PARK,No,Failed,Failed,Reviewed vicinity anchor,Reviewed resolution,Active,Yes,Moderate,Yes,QUEENS JUBILEE DRIVE|BELAIR NATIONAL PARK,"QUEENS JUBILEE DRIVE, BELAIR NATIONAL PARK SA","LOT 599 QUEENS JUBILEE DRIVE, BELAIR, SOUTH AUSTRALIA, 5052",Reviewed Directions route vicinity anchor,55,-35.0076162646897,138.6497405220847,No,Internal park road beyond Playford Lake; use the reviewed official park-road starting point.,,
472,BLACKWOOD MAIN-334,BLACKWOOD MAIN,PITT STREET,EDEN HILLS,PITT STREET,EDEN HILLS,PITT STREET|EDEN HILLS,No,Failed,Failed,Reviewed vicinity anchor,Reviewed resolution,Active,Yes,Moderate,Yes,SHAFTSBURY STREET|EDEN HILLS,"1 SHAFTSBURY STREET, EDEN HILLS SA","1 SHAFTSBURY STREET, EDEN HILLS, SOUTH AUSTRALIA, 5050",Reviewed Directions route vicinity anchor,100,-35.02867770388989,138.6042605643363,No,Directions place Pitt Street as the first right from Shaftsbury Street.,,
473,BLACKWOOD MAIN-335,BLACKWOOD MAIN,PLAYFORD AVENUE,BLACKWOOD,PLAYFORD AVENUE,BLACKWOOD,PLAYFORD AVENUE|BLACKWOOD,No,Ambiguous,Ambiguous,Official candidate salvage,Reviewed resolution,Active,Yes,High,No,,"PLAYFORD AVENUE, BLACKWOOD SA","3 PLAYFORD AVENUE, BLACKWOOD, SOUTH AUSTRALIA, 5051",Reviewed street-only,100,-35.01566172806024,138.61296634344126,No,Lowest valid numbered address returned by the official SAGAF_PLUS street-only search; exact street and locality were already validated by the collector.,,
475,BLACKWOOD MAIN-337,BLACKWOOD MAIN,PLYMOUTH AVENUE,BLACKWOOD/CORO VALLEY,PLYMOUTH AVENUE,BLACKWOOD/CORO VALLEY,PLYMOUTH AVENUE|BLACKWOOD CORO VALLEY,No,Failed,Failed,Reviewed vicinity anchor,Reviewed resolution,Active,Yes,Moderate,Yes,BORONIA AVENUE|COROMANDEL VALLEY,"1 BORONIA AVENUE, COROMANDEL VALLEY SA","1 BORONIA AVENUE, COROMANDEL VALLEY, SOUTH AUSTRALIA, 5051",Reviewed Directions route vicinity anchor,100,-35.0384349717624,138.62090952191232,No,Directions place Plymouth Avenue off Coromandel Parade in the Boronia Avenue/Coromandel Valley section.,,
476,CORO STREETS-77,CORO STREETS,PLYMOUTH AVENUE,COROMANDEL VALLEY,PLYMOUTH AVENUE,COROMANDEL VALLEY,PLYMOUTH AVENUE|COROMANDEL VALLEY,No,Ambiguous,Ambiguous,Official candidate salvage,Reviewed resolution,Active,Yes,High,No,,"PLYMOUTH AVENUE, COROMANDEL VALLEY SA","4 PLYMOUTH AVENUE, COROMANDEL VALLEY, SOUTH AUSTRALIA, 5051",Reviewed street-only,100,-35.03106761280436,138.6222210811551,No,Lowest valid numbered address returned by the official SAGAF_PLUS street-only search; exact street and locality were already validated by the collector.,,
477,BLACKWOOD MAIN-338,BLACKWOOD MAIN,POLE ROAD,IRONBANK · UPPER STURT,,,,No,Ambiguous,Ambiguous authoritative locality fields,Reviewed multi-locality vicinity anchor,Reviewed resolution,Active,Yes,Moderate,Yes,RANKEYS HILL ROAD|HAWTHORNDENE,"1 RANKEYS HILL ROAD, HAWTHORNDENE SA","1 RANKEYS HILL ROAD, HAWTHORNDENE, SOUTH AUSTRALIA, 5051",Reviewed Directions route vicinity anchor,100,-35.01678045803144,138.6385845304462,No,The Directions entry spans multiple locality fields. A reviewed official approach point (RANKEYS HILL ROAD|HAWTHORNDENE) was selected without merging it with other same-name street records.,,
481,BLACKWOOD MAIN-342,BLACKWOOD MAIN,PRITCHARD GROVE,PASADENA,PRITCHARD GROVE,PASADENA,PRITCHARD GROVE|PASADENA,No,Ambiguous,Ambiguous,Official candidate salvage,Reviewed resolution,Active,Yes,High,No,,"PRITCHARD GROVE, PASADENA SA","3 PRITCHARD GROVE, PASADENA, SOUTH AUSTRALIA, 5042",Reviewed street-only,100,-35.008813976392055,138.59262997076374,No,Lowest valid numbered address returned by the official SAGAF_PLUS street-only search; exact street and locality were already validated by the collector.,,
482,CORO STREETS-78,CORO STREETS,PRIVATE ROAD,Now WILDHEATH ROAD · COROMANDEL VALLEY,,,,No,Ambiguous,Ambiguous authoritative locality fields,Reviewed multi-locality vicinity anchor,Reviewed resolution,Active,Yes,Moderate,Yes,WILDHEATH ROAD|CORO EAST,"WILDHEATH ROAD, CORO EAST SA","10 WILDHEATH RISE, COROMANDEL EAST, SOUTH AUSTRALIA, 5157",Reviewed Directions route vicinity anchor,82.07,-35.03857888216895,138.63170636013822,No,The Directions entry spans multiple locality fields. A reviewed official approach point (WILDHEATH ROAD|CORO EAST) was selected without merging it with other same-name street records.,,
486,BLACKWOOD MAIN-345,BLACKWOOD MAIN,QUEENS JUBILEE DRIVE,BELAIR NATIONAL PARK,QUEENS JUBILEE DRIVE,BELAIR NATIONAL PARK,QUEENS JUBILEE DRIVE|BELAIR NATIONAL PARK,No,Failed,Failed,Secondary-assisted official correction,Reviewed resolution,Active,Yes,High,No,,"QUEENS JUBILEE DRIVE, BELAIR NATIONAL PARK SA","LOT 599 QUEENS JUBILEE DRIVE, BELAIR, SOUTH AUSTRALIA, 5052",Reviewed street-only,55,-35.0076162646897,138.6497405220847,No,"Reviewed spelling, street type or adjoining official locality; selected the lowest numbered matching official SAGAF_PLUS candidate for QUEENS JUBILEE DRIVE, BELAIR.",,
487,BLACKWOOD MAIN-346,BLACKWOOD MAIN,RAILWAY LANE,EDEN HILLS,RAILWAY LANE,EDEN HILLS,RAILWAY LANE|EDEN HILLS,No,Ambiguous,Ambiguous,Official candidate salvage,Reviewed resolution,Active,Yes,High,No,,"RAILWAY LANE, EDEN HILLS SA","49 RAILWAY LANE, EDEN HILLS, SOUTH AUSTRALIA, 5050",Reviewed street-only,100,-35.02081279560294,138.59462159117362,No,Lowest valid numbered address returned by the official SAGAF_PLUS street-only search; exact street and locality were already validated by the collector.,,
498,BLACKWOOD MAIN-356,BLACKWOOD MAIN,RENFREW DRIVE,HAWTHORNDENE,RENFREW DRIVE,HAWTHORNDENE,RENFREW DRIVE|HAWTHORNDENE,No,Ambiguous,Ambiguous,Official candidate salvage,Reviewed resolution,Active,Yes,High,No,,"RENFREW DRIVE, HAWTHORNDENE SA","3 RENFREW DRIVE, HAWTHORNDENE, SOUTH AUSTRALIA, 5051",Reviewed street-only,100,-35.02887017738789,138.63258814491599,No,Lowest valid numbered address returned by the official SAGAF_PLUS street-only search; exact street and locality were already validated by the collector.,,
503,BLACKWOOD PARK-42,BLACKWOOD PARK,RIDING WAY,CRAIGBURN FARM,RIDING WAY,CRAIGBURN FARM,RIDING WAY|CRAIGBURN FARM,No,Ambiguous,Ambiguous,Official candidate salvage,Reviewed resolution,Active,Yes,High,No,,"RIDING WAY, CRAIGBURN FARM SA","3 RIDING WAY, CRAIGBURN FARM, SOUTH AUSTRALIA, 5051",Reviewed street-only,100,-35.04065944596974,138.61065434893723,No,Lowest valid numbered address returned by the official SAGAF_PLUS street-only search; exact street and locality were already validated by the collector.,,
504,BLACKWOOD MAIN-359,BLACKWOOD MAIN,RING ROAD,BEDFORD PARK,RING ROAD,BEDFORD PARK,RING ROAD|BEDFORD PARK,No,Failed,Failed,Reviewed vicinity anchor,Reviewed resolution,Active,Yes,Moderate,Yes,UNIVERSITY WAY|BELLEVUE HEIGHTS,"2 UNIVERSITY WAY, BELLEVUE HEIGHTS SA","2 UNIVERSITY WAY, BELLEVUE HEIGHTS, SOUTH AUSTRALIA, 5050",Reviewed Directions route vicinity anchor,100,-35.030199703195606,138.58586244603407,No,Ring Road is an internal Bedford Park/Flinders access road; use the official University Way approach point.,,
505,CORO STREETS-82,CORO STREETS,RIVER GLEN PLACE,COROMANDEL VALLEY,RIVER GLEN PLACE,COROMANDEL VALLEY,RIVER GLEN PLACE|COROMANDEL VALLEY,No,Failed,Failed,Secondary-assisted official correction,Reviewed resolution,Active,Yes,High,No,,"1 RIVER GLEN PLACE, COROMANDEL VALLEY SA","1 RIVER GLEN PLACE, FLAGSTAFF HILL, SOUTH AUSTRALIA, 5159",Reviewed No. 1,55,-35.05010612352112,138.6111915670185,No,"Reviewed spelling, street type or adjoining official locality; selected the lowest numbered matching official SAGAF_PLUS candidate for RIVER GLEN PLACE, FLAGSTAFF HILL.",,
507,BLACKWOOD PARK-43,BLACKWOOD PARK,ROGERSON CIRCUIT,CRAIGBURN FARM,ROGERSON CIRCUIT,CRAIGBURN FARM,ROGERSON CIRCUIT|CRAIGBURN FARM,No,Ambiguous,Ambiguous,Official candidate salvage,Reviewed resolution,Active,Yes,High,No,,"ROGERSON CIRCUIT, CRAIGBURN FARM SA","13 ROGERSON CIRCUIT, CRAIGBURN FARM, SOUTH AUSTRALIA, 5051",Reviewed street-only,100,-35.03487421204965,138.6057807847742,No,Lowest valid numbered address returned by the official SAGAF_PLUS street-only search; exact street and locality were already validated by the collector.,,
518,BLACKWOOD MAIN-368,BLACKWOOD MAIN,SADDLE HILL ROAD,BELAIR NATIONAL PARK,SADDLE HILL ROAD,BELAIR NATIONAL PARK,SADDLE HILL ROAD|BELAIR NATIONAL PARK,No,Failed,Failed,Secondary-assisted official correction,Reviewed resolution,Active,Yes,High,No,,"SADDLE HILL ROAD, BELAIR NATIONAL PARK SA","LOT 2 SADDLE HILL ROAD, BELAIR, SOUTH AUSTRALIA, 5052",Reviewed street-only,55,-35.01497508508222,138.67796226002918,No,"Reviewed spelling, street type or adjoining official locality; selected the lowest numbered matching official SAGAF_PLUS candidate for SADDLE HILL ROAD, BELAIR.",,
519,BLACKWOOD MAIN-373,BLACKWOOD MAIN,SANDFORD AVENUE,BLACKWOOD,SANDFORD AVENUE,BLACKWOOD,SANDFORD AVENUE|BLACKWOOD,No,Ambiguous,Ambiguous,Official candidate salvage,Reviewed resolution,Active,Yes,High,No,,"SANDFORD AVENUE, BLACKWOOD SA","4 SANDFORD AVENUE, BLACKWOOD, SOUTH AUSTRALIA, 5051",Reviewed street-only,100,-35.02462704397987,138.6194316385285,No,Lowest valid numbered address returned by the official SAGAF_PLUS street-only search; exact street and locality were already validated by the collector.,,
523,CORO EAST & CHERRY-22,CORO EAST & CHERRY,SCENIC ROAD,DORSET VALE,SCENIC ROAD,DORSET VALE,SCENIC ROAD|DORSET VALE,No,Ambiguous,Ambiguous,Official candidate salvage,Reviewed resolution,Active,Yes,High,No,,"SCENIC ROAD, DORSET VALE SA","LOT 99 SCENIC ROAD EAST, DORSET VALE, SOUTH AUSTRALIA, 5157",Reviewed street-only,100,-35.10198342360552,138.69826732463306,No,Lowest valid numbered address returned by the official SAGAF_PLUS street-only search; exact street and locality were already validated by the collector.,,
525,CORO EAST & CHERRY-23,CORO EAST & CHERRY,SCOTT CREEK ROAD,CHERRY GARDENS · SCOTT CREEK,,,,No,Ambiguous,Ambiguous authoritative locality fields,Reviewed multi-locality vicinity anchor,Reviewed resolution,Active,Yes,Moderate,Yes,CHERRY GARDENS ROAD|CHERRY GARDENS,"CHERRY GARDENS ROAD, CHERRY GARDENS SA","11 CHERRY GARDENS ROAD, CHERRY GARDENS, SOUTH AUSTRALIA, 5157",Reviewed Directions route vicinity anchor,100,-35.07102578695614,138.62775175909036,No,The Directions entry spans multiple locality fields. A reviewed official approach point (CHERRY GARDENS ROAD|CHERRY GARDENS) was selected without merging it with other same-name street records.,,
526,CORO EAST & CHERRY-24,CORO EAST & CHERRY,SCOTT CREEK ROAD,IRONBANK · LONGWOOD · HEALTHFIELD,,,,No,Ambiguous,Ambiguous authoritative locality fields,Reviewed multi-locality vicinity anchor,Reviewed resolution,Active,Yes,Moderate,Yes,ACKLAND HILL ROAD|COROMANDEL VALLEY,"2 ACKLAND HILL ROAD, COROMANDEL VALLEY SA","2 ACKLAND HILL ROAD, COROMANDEL VALLEY, SOUTH AUSTRALIA, 5051",Reviewed Directions route vicinity anchor,100,-35.0385029245131,138.63010146559213,No,The Directions entry spans multiple locality fields. A reviewed official approach point (ACKLAND HILL ROAD|COROMANDEL VALLEY) was selected without merging it with other same-name street records.,,
535,CORO STREETS-89,CORO STREETS,SHANNON CRESCENT,COROMANDEL VALLEY,SHANNON CRESCENT,COROMANDEL VALLEY,SHANNON CRESCENT|COROMANDEL VALLEY,No,Ambiguous,Ambiguous,Official candidate salvage,Reviewed resolution,Active,Yes,High,No,,"SHANNON CRESCENT, COROMANDEL VALLEY SA","3 SHANNON CRESCENT, COROMANDEL VALLEY, SOUTH AUSTRALIA, 5051",Reviewed street-only,100,-35.05453959578573,138.61798648631253,No,Lowest valid numbered address returned by the official SAGAF_PLUS street-only search; exact street and locality were already validated by the collector.,,
539,CORO STREETS-90,CORO STREETS,SHEPHERDS COURT,COROMANDEL VALLEY,SHEPHERDS COURT,COROMANDEL VALLEY,SHEPHERDS COURT|COROMANDEL VALLEY,No,Failed,Failed,Secondary-assisted official correction,Reviewed resolution,Active,Yes,High,No,,"1 SHEPHERDS COURT, COROMANDEL VALLEY SA","1 SHEPHERD COURT, COROMANDEL VALLEY, SOUTH AUSTRALIA, 5051",Reviewed No. 1,89.24,-35.044074338521355,138.62231785156442,No,"Reviewed spelling, street type or adjoining official locality; selected the lowest numbered matching official SAGAF_PLUS candidate for SHEPHERD COURT, COROMANDEL VALLEY.",,
540,BLACKWOOD MAIN-385,BLACKWOOD MAIN,SHEPHERDS HILL ROAD,BLACKWOOD · EDEN HILLS,,,,No,Ambiguous,Ambiguous authoritative locality fields,Reviewed multi-locality vicinity anchor,Reviewed resolution,Active,Yes,Moderate,Yes,GULFVIEW ROAD|BLACKWOOD,"2 GULFVIEW ROAD, BLACKWOOD SA","2 GULFVIEW ROAD, BLACKWOOD, SOUTH AUSTRALIA, 5051",Reviewed Directions route vicinity anchor,100,-35.014752726604875,138.6171674955688,No,The Directions entry spans multiple locality fields. A reviewed official approach point (GULFVIEW ROAD|BLACKWOOD) was selected without merging it with other same-name street records.,,
542,BLACKWOOD MAIN-387,BLACKWOOD MAIN,SHERWOOD AVENUE,BELLEVUE HEIGHTS,SHERWOOD AVENUE,BELLEVUE HEIGHTS,SHERWOOD AVENUE|BELLEVUE HEIGHTS,No,Ambiguous,Ambiguous,Official candidate salvage,Reviewed resolution,Active,Yes,High,No,,"SHERWOOD AVENUE, BELLEVUE HEIGHTS SA","4 SHERWOOD AVENUE, BELLEVUE HEIGHTS, SOUTH AUSTRALIA, 5050",Reviewed street-only,100,-35.02143041850961,138.57786768039628,No,Lowest valid numbered address returned by the official SAGAF_PLUS street-only search; exact street and locality were already validated by the collector.,,
547,BLACKWOOD MAIN-391,BLACKWOOD MAIN,SIMLA PARADE,BLACKWOOD,SIMLA PARADE,BLACKWOOD,SIMLA PARADE|BLACKWOOD,No,Ambiguous,Ambiguous,Official candidate salvage,Reviewed resolution,Active,Yes,High,No,,"SIMLA PARADE, BLACKWOOD SA","26 SIMLA PARADE, BLACKWOOD, SOUTH AUSTRALIA, 5051",Reviewed street-only,100,-35.02732736532871,138.61647480444017,No,Lowest valid numbered address returned by the official SAGAF_PLUS street-only search; exact street and locality were already validated by the collector.,,
548,BLACKWOOD MAIN-392,BLACKWOOD MAIN,SIR EDWIN AVENUE,BELAIR NATIONAL PARK,SIR EDWIN AVENUE,BELAIR NATIONAL PARK,SIR EDWIN AVENUE|BELAIR NATIONAL PARK,No,Failed,Failed,Secondary-assisted official correction,Reviewed resolution,Active,Yes,High,No,,"SIR EDWIN AVENUE, BELAIR NATIONAL PARK SA","LOT 675 SIR EDWIN AVENUE, BELAIR, SOUTH AUSTRALIA, 5052",Reviewed street-only,55,-34.9980080659404,138.63597244094115,No,"Reviewed spelling, street type or adjoining official locality; selected the lowest numbered matching official SAGAF_PLUS candidate for SIR EDWIN AVENUE, BELAIR.",,
550,CORO EAST & CHERRY-25,CORO EAST & CHERRY,SLACK ROAD,CHANDLERS HILL,SLACK ROAD,CHANDLERS HILL,SLACK ROAD|CHANDLERS HILL,No,Ambiguous,Ambiguous,Official candidate salvage,Reviewed resolution,Active,Yes,High,No,,"SLACK ROAD, CHANDLERS HILL SA","31 SLACK ROAD, CHANDLERS HILL, SOUTH AUSTRALIA, 5159",Reviewed street-only,100,-35.086883682013,138.62250303170435,No,Lowest valid numbered address returned by the official SAGAF_PLUS street-only search; exact street and locality were already validated by the collector.,,
559,BLACKWOOD MAIN-399,BLACKWOOD MAIN,SPRINGWOOD COURT,EDEN HILLS,SPRINGWOOD COURT,EDEN HILLS,SPRINGWOOD COURT|EDEN HILLS,No,Failed,Failed,Secondary-assisted official correction,Reviewed resolution,Active,Yes,High,No,,"1 SPRINGWOOD COURT, EDEN HILLS SA","1 SPRINGWOOD CLOSE, EDEN HILLS, SOUTH AUSTRALIA, 5050",Reviewed No. 1,89.24,-35.01550803388072,138.5815712831949,No,"Reviewed spelling, street type or adjoining official locality; selected the lowest numbered matching official SAGAF_PLUS candidate for SPRINGWOOD CLOSE, EDEN HILLS.",,
564,CORO EAST & CHERRY-26,CORO EAST & CHERRY,STAR & ARROW ROAD,CORO EAST · CHERRY GARDENS,,,,No,Ambiguous,Ambiguous authoritative locality fields,Reviewed multi-locality vicinity anchor,Reviewed resolution,Active,Yes,Moderate,Yes,ACKLAND HILL ROAD|COROMANDEL VALLEY,"2 ACKLAND HILL ROAD, COROMANDEL VALLEY SA","2 ACKLAND HILL ROAD, COROMANDEL VALLEY, SOUTH AUSTRALIA, 5051",Reviewed Directions route vicinity anchor,100,-35.0385029245131,138.63010146559213,No,The Directions entry spans multiple locality fields. A reviewed official approach point (ACKLAND HILL ROAD|COROMANDEL VALLEY) was selected without merging it with other same-name street records.,,
567,BLACKWOOD MAIN-401,BLACKWOOD MAIN,STATION ROAD,BLACKWOOD,STATION ROAD,BLACKWOOD,STATION ROAD|BLACKWOOD,No,Ambiguous,Ambiguous,Official candidate salvage,Reviewed resolution,Active,Yes,High,No,,"STATION ROAD, BLACKWOOD SA","4 STATION ROAD, BLACKWOOD, SOUTH AUSTRALIA, 5051",Reviewed street-only,100,-35.02117266056266,138.618233215279,No,Lowest valid numbered address returned by the official SAGAF_PLUS street-only search; exact street and locality were already validated by the collector.,,
568,CORO STREETS-94,CORO STREETS,STIRLING AVENUE,COROMANDEL VALLEY,STIRLING AVENUE,COROMANDEL VALLEY,STIRLING AVENUE|COROMANDEL VALLEY,No,Failed,Failed,Reviewed vicinity anchor,Reviewed resolution,Active,Yes,Moderate,Yes,LOTUS DRIVE|ABERFOYLE PARK,"1 LOTUS DRIVE, ABERFOYLE PARK SA","1 LOTUS DRIVE, ABERFOYLE PARK, SOUTH AUSTRALIA, 5159",Reviewed Directions route vicinity anchor,100,-35.058782373420165,138.61537759876956,No,Directions place Stirling Avenue as the first right from Lotus Drive.,,
569,BLACKWOOD MAIN-402,BLACKWOOD MAIN,STIRLING ROAD,BLACKWOOD,STIRLING ROAD,BLACKWOOD,STIRLING ROAD|BLACKWOOD,No,Ambiguous,Ambiguous,Official candidate salvage,Reviewed resolution,Active,Yes,High,No,,"1 STIRLING ROAD, BLACKWOOD SA","1 STIRLING ROAD, BLACKWOOD, SOUTH AUSTRALIA, 5051",Reviewed No. 1,100,-35.014300894178916,138.62052831053876,No,Lowest valid numbered address returned by the official SAGAF_PLUS street-only search; exact street and locality were already validated by the collector.,,
571,CORO EAST & CHERRY-27,CORO EAST & CHERRY,STURT CLOSE,IRON BANK,STURT CLOSE,IRON BANK,STURT CLOSE|IRON BANK,No,Failed,Failed,Reviewed vicinity anchor,Reviewed resolution,Active,Yes,Moderate,Yes,ACKLAND HILL ROAD|COROMANDEL VALLEY,"2 ACKLAND HILL ROAD, COROMANDEL VALLEY SA","2 ACKLAND HILL ROAD, COROMANDEL VALLEY, SOUTH AUSTRALIA, 5051",Reviewed Directions route vicinity anchor,100,-35.0385029245131,138.63010146559213,No,Directions place Sturt Close as the fourth left from Ackland Hill Road before the golf course.,,
572,BLACKWOOD MAIN-404,BLACKWOOD MAIN,STURTBRAE CRESCENT,BELLEVUE HEIGHTS,STURTBRAE CRESCENT,BELLEVUE HEIGHTS,STURTBRAE CRESCENT|BELLEVUE HEIGHTS,No,Ambiguous,Ambiguous,Official candidate salvage,Reviewed resolution,Active,Yes,High,No,,"STURTBRAE CRESCENT, BELLEVUE HEIGHTS SA","3 STURTBRAE CRESCENT, BELLEVUE HEIGHTS, SOUTH AUSTRALIA, 5050",Reviewed street-only,100,-35.019243478413266,138.57868222397047,No,Lowest valid numbered address returned by the official SAGAF_PLUS street-only search; exact street and locality were already validated by the collector.,,
574,BLACKWOOD PARK-47,BLACKWOOD PARK,SUN DEW AVENUE,CRAIGBURN FARM,SUN DEW AVENUE,CRAIGBURN FARM,SUN DEW AVENUE|CRAIGBURN FARM,No,Ambiguous,Ambiguous,Official candidate salvage,Reviewed resolution,Active,Yes,High,No,,"SUN DEW AVENUE, CRAIGBURN FARM SA","3 SUN DEW AVENUE, CRAIGBURN FARM, SOUTH AUSTRALIA, 5051",Reviewed street-only,100,-35.03312131570109,138.6165194540224,No,Lowest valid numbered address returned by the official SAGAF_PLUS street-only search; exact street and locality were already validated by the collector.,,
575,BLACKWOOD MAIN-406,BLACKWOOD MAIN,SUNVALLEY DRIVE,GLENALTA,SUNVALLEY DRIVE,GLENALTA,SUNVALLEY DRIVE|GLENALTA,No,Failed,Failed,Secondary-assisted official correction,Reviewed resolution,Active,Yes,High,No,,"2 SUNVALLEY DRIVE, GLENALTA SA","2 SUN VALLEY DRIVE, GLENALTA, SOUTH AUSTRALIA, 5052",Reviewed No. 2,99.02,-35.00638599970626,138.62928549892368,No,"Reviewed spelling, street type or adjoining official locality; selected the lowest numbered matching official SAGAF_PLUS candidate for SUN VALLEY DRIVE, GLENALTA.",,
581,BLACKWOOD MAIN-410,BLACKWOOD MAIN,TACOMA BOULEVARD,PASADENA,TACOMA BOULEVARD,PASADENA,TACOMA BOULEVARD|PASADENA,No,Ambiguous,Ambiguous,Official candidate salvage,Reviewed resolution,Active,Yes,High,No,,"TACOMA BOULEVARD, PASADENA SA","3 TACOMA BOULEVARD, PASADENA, SOUTH AUSTRALIA, 5042",Reviewed street-only,100,-35.01111583134947,138.58695538242193,No,Lowest valid numbered address returned by the official SAGAF_PLUS street-only search; exact street and locality were already validated by the collector.,,
587,BLACKWOOD PARK-50,BLACKWOOD PARK,THE FARM LANE,CRAIGBURN FARM,THE FARM LANE,CRAIGBURN FARM,THE FARM LANE|CRAIGBURN FARM,No,Ambiguous,Ambiguous,Official candidate salvage,Reviewed resolution,Active,Yes,High,No,,"2 THE FARM LANE, CRAIGBURN FARM SA","2 THE FARM LANE, CRAIGBURN FARM, SOUTH AUSTRALIA, 5051",Reviewed No. 2,100,-35.04101646474096,138.61711003813824,No,Lowest valid numbered address returned by the official SAGAF_PLUS street-only search; exact street and locality were already validated by the collector.,,
588,BLACKWOOD MAIN-415,BLACKWOOD MAIN,THE KNOLL CRESCENT,COROMANDEL VALLEY,THE KNOLL CRESCENT,COROMANDEL VALLEY,THE KNOLL CRESCENT|COROMANDEL VALLEY,Yes,Ambiguous,Ambiguous,Official candidate salvage,Reviewed resolution,Active,Yes,High,No,,"THE KNOLL CRESCENT, COROMANDEL VALLEY SA","14 THE KNOLL CRESCENT, COROMANDEL VALLEY, SOUTH AUSTRALIA, 5051",Reviewed street-only,100,-35.030931707303004,138.6270220675111,No,Lowest valid numbered address returned by the official SAGAF_PLUS street-only search; exact street and locality were already validated by the collector.,,
589,CORO STREETS-96,CORO STREETS,THE KNOLL CRESCENT,COROMANDEL VALLEY,THE KNOLL CRESCENT,COROMANDEL VALLEY,THE KNOLL CRESCENT|COROMANDEL VALLEY,Yes,Ambiguous,Ambiguous,Official candidate salvage,Reviewed resolution,Active,Yes,High,No,,"THE KNOLL CRESCENT, COROMANDEL VALLEY SA","14 THE KNOLL CRESCENT, COROMANDEL VALLEY, SOUTH AUSTRALIA, 5051",Reviewed street-only,100,-35.030931707303004,138.6270220675111,No,Lowest valid numbered address returned by the official SAGAF_PLUS street-only search; exact street and locality were already validated by the collector.,,
592,BLACKWOOD MAIN-418,BLACKWOOD MAIN,THE RIVIERA,PASADENA,THE RIVIERA,PASADENA,THE RIVIERA|PASADENA,No,Failed,Failed,Reviewed vicinity anchor,Reviewed resolution,Active,Yes,Moderate,Yes,GULFVIEW ROAD|BLACKWOOD,"2 GULFVIEW ROAD, BLACKWOOD SA","2 GULFVIEW ROAD, BLACKWOOD, SOUTH AUSTRALIA, 5051",Reviewed Directions route vicinity anchor,100,-35.014752726604875,138.6171674955688,No,Directions reach The Riviera from the Gulfview/Grevillea/Gloucester extension; use the official Gulfview Road approach point.,,
593,BLACKWOOD MAIN-419,BLACKWOOD MAIN,THE VALLEY ROAD,BELAIR NATIONAL PARK,THE VALLEY ROAD,BELAIR NATIONAL PARK,THE VALLEY ROAD|BELAIR NATIONAL PARK,No,Failed,Failed,Reviewed vicinity anchor,Reviewed resolution,Active,Yes,Moderate,Yes,QUEENS JUBILEE DRIVE|BELAIR NATIONAL PARK,"QUEENS JUBILEE DRIVE, BELAIR NATIONAL PARK SA","LOT 599 QUEENS JUBILEE DRIVE, BELAIR, SOUTH AUSTRALIA, 5052",Reviewed Directions route vicinity anchor,55,-35.0076162646897,138.6497405220847,No,Internal park road leading toward Long Gully; use the reviewed official park-road starting point.,,
595,CORO STREETS-98,CORO STREETS,THOMAS COURT,COROMANDEL VALLEY,THOMAS COURT,COROMANDEL VALLEY,THOMAS COURT|COROMANDEL VALLEY,No,Failed,Failed,Secondary-assisted official correction,Reviewed resolution,Active,Yes,High,No,,"1 THOMAS COURT, COROMANDEL VALLEY SA","1 THOMAS COURT, CHANDLERS HILL, SOUTH AUSTRALIA, 5159",Reviewed No. 1,55,-35.05992422867301,138.61878235177466,No,"Reviewed spelling, street type or adjoining official locality; selected the lowest numbered matching official SAGAF_PLUS candidate for THOMAS COURT, CHANDLERS HILL.",,
596,CORO EAST & CHERRY-28,CORO EAST & CHERRY,THORLEY ROAD,CLARENDON,THORLEY ROAD,CLARENDON,THORLEY ROAD|CLARENDON,No,Ambiguous,Ambiguous,Official candidate salvage,Reviewed resolution,Active,Yes,High,No,,"THORLEY ROAD, CLARENDON SA","228 THORLEY ROAD, CLARENDON, SOUTH AUSTRALIA, 5157",Reviewed street-only,100,-35.08962331634063,138.660969269417,No,Lowest valid numbered address returned by the official SAGAF_PLUS street-only search; exact street and locality were already validated by the collector.,,
600,BLACKWOOD MAIN-421,BLACKWOOD MAIN,TILLEYS HILL ROAD,BROWNHILL CREEK · MITCHAM,,,,No,Ambiguous,Ambiguous authoritative locality fields,Reviewed multi-locality vicinity anchor,Reviewed resolution,Active,Yes,Moderate,Yes,JAMES ROAD|BELAIR,"2 JAMES ROAD, BELAIR SA","2 JAMES ROAD, BELAIR, SOUTH AUSTRALIA, 5052",Reviewed Directions route vicinity anchor,100,-34.99664545319125,138.6307084152919,No,The Directions entry spans multiple locality fields. A reviewed official approach point (JAMES ROAD|BELAIR) was selected without merging it with other same-name street records.,,
601,BLACKWOOD MAIN-422,BLACKWOOD MAIN,TIPARRA STREET,EDEN HILLS,TIPARRA STREET,EDEN HILLS,TIPARRA STREET|EDEN HILLS,No,Ambiguous,Ambiguous,Official candidate salvage,Reviewed resolution,Active,Yes,High,No,,"TIPARRA STREET, EDEN HILLS SA","1A TIPARRA STREET, EDEN HILLS, SOUTH AUSTRALIA, 5050",Reviewed street-only,100,-35.02758298863426,138.59771575385753,No,Lowest valid numbered address returned by the official SAGAF_PLUS street-only search; exact street and locality were already validated by the collector.,,
609,CORO STREETS-101,CORO STREETS,TURNERS AVENUE,COROMANDEL VALLEY,TURNERS AVENUE,COROMANDEL VALLEY,TURNERS AVENUE|COROMANDEL VALLEY,No,Ambiguous,Ambiguous,Official candidate salvage,Reviewed resolution,Active,Yes,High,No,,"TURNERS AVENUE, COROMANDEL VALLEY SA","14 TURNERS AVENUE, COROMANDEL VALLEY, SOUTH AUSTRALIA, 5051",Reviewed street-only,100,-35.03085628330749,138.62742498107204,No,Lowest valid numbered address returned by the official SAGAF_PLUS street-only search; exact street and locality were already validated by the collector.,,
613,BLACKWOOD MAIN-432,BLACKWOOD MAIN,UPPER STURT ROAD,GLENALTA,UPPER STURT ROAD,GLENALTA,UPPER STURT ROAD|GLENALTA,No,Ambiguous,Ambiguous,Official candidate salvage,Reviewed resolution,Active,Yes,High,No,,"UPPER STURT ROAD, GLENALTA SA","70 UPPER STURT ROAD, GLENALTA, SOUTH AUSTRALIA, 5052",Reviewed street-only,100,-35.00628833986301,138.6326722853638,No,Lowest valid numbered address returned by the official SAGAF_PLUS street-only search; exact street and locality were already validated by the collector.,,
614,BLACKWOOD MAIN-433,BLACKWOOD MAIN,UPPER STURT ROAD HAWTHORNDENE,,UPPER STURT ROAD,HAWTHORNDENE,UPPER STURT ROAD|HAWTHORNDENE,No,Failed,Failed,Reviewed vicinity anchor,Reviewed resolution,Active,Yes,Moderate,Yes,RANKEYS HILL ROAD|HAWTHORNDENE,"1 RANKEYS HILL ROAD, HAWTHORNDENE SA","1 RANKEYS HILL ROAD, HAWTHORNDENE, SOUTH AUSTRALIA, 5051",Reviewed Directions route vicinity anchor,100,-35.01678045803144,138.6385845304462,No,The explicit 192 Upper Sturt Road lookup did not return an exact official candidate; Rankeys Hill Road is the final confirmed approach in the Directions entry and is close to the requested section.,,
620,BLACKWOOD PARK-53,BLACKWOOD PARK,VERDELHO AVENUE,CRAIGBURN FARM,VERDELHO AVENUE,CRAIGBURN FARM,VERDELHO AVENUE|CRAIGBURN FARM,No,Failed,Failed,Secondary-assisted official correction,Reviewed resolution,Active,Yes,High,No,,"1 VERDELHO AVENUE, CRAIGBURN FARM SA","1 VERDELHO STREET, CRAIGBURN FARM, SOUTH AUSTRALIA, 5051",Reviewed No. 1,89.24,-35.03411356817037,138.61519633213882,No,"Reviewed spelling, street type or adjoining official locality; selected the lowest numbered matching official SAGAF_PLUS candidate for VERDELHO STREET, CRAIGBURN FARM.",,
622,CORO EAST & CHERRY-29,CORO EAST & CHERRY,VICKS ROAD,CHERRY GARDENS · IRON BANK,,,,No,Ambiguous,Ambiguous authoritative locality fields,Reviewed multi-locality vicinity anchor,Reviewed resolution,Active,Yes,Moderate,Yes,CHERRY GARDENS ROAD|CHERRY GARDENS,"CHERRY GARDENS ROAD, CHERRY GARDENS SA","11 CHERRY GARDENS ROAD, CHERRY GARDENS, SOUTH AUSTRALIA, 5157",Reviewed Directions route vicinity anchor,100,-35.07102578695614,138.62775175909036,No,The Directions entry spans multiple locality fields. A reviewed official approach point (CHERRY GARDENS ROAD|CHERRY GARDENS) was selected without merging it with other same-name street records.,,
624,BLACKWOOD MAIN-439,BLACKWOOD MAIN,VINE STREET,HAWTHORNDENE,VINE STREET,HAWTHORNDENE,VINE STREET|HAWTHORNDENE,No,Failed,Failed,Reviewed vicinity anchor,Reviewed resolution,Active,Yes,Moderate,Yes,HAWTHORNDENE DRIVE|HAWTHORNDENE,"HAWTHORNDENE DRIVE, HAWTHORNDENE SA","8 HAWTHORNDENE DRIVE, HAWTHORNDENE, SOUTH AUSTRALIA, 5051",Reviewed Directions route vicinity anchor,100,-35.01740448486227,138.6215732174955,No,Directions place Vine Street as the second right from Hawthorndene Drive.,,
626,BLACKWOOD MAIN-441,BLACKWOOD MAIN,WAITE STREET,BLACKWOOD,WAITE STREET,BLACKWOOD,WAITE STREET|BLACKWOOD,No,Ambiguous,Ambiguous,Official candidate salvage,Reviewed resolution,Active,Yes,High,No,,"WAITE STREET, BLACKWOOD SA","17A WAITE STREET, BLACKWOOD, SOUTH AUSTRALIA, 5051",Reviewed street-only,100,-35.019140126192994,138.6139326244404,No,Lowest valid numbered address returned by the official SAGAF_PLUS street-only search; exact street and locality were already validated by the collector.,,
631,BLACKWOOD MAIN-444,BLACKWOOD MAIN,WATAHAUNA AVENUE,HAWTHORNDENE,WATAHAUNA AVENUE,HAWTHORNDENE,WATAHAUNA AVENUE|HAWTHORNDENE,No,Failed,Failed,Secondary-assisted official correction,Reviewed resolution,Active,Yes,High,No,,"WATAHAUNA AVENUE, HAWTHORNDENE SA","LOT 2 WATAHUNA AVENUE, HAWTHORNDENE, SOUTH AUSTRALIA, 5051",Reviewed street-only,98.21,-35.02028215933262,138.6232672333193,No,"Reviewed spelling, street type or adjoining official locality; selected the lowest numbered matching official SAGAF_PLUS candidate for WATAHUNA AVENUE, HAWTHORNDENE.",,
642,CORO EAST & CHERRY-31,CORO EAST & CHERRY,WEYMOUTH ROAD,CHERRY GARDENS,WEYMOUTH ROAD,CHERRY GARDENS,WEYMOUTH ROAD|CHERRY GARDENS,No,Ambiguous,Ambiguous,Official candidate salvage,Reviewed resolution,Active,Yes,High,No,,"WEYMOUTH ROAD, CHERRY GARDENS SA","206 WEYMOUTH ROAD, CHERRY GARDENS, SOUTH AUSTRALIA, 5157",Reviewed street-only,100,-35.06110984407421,138.65010341111972,No,Lowest valid numbered address returned by the official SAGAF_PLUS street-only search; exact street and locality were already validated by the collector.,,
643,CORO EAST & CHERRY-30,CORO EAST & CHERRY,WEYMOUTH ROAD,CORO EAST,WEYMOUTH ROAD,CORO EAST,WEYMOUTH ROAD|CORO EAST,No,Failed,Failed,Secondary-assisted official correction,Reviewed resolution,Active,Yes,High,No,,"WEYMOUTH ROAD, CORO EAST SA","LOT 2 WEYMOUTH ROAD, COROMANDEL EAST, SOUTH AUSTRALIA, 5157",Reviewed street-only,100,-35.05836594046381,138.6317664858705,No,"Reviewed spelling, street type or adjoining official locality; selected the lowest numbered matching official SAGAF_PLUS candidate for WEYMOUTH ROAD, COROMANDEL EAST.",,
644,CORO EAST & CHERRY-32,CORO EAST & CHERRY,WILDHEATH ROAD,CORO EAST,WILDHEATH ROAD,CORO EAST,WILDHEATH ROAD|CORO EAST,No,Failed,Failed,Secondary-assisted official correction,Reviewed resolution,Active,Yes,High,No,,"WILDHEATH ROAD, CORO EAST SA","10 WILDHEATH RISE, COROMANDEL EAST, SOUTH AUSTRALIA, 5157",Reviewed street-only,82.07,-35.03857888216895,138.63170636013822,No,"Reviewed spelling, street type or adjoining official locality; selected the lowest numbered matching official SAGAF_PLUS candidate for WILDHEATH RISE, COROMANDEL EAST.",,
645,CORO STREETS-105,CORO STREETS,WILDHEATH ROAD,Formerly PRIVATE ROAD · COROMANDEL VALLEY,,,,No,Ambiguous,Ambiguous authoritative locality fields,Reviewed multi-locality vicinity anchor,Reviewed resolution,Active,Yes,Moderate,Yes,WILDHEATH ROAD|CORO EAST,"WILDHEATH ROAD, CORO EAST SA","10 WILDHEATH RISE, COROMANDEL EAST, SOUTH AUSTRALIA, 5157",Reviewed Directions route vicinity anchor,82.07,-35.03857888216895,138.63170636013822,No,The Directions entry spans multiple locality fields. A reviewed official approach point (WILDHEATH ROAD|CORO EAST) was selected without merging it with other same-name street records.,,
646,BLACKWOOD PARK-58,BLACKWOOD PARK,WILLIAM RUFUS PLACE,CRAIGBURN FARM,WILLIAM RUFUS PLACE,CRAIGBURN FARM,WILLIAM RUFUS PLACE|CRAIGBURN FARM,No,Ambiguous,Ambiguous,Official candidate salvage,Reviewed resolution,Active,Yes,High,No,,"WILLIAM RUFUS PLACE, CRAIGBURN FARM SA","3 WILLIAM RUFUS PLACE, CRAIGBURN FARM, SOUTH AUSTRALIA, 5051",Reviewed street-only,100,-35.04498333997672,138.61178179536074,No,Lowest valid numbered address returned by the official SAGAF_PLUS street-only search; exact street and locality were already validated by the collector.,,
652,BLACKWOOD MAIN-456,BLACKWOOD MAIN,WILPENA COURT,EDEN HILLS,WILPENA COURT,EDEN HILLS,WILPENA COURT|EDEN HILLS,No,Failed,Failed,Secondary-assisted official correction,Reviewed resolution,Active,Yes,High,No,,"1 WILPENA COURT, EDEN HILLS SA","1 WILPENA CLOSE, EDEN HILLS, SOUTH AUSTRALIA, 5050",Reviewed No. 1,89.24,-35.0218297743349,138.6063274308549,No,"Reviewed spelling, street type or adjoining official locality; selected the lowest numbered matching official SAGAF_PLUS candidate for WILPENA CLOSE, EDEN HILLS.",,
655,BLACKWOOD MAIN-458,BLACKWOOD MAIN,WINDARA COURT,BELAIR,WINDARA COURT,BELAIR,WINDARA COURT|BELAIR,No,Failed,Failed,Secondary-assisted official correction,Reviewed resolution,Active,Yes,High,No,,"1 WINDARA COURT, BELAIR SA","1 WINDARRA COURT, BELAIR, SOUTH AUSTRALIA, 5052",Reviewed No. 1,98.8,-35.00849395807144,138.60591170944565,No,"Reviewed spelling, street type or adjoining official locality; selected the lowest numbered matching official SAGAF_PLUS candidate for WINDARRA COURT, BELAIR.",,
657,BLACKWOOD MAIN-460,BLACKWOOD MAIN,WINNS ROAD,COROMANDEL VALLEY,WINNS ROAD,COROMANDEL VALLEY,WINNS ROAD|COROMANDEL VALLEY,Yes,Ambiguous,Ambiguous,Official candidate salvage,Reviewed resolution,Active,Yes,High,No,,"WINNS ROAD, COROMANDEL VALLEY SA","14 WINNS ROAD, COROMANDEL VALLEY, SOUTH AUSTRALIA, 5051",Reviewed street-only,100,-35.03160127314998,138.62152198610232,No,Lowest valid numbered address returned by the official SAGAF_PLUS street-only search; exact street and locality were already validated by the collector.,,
658,CORO STREETS-106,CORO STREETS,WINNS ROAD,COROMANDEL VALLEY,WINNS ROAD,COROMANDEL VALLEY,WINNS ROAD|COROMANDEL VALLEY,Yes,Ambiguous,Ambiguous,Official candidate salvage,Reviewed resolution,Active,Yes,High,No,,"WINNS ROAD, COROMANDEL VALLEY SA","14 WINNS ROAD, COROMANDEL VALLEY, SOUTH AUSTRALIA, 5051",Reviewed street-only,100,-35.03160127314998,138.62152198610232,No,Lowest valid numbered address returned by the official SAGAF_PLUS street-only search; exact street and locality were already validated by the collector.,,
661,BLACKWOOD MAIN-463,BLACKWOOD MAIN,WONNA STREET,EDEN HILLS,WONNA STREET,EDEN HILLS,WONNA STREET|EDEN HILLS,No,Failed,Failed,Reviewed vicinity anchor,Reviewed resolution,Active,Yes,Moderate,Yes,WILPENA STREET|EDEN HILLS,"1 WILPENA STREET, EDEN HILLS SA","1 WILPENA STREET, EDEN HILLS, SOUTH AUSTRALIA, 5050",Reviewed Directions route vicinity anchor,100,-35.02198578104262,138.60785690140546,No,Directions place Wonna Street directly from Wilpena Street after Kooringa Street.,,
664,CORO EAST & CHERRY-33,CORO EAST & CHERRY,WOODCUTTERS ROAD,CORO EAST,WOODCUTTERS ROAD,CORO EAST,WOODCUTTERS ROAD|CORO EAST,No,Failed,Failed,Secondary-assisted official correction,Reviewed resolution,Active,Yes,High,No,,"WOODCUTTERS ROAD, CORO EAST SA","3 WOODCUTTERS ROAD, COROMANDEL EAST, SOUTH AUSTRALIA, 5157",Reviewed street-only,100,-35.04582172037968,138.66590527184047,No,"Reviewed spelling, street type or adjoining official locality; selected the lowest numbered matching official SAGAF_PLUS candidate for WOODCUTTERS ROAD, COROMANDEL EAST.",,
665,BLACKWOOD PARK-60,BLACKWOOD PARK,WOODLAKE DRIVE,CRAIGBURN FARM,WOODLAKE DRIVE,CRAIGBURN FARM,WOODLAKE DRIVE|CRAIGBURN FARM,No,Ambiguous,Ambiguous,Official candidate salvage,Reviewed resolution,Active,Yes,High,No,,"WOODLAKE DRIVE, CRAIGBURN FARM SA","6 WOODLAKE DRIVE, CRAIGBURN FARM, SOUTH AUSTRALIA, 5051",Reviewed street-only,100,-35.03653300629064,138.61459382960862,No,Lowest valid numbered address returned by the official SAGAF_PLUS street-only search; exact street and locality were already validated by the collector.,,
